code	name_fr	name_en	drink	kcal	fat	saturated	carbohydrates	sugars	fiber	protein	salt
1000	Pastis	Pastis (anise-flavoured spirit)	1	274	0	0	2.86	0	0	0	0
1001	Eau de vie de fruits	Fruit brandy or eau-de-vie	1	233	0	0	0.63	0	0	0	0.004
1002	Gin	Gin	1	265	0	0	0	0	0	0	0.005
1003	Liqueur	Liqueur	1	225	0.23	0.11	25.4	17.4	0	0.1	0.02
1004	Rhum	Rum	1	234	0	0	0	0	0	0	0.003
1005	Whisky	Whisky	1	252	0	0	0.096	0.096	0	0	0
1006	Vin doux	Wine, sweet	1	148	0	0	9.96	7.78	0	0.2	0.023
1007	Apéritif à base de vin ou vermouth	Wine-based aperitif	1	137	0	0	11.3	11.1	0	0.054	0.038
1008	Vodka	Vodka	1	250	0	0	0	0	0	0	0.003
1011	Apéritif anisé sans alcool, à diluer	Pastis, alcohol-free, to be diluted	1	6	0	0	1	0.03	1	0	0.038
1012	Cocktail à base de rhum	Cocktail, rum-based	1	121	2.19	1.64	7.74	7.74	0.3	0	0.015
1013	Cocktail à base de whisky	Cocktail, whisky-based	1	166	0.02	0.003	15.8	15.8	0	0	0.12
1014	Alcool pur	Pure alcohol	1	660	0	0	0	0	0	0	0
1015	Marsala	Marsala wine	1	211	0	0	27.9	27.9	0	0.1	0.01
1016	Marsala aux oeufs	Marsala with eggs	1	153	0	0	12.4	12.4	0	0	0
1017	Sangria, faite maison	Sangria	1	88.7	0.05	0	11	9.5	0	0	0.007
1018	Kir (vin blanc, crème de cassis)	Kir (white wine with blackcurrant liqueur)	1	74.7	0	0	3.3	3.3	0	0.18	0.004
1019	Kir royal (champagne, crème de cassis)	Kir royal (champagne with blackcurrant liqueur)	1	87.3	0	0	5.66	5.66	0	0.25	0.004
1021	Crème de cassis	Blackcurrant liqueur	1	245	0	0	41	40.9	0	0	0
1022	Cocktail type punch, 16% alcool, préemballé	Cocktail, punch type, 16% alcohol, prepacked	1	159	0	0	17.8	17.8	0	0.6	0.042
1023	Eau de vie de vin type armagnac ou cognac	Brandy, Armagnac or Cognac type	1	222	0	0	0.76	0	0	0	0.002
1026	Saké ou alcool de riz	Sake or rice wine	1	113	0	0	0	0	0	0	0.005
1027	Spécialité végétale type fromage à tartiner, au soja, préemballée	Plant-based spread-cheese type, with soybean, prepacked	0	174	13.1	1.87	1.05	0	0	11.7	1.15
1028	Spécialité végétale type fromage, à la noix de cajou, préemballée	Plant-based cheese, with cashew, prepacked	0	441	35.3	5.78	15.2	0.28	2.6	14.5	0.88
1029	Spécialité végétale type fromage en tranche ou râpé, sans soja, préemballée	Plant-based cheese, without soybean, prepacked	0	271	20.1	17.4	21.2	0.25	2.3	0.25	1.88
1030	Fines tranches végétales, préemballées	Plant-based ham, prepacked	0	242	11.1	0.89	4.13	0.93	3.2	29.7	1.62
1031	Spécialité végétale type pâté, préemballée	Plant-based pâté, prepacked	0	197	15.4	4.13	9.45	1.49	2.96	3.56	1.27
1032	Haché à base de boeuf et soja, préemballé	Burger from beef and soybean, prepacked	0	214	14.6	6.29	2.48	0.7	4.5	15	0.83
1033	Nuggets ou croquette panée de poulet (contenant du soja), préemballé	Chicken nuggets (with soybean), breaded croquette, prepacked	0	220	10.3	1.8	16.7	1.74	2	13.4	1.36
1034	Saucisse de volaille type knack (contenant du soja), préemballée	Poultry sausage (with soybean), prepacked	0	208	15.8	4.75	2.72	0.64	1.1	12.1	2.84
2000	Jus d'ananas, à base de concentré	Pineapple juice, from concentrate	1	52.3	0.096	0.044	11.9	11.9	0.18	0.41	0.011
2002	Jus multifruit, pur jus, multivitaminé	Multifruit juice, pure juice, multivitamin	1	48.4	0.1	0	11.3	11	0.25	0.48	0.004
2004	Jus de fruits (aliment moyen)	Fruit juice (average)	1	46.8	0.13	0.04	10.2	9.98	0.28	0.53	0.012
2006	Jus de carotte, pur jus	Carrot juice, pure juice	1	29.4	0.1	0.037	6.55	5.95	0.33	0.4	0.1
2007	Jus de citron, fait maison	Lemon juice, homemade	1	28.6	0.24	0.04	2.52	2.52	0.3	0.35	0.006
2008	Cocktail ou boisson apéritive sans alcool à base de jus de fruits et de sirop	Cocktail, alcohol-free (juices and syrup-based cocktail)	1	46	0		10.9	10.8	0.36	0.42	0.006
2009	Nectar multifruit, base pomme, standard	Multifruit nectar, apple base, standard	1	41.1	0		10	10	0	0.28	
2010	Nectar multifruit, base pomme, multivitaminé	Multifruit nectar, apple base, multivitamin	1	36.4	0		9.1	9.1	0	0.05	
2011	Jus multifruit, base orange, multivitaminé	Multifruit juice, orange base, multivitamin	1	45.5	0		11.3	11.1	0	0.25	0.008
2012	Jus d'orange, à base de concentré	Orange juice, from concentrate	1	45.6	0.13	0.034	9.59	9.59	0.25	0.63	0.008
2013	Jus d'orange, frais	Orange juice, fresh	1	44.8	0.2	0.024	9.19	8.4	0.2	0.7	0
2014	Jus de pomme, à base de concentré	Apple juice, from concentrate	1	48.5	0.098	0.033	11.3	10.8	0.3	0.24	0.014
2015	Jus de pamplemousse (pomélo), à base de concentré	Grapefruit juice, from concentrate	1	40.9	0.1	0.074	8.41	8.41	0.21	0.52	0.01
2016	Jus de raisin, pur jus	Grape juice, pure juice	1	69.2	0.057	0.031	16.3	16	0.14	0.25	0.009
2017	Jus de grenade, pur jus	Pomegranate juice, pure juice	1	54	0.29	0.077	12.7	12.7	0.1	0.15	0.023
2018	Jus de pruneau	Prune juice	1	77.4	0.039	0.003	18.7	13.5	0.45	0.37	0.025
2019	Jus de raisin, à base de concentré	Grape juice, from concentrate	1	67.1	0.11	0.055	16	16	0.15	0.31	0.007
2022	Nectar de fraise	Strawberry nectar	1	47.5	0.1	0	11.3	11	0.1	0.3	0.005
2023	Jus de mangue, frais	Mango juice, fresh	1	38.8	0	0	9.5	9.3	0	0.19	0.028
2024	Jus de fruit de la passion ou maracudja, frais	Passion fruit juice, fresh	1	61.7	0.18	0.015	14.3	14.3	0.2	0.67	0.015
2025	Jus de pamplemousse (pomélo), frais	Grapefruit juice, fresh	1	43.7	0.1	0.014	9.1	9.1	0.1	0.5	0.003
2026	Jus de tomate, pur jus, salé à 3 g/L	Tomato juice, pure juice, 3 g salt/L	1	23.2	0.17	0	4.13	4.13	0.23	0.88	0.3
2027	Jus de pamplemousse (pomelo), pur jus	Grapefruit juice, pure juice	1	42.5	0.083	0.044	8.89	8.89	0.15	0.49	0.008
2028	Jus de citron, pur jus	Lemon juice, pure juice	1	29.4	0.29	0.038	6.1	2.4	0.4	0.4	0.053
2030	Jus de citron vert, frais	Lime juice, fresh	1	9.87	0.07	0.008	1.69	1.69	0.4	0.42	0.005
2031	Jus de citron vert, pur jus	Lime juice, pure juice	1	25.7	0.23	0.026	1.69	1.69	0.45	0.25	0.026
2032	Jus de tomate, pur jus, salé à 6 g/L	Tomato juice, pure juice, 6 g salt/L	1	20.1	0.11	0.07	3.32	3.3	0.56	0.88	0.6
2033	Jus multifruit, à base de jus et purée de fruits	Multifruit juice, juice and fruit puree	1	49.1	0.11	0.026	11.5	11.3	0.21	0.46	0.01
2034	Jus de clémentine ou mandarine, pur jus	Mandarin or clementine juice, pure juice	1	46.7	0.14	0.043	10.4	10	0.15	0.66	0.009
2035	Jus multifruit, pur jus, standard	Multifruit juice, pure juice, standard	1	46.5	0	0	11.2	10.1	0	0.25	0.002
2036	Jus multifruit, base raisin, standard	Multifruit juice, grape base, standard	1	54.6	0	0	13	13	0.3	0.5	0.003
2038	Jus multifruit, base orange, standard	Multifruit juice, orange base, standard	1	46.8	0.16	0.05	10.4	10.1	0.44	0.7	0.069
2039	Jus de grenade, frais	Pomegranate juice, fresh	1	47.2	0	0	11.6	11.6	0	0.2	0.003
2040	Jus de cerise des Antilles ou d'acérola, frais	Acerola juice, fresh	1	22.9	0.3	0.068	4.5	4.5	0.3	0.4	0.007
2043	Nectar d'abricot	Apricot nectar	1	58.6	0.03	0.005	13.7	11	0.08	0.21	0.004
2045	Nectar de papaye	Papaya nectar	1	58.9	0.15	0.047	13.9	13.9	0.6	0.17	0.013
2048	Jus multifruit, base pomme, standard	Multifruit juice, apple base, standard	1	49.9	0		12.2	10.1	0	0.33	0
2050	Jus multifruit, base pomme, multivitaminé	Multifruit juice, apple base, multivitamin	1	41.9	0		10.1	10.1	0	0.33	
2052	Jus de fruit(s) et de légume(s), pur jus	Fruit and vegetable juice, pure juice	1	42.8	0	0	9.5	8.6	0.7	0.85	0
2053	Jus de tomate, pur jus (aliment moyen)	Tomato juice, pure juice (average)	1	21.7	0.14	0.035	3.73	3.72	0.4	0.88	0.45
2054	Nectar de poire	Pear nectar	1	62.5	0.043	0.001	14.8	11.4	0.45	0.19	0.003
2060	Nectar multifruit, multivitaminé	Multifruit nectar, multivitamin	1	47.2	0.1	0.007	11.3	10.9	0.15	0.24	0.016
2061	Nectar multifruit, standard	Multifruit nectar, standard	1	49.7	0.089	0.013	11.5	11	0.3	0.3	0.009
2062	Nectar multifruit, base orange, multivitaminé	Multifruit nectar, orange base, multivitamin	1	42.6	0		10.3	10.3	0	0.4	
2063	Nectar multifruit, base orange, standard	Multifruit nectar, orange base, standard	1	50.2	0.1	0.05	11.9	11.4	0.33	0.25	0.019
2064	Nectar, avec édulcorants, allégé en sucres	Fruit nectar, with sweetener(s), reduced sugar	1	23.2	0.037	0.007	5.49	5.23	0.11	0.17	0.01
2069	Jus multifruit, à base de concentré, standard	Multifruit juice, from concentrate, standard	1	49.6	0.15	0.021	11.2	10.8	0.62	0.52	0.02
2070	Jus d'orange, pur jus	Orange juice, pure juice	1	45.4	0.11	0.053	9.61	9.61	0.28	0.61	0.012
2071	Jus multifruit, à base de concentré, multivitaminé	Multifruit juice, from concentrate, multivitamin	1	45.5	0.091	0.051	10.8	10.3	0.27	0.29	0.019
2072	Jus de fruits, pur jus (aliment moyen)	Fruit juice, pure juice (average)	1	46.6	0.11	0.046	10.2	10	0.26	0.51	0.013
2073	Jus d'ananas, pur jus	Pineapple juice, pure juice	1	52.9	0.074	0.031	12.1	12.1	0.22	0.41	0.013
2074	Jus de pomme, pur jus	Apple juice, pure juice	1	48.9	0.14	0.046	11.4	10.9	0.23	0.17	0.022
2075	Jus de légumes, pur jus (aliment moyen)	Vegetable juice, pure juice (average)	1	24.3	0.13	0.036	4.69	4.48	0.37	0.72	0.33
2076	Nectar de pomme	Apple nectar	1	44.9	0.075	0.05	10.9	10.6	0.1	0.14	0.01
2077	Jus de fruits, à base de concentré (aliment moyen)	Fruit juice, from concentrate (average)	1	47.6	0.13	0.031	10.4	10.2	0.36	0.55	0.012
2365	Nectar de fruit de la passion ou maracuja	Passion fruit nectar	1	68	0.1	0	15.2	13	0	0.3	0.025
2366	Nectar de banane	Banana nectar	1	53.8	0.048	0.03	12.8	12.6	0.51	0.23	0.005
2367	Nectar de goyave	Guava nectar	1	48	0.23	0.01	10.9	10.2	0.15	0.14	0.003
2370	Nectar de mangue	Mango nectar	1	52.1	0.08	0.043	11.3	11.3	0.16	0.21	0.005
2371	Nectar de pêche	Peach nectar	1	50.3	0.05	0.002	12.1	11.9	0.33	0.22	0.011
2374	Nectar d'ananas	Pineapple nectar	1	52.4	0	0	13	11.2	0	0.1	0
2375	Nectar d'orange	Orange nectar	1	41.6	0.086	0.007	9.19	9.19	0.2	0.32	0.018
2377	Jus d'orange sanguine, pur jus	Blood orange juice, pure juice	1	45.6	0.1	0.043	10.2	9.75	0.68	0.63	0.01
2381	Jus de canneberge ou cranberry	Cranberry juice	1	49.8	0.13	0.01	12.1	12.1	0.1		0.005
2500	Smoothie, sans précision sur la teneur en fruits et les ingrédients autres que fruits	Smoothie, no precision on fruit content and other ingredients	1	60.2	0.26	0.17	12.9	11.7	1.08	0.62	0.01
3000	Lait 1er âge, poudre soluble (préparation pour nourrissons)	Baby milk, infant formula, powder	0	496	25.3		55	38.7	2.48	10.9	0.55
3002	Lait 2e âge, poudre soluble (préparation de suite)	Baby milk, follow-on formula, powder	0	484	23.2		56.3	36.4	2.14	11.6	0.46
4000	Tapioca ou perles du Japon, cru	Tapioca, raw	0	354	0.02	0.005	87.8	3.35	0.9	0.19	0.003
4002	Pomme de terre, sans peau, rôtie/cuite au four	Potato, peeled, roasted/baked	0	91.9	0.1	0.026	20.1	1.7	1.5	1.96	0.004
4003	Pomme de terre, bouillie/cuite à l'eau	Potato, boiled/cooked in water	0	81	0.34	0.094	16.8	0.86	1.8	1.8	0.051
4004	Chips de pommes de terre nature ou aromatisées	Potato, crisps, plain or flavoured, standard	0	532	32.7	2.92	51	1.49	4.7	6	1.35
4007	Pomme de terre nouvelle ou primeur, bouillie/cuite à l'eau	Potato, new, boiled/cooked in water	0	71.6	0.3		15	1	1.6	1.44	0.025
4008	Pomme de terre, sans peau, crue	Potato, peeled, raw	0	80	0.09	0.026	16.2	0.78	2.2	2.02	0
4011	Pomme de terre, appertisée, égouttée	Potato, canned, drained	0	57.2	0.41	0.054	10.7	0.65	2.15	1.58	0.15
4013	Pomme de terre noisette, surgelée, à cuire	Noisette potato, frozen, raw	0	179	7.02	1.07	25.3	0.56	2.42	2.44	0.95
4014	Pomme de terre vapeur, sous vide	Potato, steamed, vacuum-packed	0	76	0.25	0.039	15.8	0.5	2.02	1.84	0.14
4015	Pomme de terre poêlée, avec matière grasse	Potato, sautéed/pan-fried with fat	0	137	5.7	1.16	17.3	2.2	2.6	2.5	0.51
4016	Flocons de pomme de terre, au lait ou à la crème, déshydratés	Potato flakes, dehydrated, with milk or cream	0	376	3.97	3.39	71	6	8	10.1	0.18
4017	Purée de pomme de terre, à base de flocons, reconstituée avec lait entier et matière grasse	Mashed potatoes, made from flakes, reconstituted with whole milk, with added fat	0	107	5.18	1.87	12.6	1.68	1.47	1.92	0.56
4018	Purée de pomme de terre, avec lait et beurre, sans sel ajouté	Mashed potatoes, prepared with milk and butter, no added salt	0	94.8	2.4	1.46	15.7	1.46	1.5	1.89	0.11
4019	Purée de pomme de terre, à base de flocons, reconstituée avec lait demi-écrémé et eau, non salée	Mashed potatoes, made from flakes, reconstituted with semi-skimmed milk and water, no added salt	0	68.5	0.53	0.35	12.4	1.75	1.8	2.63	0.23
4020	Pomme de terre dauphine, surgelée, à cuire	Dauphine potato, frozen, raw	0	242	15.7	2.01	19.7	3.19	2.27	4.25	1.15
4021	Pomme de terre dauphine, surgelée, cuite	Dauphine potato, frozen, cooked	0	302	17.7	3.39	30.2	3.5	2	4.5	1.32
4022	Flocons de pomme de terre, nature, déshydratés	Potato flakes, dehydrated, plain	0	346	0.41	0.17	73.5	2.35	8.05	8	0.55
4023	Pomme de terre nouvelle ou primeur, crue	Potato, new, raw	0	76.4	0.3	0.058	15.8	0.2	1.35	1.94	0.058
4025	Potatoes ou wedges ou quartiers de pommes de terre épicés, surgelées, cuites	Potato wedge, spiced, frozen, cooked	0	175	5.8	0.64	25.3	0	3.4	3.25	0.76
4026	Pomme de terre, rôtie/cuite au four	Potato, roasted/baked	0	91.4	0.13	0.035	19	1.18	2.2	2.5	0.025
4027	Pomme de terre sautée/poêlée/rissolée, préfrite, surgelée, cuite	Potato, sautéed/pan-fried, pre-fried, frozen, cooked	0	156	4.8	0.61	23	0	4	2.81	0.19
4028	Pomme de terre de conservation, sans peau, bouillie/cuite à l'eau	Potato, ware, peeled, boiled/cooked in water	0	72.6	0		15.4	0	1.9	1.81	0
4029	Pomme de terre nouvelle ou primeur, bouillie/cuite à l'eau, sans peau	Potato, early, peeled, boiled/cooked in water	0	71.1	0		14.9		2.13	1.84	
4030	Frites de pommes de terre, surgelées, rôties/cuites au four	French fries or chips, frozen, roasted/baked	0	213	6.6	0.75	32.6	0.2	4.2	3.75	0.39
4032	Frites de pommes de terre, surgelées, cuites en friteuse	French fries or chips, frozen, deep-fried	0	258	11.9	2.86	32.7	0.61	3.9	3.28	0.073
4034	Pomme de terre duchesse, surgelée, cuite	Duchesse potato, frozen, cooked	0	218	8.5	0.96	29.6	0	4.8	3.44	0.99
4035	Pomme de terre noisette, surgelée, cuite	Noisette potato, frozen, cooked	0	191	6.6	0.94	28.4	0.2	3.4	2.81	0.87
4036	Pomme de terre sautée/poêlée/rissolée à la graisse de canard	Potato, sautéed/pan-fried with goose fat	0	200	11.4	3.24	20.8	1.51	2.33	2.44	0.65
4037	Chips de pommes de terre nature ou aromatisées, à l'ancienne	Potato crisps, plain or flavoured, old style	0	551	36.9	3.25	46.7	1.02	4.7	5.62	1.41
4038	Chips de pommes de terre nature ou aromatisées, allégées en matière grasse (et assimilés )	Potato crisps and similar, plain or flavoured, reduced fat	0	481	22.1	1.98	61.4	1.41	4.78	6.57	1.08
4039	Rostis ou galette de pomme de terre	Rostis	0	182	8.3	1.06	22.5	0.2	3.3	2.38	0.82
4040	Purée de pomme de terre, avec lait et beurre, salée	Mashed potatoes, prepared with milk and butter, salted	0	117	6.7	3.7	11.3	1.28	1.79	1.98	0.6
4041	Aligot (purée de pomme de terre à la tomme fraîche), préemballé	Mashed potatoes with fresh tome cheese, prepacked	0	195	13.3	8.25	9.5	0.57	1.3	8.06	1
4042	Pomme de terre duchesse, surgelée, à cuire	Duchesse potato, frozen, raw	0	157	6.26	0.82	21.4	0.4	2.54	2.41	0.86
4043	Pomme de terre sautée/poêlée/rissolée, préfrite, surgelée, à cuire	Potato, sautéed/pan-fried, pre-fried, frozen, raw	0	137	4.5	0.68	20.4	0.57	2.54	2.35	0.18
4044	Frites de pommes de terre, surgelées, préfrites, pour cuisson au four	French fries or chips, frozen, pre-fried, raw, to cook in the oven	0	142	4.73	0.65	21	0.38	2.77	2.38	0.36
4045	Frites de pommes de terre, surgelées, préfrites, pour cuisson micro-onde	French fries or chips, frozen, pre-fried, aw, to be microwave	0	223	10.2	1.09	27.2	0.42	4.39	3.26	0.23
4046	Frites de pommes de terre, surgelées, préfrites, pour cuisson en friteuse	French fries or chips, frozen, pre-fried, raw, to deep-fry	0	244	12.1	4.09	29.1	0.48	3.39	3.12	0.12
4047	Purée de pomme de terre (aliment moyen)	Mashed potatoes (average)	0	96.8	3.7	1.84	13	1.54	1.64	2.1	0.37
4048	Pomme de terre, cuite (aliment moyen)	Potato, cooked (average food)	0	94.9	1.58	0.44	17.2	0.83	2.15	2.05	0.12
4049	Croquette de pomme de terre, surgelée, à cuire	Potato, croquette, frozen, raw	0	164	6.59	0.87	22.4	0.59	2.43	2.52	0.8
4050	Chips de pommes de terre nature ou aromatisées, sans sel ajouté	Potato, crisps, plain or flavoured, no added salt	0	503	30.8	2.87	47.6	0.83	5.05	6.2	0.033
4051	Poêlée de pommes de terre à la sarladaise (graisse de canard, ail et persil), surgelée, à cuire	Potato, sarladaise-style (goose fat, garlic and parsley), frozen, raw	0	203	11.6	3.54	20.9	1.22	2.84	2.27	0.66
4052	Potatoes ou wedges ou quartiers de pommes de terre épicés, surgelées, à cuire	Potato wedge, spiced, frozen, raw	0	141	5	0.59	20.3	0.52	2.64	2.48	0.62
4053	Pomme de terre grenaille, préfrite, surgelée, à cuire	Potato, grenaille, pre-fried, frozen, raw	0	133	5.3	1.02	17.9	2.23	2.16	2.4	0.42
4090	Fécule de pomme de terre	Potato starch	0	348	0.2	0.039	86.3		0.55	0	0.009
4101	Patate douce, crue	Sweet potato, raw	0	81.2	0.05	0.018	17.1	4.18	3	1.57	0.14
4102	Patate douce, cuite	Sweet potato, cooked	0	79.1	0.15	0.042	16.3	6.11	2.9	1.69	0.079
4103	Patate douce, purée, cuisinée à la crème	Sweet potato, puree, cooked with cream	0	79.8	2	1.4	12.1	7.5	4.5	1.1	0.56
5000	Bière brune	Beer, dark	1	40.5	0	0	4.1	4.1	0	0.43	0.029
5001	Bière "coeur de marché" (4-5° alcool)	Beer, regular (4-5° alcohol)	1	39	0	0	3.12	0.05	0	0.39	0.005
5002	Bière forte (>8° alcool)	Beer, strong (>8° alcohol)	1	62.5	0	0	4.6		0	0.51	0.017
5003	Cidre (aliment moyen)	Cider (average)	1	36.5	0	0	3.67	3.23	0	0.075	0.01
5004	Panaché (limonade et bière)	Shandy (beer + lemonade)	1	39	0	0	6.33	5.4	0	0	0.005
5005	Panaché préemballé (<1° alc.), aromatisé ou non	Shandy, prepacked (<1° alcohol), flavoured or plain	1	32	0.021	0	7.11	6.47	0.21	0.005	0.005
5006	Cidre brut	Cider, dry	1	35.9	0	0	2.62	2.22	0	0	0.01
5007	Cidre doux	Cider, sweet	1	38.9	0	0	6.4	5.8	0	0.25	0.01
5008	Bière faiblement alcoolisée (3° alcool)	Beer, low alcohol-content (3° alcohol)	1	35.3	0	0	4.62	1.33	0	0.31	0.005
5009	Bière blanche	Beer, white	1	60.9	0	0	7.55	0	0	0.5	0.007
5010	Bière "spéciale" (5-6° alcool)	Beer, special (5-6° alcohol)	1	56	0	0	4.55	0	0	0.48	0.005
5011	Bière "de spécialités" ou d'abbaye, régionales ou d'une brasserie (degré d'alcool variable)	Beer, from an abbey or brewery (variable alcohol content)	1	47.1	0	0	3.2	0.25	0	0.51	0.009
5020	Cidre traditionnel	Cider, traditionnal	1	32.5	0	0	1.87	1.58	0	0	0.013
5021	Cidre bouché demi-sec	Cider, half-dry	1	44.3	0	0	4.4	3.7	0	0.25	0.007
5022	Cidre aromatisé aux fruits	Cider, fruit-flavoured	1	38.4	0	0	7.07	6.57	0	0.25	0.008
5029	Bière sans alcool, sucrée, aromatisée ou au jus de fruits	Beer, alcohol-free, sweetened, flavoured or with fruit juice	1	30.6	0.041	0.016	7.36	5.5	0.19	0.2	0.005
5030	Bière sans alcool (<1,2° alcool) et sans sucres ajoutés, aromatisée ou non	Beer, alcohol-free (<1,2° alcohol), without added sugars, flavoured or unflavoured	1	29.4	0.053	0.008	6.08	3.27	0	0.2	0.005
5100	Pétillant de fruits	Sparkling fruit wine	1	65.7	0	0	6.95	6.95	0	0	0.007
5201	Vin blanc mousseux	Wine, white, sparkling	1	72.3	0	0	1.78	1.78	0	0.1	0.004
5207	Champagne	Champagne	1	76.1	0	0	1.4	1.4	0	0.3	0.005
5209	Vin blanc mousseux aromatisé	Wine, white, sparkling, flavoured	1	83.5	0	0	5.1	5.1	0	0.2	0.033
5210	Vin (aliment moyen)	Wine (average)	1	76.7	0	0	0.96	0.83	0	0.16	0.61
5214	Vin rouge	Wine, red	1	75.7	0	0	0	0	0	0.16	0
5215	Vin blanc sec	Wine, white, dry	1	55.3	0	0	0.17	0.17	0	0.25	0.006
5216	Vin rosé	Wine, rose	1	69.2	0	0	1.4	1.4	0	0.15	0.01
5217	Vin cuisiné (alcool évaporé)	Wine, cooked (alcohol evaporated)	0	15	0	0	3.66		0	0.1	0.007
5219	Alcool fort (type rhum), cuisiné (alcool évaporé)	Rum, cooked (alohol evaporated)	0	0.002	0	0	0	0	0	0	0.004
6001	Boeuf, côte crue	Beef, rib, raw	0	251	19.6		0	0	0	18.7	0.16
6002	Boeuf, épaule crue	Beef, shoulder, raw	0	130	4.97	1.96	0	0	0	21.4	0.18
6003	Boeuf, basse-côte crue	Beef, chuck steak, raw	0	201	13.2	5.94	1.45	0	0	19	0.17
6100	Boeuf, entrecôte, partie maigre grillée/poêlée	Beef, rib steak, lean, grilled/pan-fried	0	198	10.7	4.75	0	0	0	25.5	0.15
6101	Boeuf braisé	Beef, braised	0	240	12.4	5.72	0	0	0	32.1	0.15
6102	Boeuf, gîte à la noix cru	Beef, round, raw	0	187	11.5	4.54	0	0	0	20.7	0.14
6103	Boeuf, entrecôte crue	Beef, rib steak, raw	0	231	17.1	8.07	0	0	0	19.4	0.075
6104	Boeuf, gîte à la noix cuit	Beef, round, cooked	0	102	1.9	0.8	0.2	0	0	21	
6105	Boeuf, faux-filet rôti/cuit au four	Beef, sirloin steak, roasted/baked	0	194	8.71	3.62	0	0	0	28.8	
6106	Boeuf, rond de gîte cru	Beef, eye of round, raw	0	111	2.02	0.73	0.38	0	0	22.9	0.15
6110	Boeuf, faux-filet grillé/poêlé	Beef, sirloin steak, grilled/pan-fried	0	182	8.17	3.39	0	0	0	27.1	0.14
6111	Boeuf, faux-filet cru	Beef, sirloin steak, raw	0	152	6.74		0.6	0	0	22.3	0.082
6116	Boeuf, filet cru	Beef, tenderloin, raw	0	132	4.95	2.06	0.22	0	0	21.6	0.15
6122	Boeuf, plat de côtes cru	Beef, short ribs, raw	0	287	23.7	10.6	0	0	0	18.4	0.12
6123	Boeuf, plat de côtes braisé ou bouilli/cuit à l'eau	Beef, short ribs, braised or boiled	0	269	13.3	5.58	0	0	0	37.3	0.13
6130	Boeuf, hampe crue	Beef, thin flank, raw	0	154	8.63	3.91	0	0	0	19	0.15
6131	Boeuf, hampe grillée/poêlée	Beef, thin flank, grilled/pan-fried	0	174	9.76	4.36	0	0	0	21.6	
6140	Boeuf, joue crue	Beef, cheek, raw	0	136	5.02	1.81	0.4	0	0	22.3	0.18
6141	Boeuf, joue, braisée ou bouillie/cuite à l'eau	Beef, cheek, braised or boiled	0	236	8.82	3.19	0	0	0	39.2	
6151	Boeuf, jarret bouilli/cuit à l'eau	Beef, knuckle, boiled/cooked in water	0	161	4.1	1.13	0	0	0	31	
6160	Boeuf, tende de tranche crue	Beef, topside, raw	0	116	2.34	0.8	0.57	0	0	23.1	0.078
6161	Boeuf, tende de tranche grillée/poêlée	Beef, topside, grilled/pan-fried	0	141	2.92	0.98	0	0	0	28.7	
6162	Boeuf, tende de tranche rôtie/cuite au four	Beef, topside, roasted/baked	0	146	3.03	1.03	0	0	0	29.8	
6200	Boeuf, steak ou bifteck grillé/poêlé	Beef, steak or beef steak, grilled/pan-fried	0	128	1.95	0.98	0	0	0	27.6	0.16
6201	Boeuf, steak ou bifteck cru	Beef, steak or beef steak, raw	0	229	17.2	6.91	0.06	0	0	18.7	0.15
6202	Boeuf, boule de macreuse crue	Beef, bolar-blade, raw	0	118	3.36	1.23	0	0	0	21.8	0.097
6204	Boeuf, onglet cru	Beef, hanger steak, raw	0	138	6.18	2.76	0.62	0	0	19.9	0.18
6205	Boeuf, onglet grillé/poêlé	Beef, hanger steak, grilled/pan-fried	0	171	8.8		0	0	0	23	
6206	Boeuf, rumsteck cru	Beef, rump steak, raw	0	118	2.5	0.78	0.4	0	0	23.5	0.14
6207	Boeuf, rumsteck grillé/poêlé	Beef, rump steak, grilled/pan-fried	0	138	2.1	0.81	0	0	0	29	0.16
6208	Boeuf, boule de macreuse grillée/poêlée	Beef, bolar-blade, grilled/pan-fried	0	144	4.11	1.53	0	0	0	26.7	
6210	Boeuf, rosbif rôti/cuit au four	Beef, roast beef, roasted/baked	0	126	3.16	0.62	0.3	0	0	24.1	0
6211	Boeuf, bavette d'aloyau grillée/poêlée	Beef, flank steak, grilled/pan-fried	0	162	6.94	2.73	0	0	0	25	
6212	Boeuf, bavette d'aloyau crue	Beef, flank steak, raw	0	133	5.67	2.2	0	0	0	20.4	0.085
6214	Boeuf, boule de macreuse rôtie/cuite au four	Beef, bolar-blade, roasted/baked	0	147	4.2	1.59	0	0	0	27.3	
6230	Boeuf, à bourguignon ou pot-au-feu, cuit	Beef, stewing meat, cooked	0	172	4.05	2.77	0	0	0	34	0.15
6231	Boeuf, à bourguignon ou pot-au-feu, cru	Beef, stewing meat, raw	0	164	7.5	2.7	0	0	0	24	0.1
6240	Boeuf, collier cru	Beef, neck, raw	0	198	12.7	5.41	0.78	0	0	20.1	0.17
6241	Boeuf, collier braisé	Beef, neck, braised	0	184	5.8	1.97	0	0	0	33	
6250	Boeuf, steak haché 5% MG cru	Beef, minced steak, 5% fat, raw	0	130	4.59	1.64	0.3	0	0	21.9	0.097
6251	Boeuf, steak haché 5% MG cuit	Beef, minced steak, 5% fat, cooked	0	155	5.85	2.89	0	0	0	25.5	0.16
6252	Boeuf, steak haché 10% MG cru	Beef, minced steak, 10% fat, raw	0	170	10	3.93	0	0	0	20	0.17
6253	Boeuf, steak haché 10% MG cuit	Beef, minced steak, 10% fat, cooked	0	210	11.8	4.63	0	0	0	26.1	0.17
6254	Boeuf, steak haché 15% MG cru	Beef, minced steak, 15% fat, raw	0	215	14.8	6.86	0.47	0	0	20.2	0.1
6255	Boeuf, steak haché 15% MG cuit	Beef, minced steak, 15% fat, cooked	0	239	16.1	5.9	0	0	0	23.6	0.21
6256	Boeuf, steak haché 20% MG cru	Beef, minced steak, 20% fat, raw	0	249	20	7.58	0	0	0	17.2	0.17
6257	Boeuf, steak haché 20% MG cuit	Beef, minced steak, 20% fat, cooked	0	265	19.2	8.14	0	0	0	23	0.19
6259	Boeuf, steak haché, cuit (aliment moyen)	Beef, ground, cooked (average)	0	229	14.9	5.57	0	0	0	23.8	0.2
6270	Boeuf, paleron cru	Beef, chuck, raw	0	144	6.54	2.59	0	0	0	21.2	0.12
6271	Boeuf, paleron, braisé ou bouilli/cuit à l'eau	Beef, chuck, braised or boiled	0	251	11.4	4.5	0.2	0	0	36.8	0.17
6310	Boeuf, queue bouillie/cuite à l'eau	Beef, oxtail, boiled/cooked in water	0	196	9.3	3.72	0	0	0	28	
6311	Boeuf, queue crue	Beef, oxtail, raw	0	203	12.9	4.41	0.23	0	0	21.5	0.28
6510	Veau, côte crue	Veal, chop, raw	0	189	12.9	4.84	0	0	0	18.3	0.11
6511	Veau, côte grillée/poêlée	Veal, chop, grilled/pan-fried	0	156	6.24	2.11	0	0	0	25.1	0.25
6512	Veau, carré grillé/poêlé	Veal, loin, grilled/pan-fried	0	171	6.6	2.64	0	0	0	28	
6513	Veau, carré cru	Veal, loin, raw	0	128	5.44	2.26	0.4	0	0	19.3	0.21
6520	Veau, escalope cuite	Veal, escalope, cooked	0	147	2.5	0.82	0	0	0	31	0.15
6521	Veau, escalope crue	Veal, escalope, raw	0	114	3.28	0.83	0.58	0	0	20.5	0.097
6522	Veau, noix,crue	Veal, tenderloin, raw	0	111	2.58	0.79	0	0	0	21.8	0.16
6523	Veau, noix grillée/poêlée	Veal, tenderloin, grilled/pan-fried	0	147	3.44	1.06	0	0	0	29.1	
6524	Veau, noix rôtie/cuite au four	Veal, tenderloin, roasted/baked	0	147	3.44	1.06	0	0	0	29.1	
6530	Veau, filet cru	Veal fillet, raw	0	95	1.4	0.5	0	0	0	20.6	0.24
6531	Veau, filet rôti/cuit au four	Veal fillet, roasted/baked	0	212	12.3	5.26	0.5	0	0	24.8	0.23
6535	Veau, steak haché 20% MG cru	Veal, minced steak, 20% fat, raw	0	243	19.5	8.5	0.4	0	0	16.7	0.19
6536	Veau, steak haché 15% MG cru	Veal, minced steak, 15% fat, raw	0	208	15	6.2	0	0	0	18.2	0.17
6540	Veau, poitrine crue	Veal, breast, raw	0	203	14.8	3.1	0	0	0	17.5	0.18
6550	Veau, rôti cru	Veal, roast, raw	0	145	3.96	2.27	0	0	0	27.3	0.2
6551	Veau, rôti cuit	Veal, roast, cooked	0	143	3.39	1.22	0	0	0	28.1	0.17
6560	Veau, épaule crue	Veal, shoulder, raw	0	124	4.63	1.55	0	0	0	20.7	0.15
6562	Veau, épaule grillée/poêlée	Veal, shoulder, grilled/pan-fried	0	166	6.17	2.07	0	0	0	27.6	
6563	Veau, épaule braisée ou bouillie	Veal, shoulder, braised or boiled	0	219	8.14	2.91	0	0	0	36.4	
6564	Veau, viande, cuite (aliment moyen)	Veal, meat, cooked (average)	0	164	5.25	1.87	0.011	0	0	29.1	0.19
6580	Veau, pied cru	Veal, foot, raw	0	184	12		0	0	0	19.1	0.12
6581	Veau, jarret braisé ou bouilli	Veal, knuckle or shank, braised or boiled	0	207	6.43	1.95	0	0	0	37.4	
6582	Veau, tête, bouillie/cuite à l'eau	Calf, head, boiled/cooked in water	0	187	11.4	4.18	0	0	0	21	
6583	Veau, jarret cru	Veal, knuckle or shank, raw	0	118	3.66	1.11	0	0	0	21.3	0.21
6584	Viande blanche, cuite (aliment moyen)	Meat, white, cooked (average)	0	177	7.12	2.45	0.1	0.002	0.002	28	0.18
6585	Viande rouge, cuite (aliment moyen)	Red meat, cooked (average)	0	170	7.22	2.81	0.025	0	0	26.3	0.21
6590	Veau, collier cru	Veal, neck, raw	0	133	5.92	1.99	0	0	0	19.8	0.15
6591	Veau, collier braisé ou bouilli	Veal, neck, braised or boiled	0	233	10.4	3.5	0	0	0	34.9	
6900	Cheval, viande crue	Horse, meat, raw	0	132	5.5	2.04	0.5	0	0	20.2	0.14
6901	Cheval, steak ou bifteck cru	Horse, steak, raw	0	129	4.6	1.44	0.4	0	0	21.4	0.13
6902	Cheval, viande rôtie/cuite au four	Horse, meat, roasted/baked	0	138	2.85	2.41	0	0	0	28	0.1
6903	Cheval, tende de tranche crue	Horse, topside, raw	0	106	1.68	0.48	0	0	0	22.7	
6904	Cheval, faux-filet cru	Horse, sirloin steak, raw	0	121	3.58	1.17	0	0	0	22.2	
6905	Cheval, entrecôte crue	Horse, rib steak, raw	0	118	3.34	1.08	0	0	0	22.1	
6906	Cheval, tende de tranche grillée/poêlée	Horse, topside, grilled/pan-fried	0	135	2.58	0.77	0	0	0	27.9	
6907	Cheval, faux-filet grillé/poêlé	Horse, sirloin steak, grilled/pan-fried	0	163	6.27	2.1	0	0	0	26.6	
6908	Cheval, entrecôte grillée/poêlée	Horse, rib steak, grilled/pan-fried	0	169	6.24	1.99	0	0	0	28.2	
6909	Cheval, faux-filet rôti/cuit au four	Horse, sirloin steak, roasted/baked	0	173	6.68	2.23	0	0	0	28.3	
6910	Cheval, tende de tranche rôtie/cuite au four	Horse, topside, roasted/baked	0	144	2.75	0.82	0	0	0	29.7	
6999	Viande cuite (aliment moyen)	Meat, cooked (average)	0	174	7.18	2.59	0.14	0.007	0.008	27.2	0.2
7000	Pain (aliment moyen)	Bread (average)	0	276	1.36	0.34	55	2.38	3.86	8.18	1.25
7001	Pain blanc (par ex. : baguette, boule…)	Bread, French bread, baguette	0	287	1.4	0.45	58.3	2.3	2.7	8.27	1.25
7002	Pain au levain	Bread, French bread, with yeast	0	261	1.3	0.17	53.1	2.4	2.1	7.41	1.25
7004	Pain blanc, passé au grille-pain	Bread, French bread, toasted	0	317	1.3	0.52	64	1.4	3.7	9.46	1.51
7007	Pain de tradition française (par ex. : baguette, boule…)	Bread, tradtion French bread	0	279	1	0.27	56.7	2.1	3.8	8.15	1.27
7009	Pain blanc précuit, à finir de cuire, préemballé	Bread, French bread, pre-cooked, to be recooked, prepacked	0	265	1.2	0.4	53.9	2.67	3.5	7.13	1.1
7010	Pain bis (à la farine T80 ou T110)	Brown French bread, with flour type 80 or 110	0	265	0.33	0.045	54	2.39	4.2	8.6	1.17
7013	Pain sans gluten précuit, à finir de cuire, préemballé	Bread, French bread, gluten free, pre-cooked, to be recooked, prepacked	0	234	5.29	1.1	39.8	2.65	7.22	2.88	1.16
7098	Pain aux céréales et/ou aux graines, préemballé	Country-style bread, French bread, multigrain and/or seeds, prepacked	0	282	7.6	0.76	39.7	4.9	5.8	8.27	1.15
7099	Pain de campagne, préemballé	Bread, French bread, prepacked	0	257	2.81	0.38	48.7	2.63	3.75	6.68	1.32
7100	Pain de campagne	French bread, country-style	0	253	1.3	0.42	50	2.5	4.3	7.52	1.18
7106	Pain complet au seigle, préemballé	Rye bread, whole grain, prepacked	0	213	0.9	0.24	39.5	4.17	8.2	5.7	1.24
7107	Pain aux graines sans gluten, préemballé	Bread, with seeds, gluten free, prepacked	0	266	8.55	1.11	38.8	3.05	6.76	4.74	1.22
7109	Pain de mie complet, sans croûte, préemballé	Sandwich loaf, wholemeal, crust less, prepacked	0	245	3.2	0.5	42.8	5.91	6.6	7.07	1.12
7110	Pain complet ou intégral (à la farine T150)	Bread, French bread, wholemeal or integral bread (made with flour type 150)	0	234	1.7	0.56	41.2	2.41	7.3	8.66	1.17
7111	Pain de mie complet, préemballé	Sandwich loaf, wholemeal, prepacked	0	257	4.1	0.57	41.8	5.63	7.3	7.3	1.07
7113	Pain de mie aux céréales et/ou graines, préemballé	Sandwich loaf, multigrain and/or with seeds, prepacked	0	290	6.6	1.07	43.5	5.6	5.9	8.84	1.07
7114	Pain azyme, préemballé	Bread, unleavened, prepacked	0	372	1.67	0.32	74.9	3.14	5.41	10.7	0.076
7115	Pain au son	Bread, bran grain	0	244	1.94	0.2	44.4	2.04	6.21	8.3	1.17
7116	Pain de mie blanc sans gluten, préemballé	Sandwich loaf, gluten free, prepacked	0	242	5.1	0.98	41.2	5.16	7.4	3.36	0.99
7117	Pain de mie blanc, sans sucres ajoutés, préemballé	Sandwich loaf, no added sugars, prepacked	0	290	5.9	0.74	48.1	6.13	4	7.01	1.14
7125	Pain de seigle et froment	Rye and wheat bread	0	260	1	0.32	51.5	2.4	4.5	8.27	1.13
7130	Pain sans gluten, préemballé	Bread, French bread, gluten free, prepacked	0	249	6.6	0.92	37.1	5.9	9.9	4.58	1.08
7160	Pain blanc, sans sel ajouté	Bread, French bread, no added salt	0	282	1.17	0.3	57	4.5	2.68	8.7	0.013
7170	Pain panini	Bread, panini	0	254	1.1	0.2	50.6	2.3	4.2	7.48	0.98
7180	Pain pita	Bread, pita	0	249	1.5	0.2	48.8	2.51	3.7	7.48	1.2
7200	Pain de mie blanc, préemballé	Sandwich loaf, prepacked	0	279	4.37	0.54	50.4	6.14	2.83	7.06	1.07
7201	Pain de mie blanc, sans croûte, préemballé	Sandwich loaf, crustless, prepacked	0	266	3.23	0.48	50.2	7.5	2.89	6.93	1.07
7210	Pain de mie brioché, préemballé	Brioche sandwich bread, prepacked	0	312	7.26	1.33	51.4	10.5	3.03	7.78	1.13
7225	Pain brioché ou viennois, artisanal	Brioche or Vienna bread, from bakery	0	338	11.2	6.25	48.6	7.51	1.9	8.89	1.14
7255	Pain aux céréales et/ou graines	Bread, multigrain and/or with seeds	0	269	3.2	0.45	46.9	2.2	5.2	9.58	1.13
7256	Muffin anglais complet, petit pain spécial, préemballé	English muffin, whole wheat flour, prepacked	0	205	1.7	0.35	31	7.88	8.1	10.9	0.92
7257	Muffin anglais, petit pain spécial, préemballé	English muffin, prepacked	0	228	1.1	0.43	42.5	6.17	3.8	9.06	0.9
7258	Pain bagel	Bread, bagel	0	301	4.58	1.08	53	6.48	2.7	9.83	1.02
7259	Pain pour burger ou hot dog (bun), préemballé	Rolls for burger/hotdog (buns), prepacked	0	283	4.9	0.84	47.2	6.46	3.5	8.21	1.13
7260	Pain blanc, fait maison (avec farine pour machine à pain)	Bread, French bread, home-made, with flour for home-made bread preparation	0	256	0.9	0.17	52.1		2.6	7.81	1.45
7261	Pain de campagne, fait maison (avec farine pour machine à pain)	Bread, French bread, home-made (with flour for bread making machine)	0	240	0.9	0.18	46.7		5.1	7.98	1.34
7262	Pain pour burger ou hot dog (bun) complet, préemballé	Rolls for burger/hotdog (buns), wholemeal, prepacked	0	296	6.16	0.94	48.2	6.74	5.18	8.56	1.05
7263	Bretzel, pain frais	Bretzel, fresh bread	0	330	7.1	0.95	54.6	3.58	3.8	9.18	3.35
7300	Biscotte classique	Rusk	0	394	5.43	1.29	73.2	6.92	4.32	10	1.36
7301	Biscotte briochée	Brioche rusk	0	440	11.3	5.04	72.1	9.87	5.7	8.61	1.15
7302	Biscotte au germe de blé	Rusk, wheat germ	0	386	5.4	0.97	69.9	5.1	6.6	10.1	1.28
7310	Biscotte, sans sel ajouté	Rusk, no added salt	0	402	5.1	0.98	74.7	6.91	5.6	10.6	0.007
7330	Biscotte aux céréales	Rusk, multigrain	0	404	7.3	1.02	68.1	4.81	7.6	11.5	1.79
7340	Biscotte au blé complet	Rusk, wholemeal	0	389	5.9	1.14	66	4.96	11	11.3	1.23
7347	Cracker de table aux graines	Wheat cracker, with seeds	0	445	17.7	2.51	49.9	1.67	11.6	14.3	1.86
7348	Cracker de table au fromage et aux graines	Wheat cracker, with cheese and seeds	0	455	18.5	5.84	47.3	2.24	10.4	17.9	1.87
7349	Cracker de table au blé complet	Wheat cracker, wholemeal	0	436	15.4	3.88	55.6	4.82	10.1	12.6	1.58
7351	Cracker de table au froment	Wheat crackers	0	442	12.3	5.66	68.6	1.63	4.1	10.4	1.87
7352	Galette de riz complet soufflé	Puffed rice textured bread, whole grain	0	381	3	0.75	77.9	0.55	3.4	8.39	0.22
7353	Galette de céréales soufflées	Puffed cereals textured bread	0	388	2.9	0.66	77.9	0.94	3.7	10.1	0.21
7354	Galette de maïs soufflé	Puffed corn/maize textured bread	0	387	1.9	0.45	83.5	0.74	3	7.02	0.36
7355	Galette de riz soufflé, nappée de chocolat	Puffed rice textured bread, with chocolate covering	0	494	23.2	13	60.7	26.3	5.1	7.32	0.048
7356	Galette de maïs soufflé, nappée de chocolat	Puffed corn/maize textured bread, with chocolate covering	0	481	20.8	12.2	63.2	22.8	5.05	7.3	0.063
7357	Galette de céréale(s) soufflée(s), aux graines	Puffed cereals textured bread, with seeds	0	382	3.88	0.77	77.7	0.58	4.63	8.53	0.43
7359	Tartine croustillante au seigle, source ou riche en fibres	Crispbread, with bran, source or rich in fibre	0	342	3	0.42	57.4	1.96	21.9	9.29	0.99
7399	Toast ou pain grillé brioché aux raisins secs, tranches, préemballé	Brioche rusk with raisins, sliced, prepacked	0	405	5.9	2.45	74.3	18.8	4.03	10.7	0.62
7400	Pain grillé au froment, tranches, préemballé	Rusk, slice, wheat, prepacked	0	399	6.2	2.12	71.8	3.24	6.4	9.75	1.48
7402	Pain grillé au blé complet, tranches, préemballé	Rusk, slice, wholewheat, prepacked	0	390	5.6	1.84	69.4	3.03	8	10.3	1.7
7403	Pain grillé brioché, tranches, préemballé	Brioche rusk, sliced, prepacked	0	427	11.3	5	67.6	8.4	4.9	10.2	1.04
7407	Petit pain grillé suédois au froment	Swedish toast, wheat	0	411	8.4	1.18	71.6	9.26	5.2	8.66	0.86
7409	Petit pain grillé suédois aux céréales et graines	Swedish toast, with grains and seeds	0	404	8.14	1	68.6	3.24	5.14	10.4	1.16
7410	Tartine craquante extrudée, classique	Crispbread, extruded and grilled, plain	0	385	3.6	0.79	75.8	7.8	4.8	9.01	1.6
7412	Tartine craquante, extrudée et grillée, fourrée au chocolat	Crispbread, extruded and grilled, chocolate filling	0	445	15.6	5.84	65.4	29.7	5.3	7.88	0.19
7413	Tartine craquante, extrudée et grillée, fourrée aux fruits	Crispbread, extruded and grilled, fruit filling	0	372	5.1	2.54	74.9	31.3	2.6	4.22	0.23
7414	Tartine craquante extrudées, source ou riche en fibres	Crispbread, extruded and grilled, source or rich in fibre	0	376	3.5	0.98	71.3	5.06	7.2	9.86	1.32
7419	Petit pain grillé suédois au blé complet, sans sucres ajoutés	Swedish toast, wholemeal, no added sugars	0	391	7.2	0.8	65	3.11	9.4	10.8	1.41
7420	Petit pain grillé suédois au blé complet	Swedish toast, whole wheat	0	402	8.6	0.93	65.8	5.68	9.3	9.69	1.27
7421	Petit pain grillé suédois aux fruits	Swedish toast, with fruits	0	386	4.9	0.5	73.8	11.5	3.8	8.85	1
7422	Petit pain grillé suédois brioché	Swedish toast with eggs	0	421	10.6	2.44	69.4	8.84	3.31	9.43	1.01
7425	Pain grillé aux céréales, tranches, préemballé	Rusk , slice, multigrain, prepacked	0	417	7.33	2.41	70	7	7.5	12.8	1.58
7431	Croûton, à tartiner, préemballé	Croutons, for spreads, prepacked	0	374	2.85	1.45	70	7.5	7	12.3	1.3
7432	Croûton nature, préemballé	Croutons, plain, prepacked	0	459	17.9	2.66	62.4	3.64	3.72	9.21	1.83
7500	Chapelure	Breadcrumbs	0	365	1.6	0.46	74.3	4.29	5.4	9.41	0.72
7525	Gressin, nature (sans sésame)	Grissini or bread stick, plain (without sesame)	0	428	10.5	3.21	68.8	1.93	4.25	11.4	1.94
7600	Viennoiserie (aliment moyen)	Viennese pastry (average)	0	385	17	8.33	49	12.9	2.43	7.63	1.03
7603	Croissant, sans précision (aliment moyen)	Croissant (average)	0	417	22.1	14	46.2	7.49	2.41	6.56	1.19
7615	Croissant ordinaire, artisanal	Croissant, ordinary, from bakery	0	412	21.1	11.6	47.6	7.88	1.8	6.33	1.31
7616	Croissant ordinaire, préemballé	Croissant, ordinary, prepacked	0	398	19.1	9.33	46.7	8.33	4.1	6.95	1.16
7619	Croissant pur beurre, sans précision (aliment moyen)	Croissant, pure butter (average)	0	420	22.6	15.1	45.7	7.3	2.5	6.61	1.16
7620	Croissant pur beurre, artisanal	Croissant, pure butter, from bakery	0	420	22.6	15.1	45.7	7.3	2.5	6.61	1.16
7621	Croissant pur beurre, préemballé	Croissant, pure butter, prepacked	0	388	18.9	11.1	45.7	9.79	3.7	6.27	0.91
7650	Croissant aux amandes, artisanal	Croissant with almonds, from bakery	0	449	29.1	14.9	36.5	14.4	3.7	7.62	0.79
7710	Pain au lait, artisanal	Milk roll, from bakery	0	376	15.4	8.34	49	9.62	1.5	8.55	1.1
7711	Pain au lait, préemballé	Milk roll, prepacked	0	357	12.3	4.14	50.5	11.5	3.5	8.69	1.06
7712	Pain au lait aux pépites de chocolat, préemballé	Milk roll filled with chocolate chips, prepacked	0	375	14.7	5.31	49.6	18.9	3.8	8.25	0.9
7719	Panettone (brioche italienne aux raisins secs et écorces d'orange confite), préemballée	Brioche, (italian pastry filled with raisins and orange candied peel), prepacked	0	352	12.7	7.04	50.6	25.9	3.4	6.88	0.46
7720	Pain aux raisins (viennoiserie), artisanal	Raisin puff pastry (Viennese pastries), from bakery	0	345	11.5	5.66	53.4	20.9	1.4	5.81	0.81
7730	Pain au chocolat, artisanal	Chocolate croissant, from bakery	0	423	22.5	14.7	45.4	12.8	3	7.47	0.98
7733	Pain au chocolat, préemballé	Chocolate croissant, prepacked	0	421	21.4	12.5	48.6	13	2.72	6.28	0.98
7735	Brioche (ou briochettes) aux pépites de chocolat ou fourrée au chocolat, préemballée	Brioche, with chocolate chips or filled with chocolate, prepacked	0	352	12.1	3.08	51.1	17.4	2.98	8.17	0.91
7738	Brioche fourrée aux fruits, préemballée	Brioche, filled with fruits, prepacked	0	326	9	2.15	52.4	24.4	5.5	5.81	0.99
7739	Brioche fourrée crème pâtissière (type "chinois"), préemballée	Brioche, filled with custard cream (Chinese brioche type), prepacked	0	267	6	1.9	45.7	20.3	3.4	5.81	0.83
7740	Brioche nature, préemballée	Brioche, plain, prepacked	0	356	12.1	4.68	52.7	14.5	2.09	7.99	0.98
7742	Brioche nature, artisanale	Brioche, plain, from bakery	0	420	19.1	8.51	50.7	5.7	0	11.3	1.47
7744	Couronne des rois (brioche) aux fruits confits, préemballée	Christmas brioche with candied fruits, prepacked	0	353	12.3	6.1	52.8	19.6	1.35	7.2	0.89
7745	Brioche pur beurre (ex : gâche vendéenne) nature, préemballée	Brioche, pure butter, plain, prepacked	0	361	13.3	8.71	51.1	13	2.03	8.21	0.99
7746	Brioche, sans précision (aliment moyen)	Brioche (average)	0	363	13	5.09	52.1	13.9	1.94	8.41	1.04
7811	Focaccia, garnie	Focaccia, filled	0	233	8.75	1.75	29.5	4.25	2.25	8	1.45
7812	Fougasse, garnie	Fougasse, filled	0	320	11.8	2.74	42.1	1.6	3.2	9.53	1.78
7813	Tortilla souple (à garnir), à base de maïs	Maize/corn tortilla wrap, to be filled	0	316	5.57	1.13	58	2.37	3.57	6.08	1.4
7814	Cake salé (garniture : fromage, légumes, viande, poisson, volaille, etc.), préemballé	Savoury cake (with cheese, vegetables, meat, fish, poultry, etc.), prepacked	0	321	18.4	4.68	25.6	2.68	2.3	11.6	1.64
7815	Tortilla souple (à garnir), à base de blé	Wheat tortilla wrap, to be filled	0	320	7.48	1.39	53	2.12	2.89	8.01	1.41
8000	Rillettes traditionnelles de porc	Rillettes of pork	0	391	36	14	3.73	0	0	13	0.85
8001	Rillettes pur porc	Rillettes, pure pork	0	413	38.3	15.2	0.13	0	0.21	16.7	0.97
8002	Rillettes supérieures de porc	Rillettes of pork, superior quality	0	402	37.7	14.9	0.17	0.13	0.05	15.5	1.13
8010	Rillettes de Tours (porc)	Rillettes from Tours	0	522	50		0.1		0	18	
8015	Rillettes du Mans (porc)	Rillettes from Mans	0	420	37.6	14.8	4.79	0.13	0.21	15.6	1.28
8025	Rillettes pur oie	Rillettes, pure goose	0	417	39.8		0.1		0	14.7	1.3
8026	Rillettes de canard	Rillettes of duck	0	377	34.6	11.2	1.03	0	0	15.3	1.25
8030	Rillettes d'oie	Rillettes of goose	0	364	33.4	9.82	0.99		0	14.9	1.29
8040	Rillettes de poulet	Rillettes of poultry	0	340	30.3	10.7	0.49	0.36	0.25	16.4	1.19
8059	Rillettes de crabe, préemballées	Rillettes, crab, prepacked	0	210	16.6	1.79	4.61	1.74	2.61	9.16	1.36
8080	Rillettes de poisson, préemballées	Rillette, fish, prepacked	0	242	20.7	4.24	0	0.3	0	13.9	0.96
8081	Rillettes de saumon, préemballées	Rillettes, salmon, prepacked	0	242	19.6	3.63	2.77	1.52	1.2	12.9	1.29
8082	Rillettes de thon, préemballées	Rillettes, tuna, prepacked	0	235	18.8	2.72	1.88	1.17	1.69	13.6	1.15
8083	Rillettes de maquereau, préemballées	Rillettes, mackerel, prepacked	0	246	22		1	0	0	11	
8109	Confit de canard, viande (cuisse), sans peau, appertisé, réchauffé	Duck confit (conserved in rendered fat), meat (leg) without skin, canned, reheated	0	195	7.4	2.31	0		0	32	1.89
8110	Confit de canard, appertisé	Duck confit (conserved in rendered fat), canned	0	273	18.8	7.26	0.15	0.14	0.4	25.7	1.44
8111	Canard, magret fumé	Duck breast fillet, smoked	0	362	32	12	0.5	0.5	0	18	2.75
8120	Confit de foie de porc	Preserved pork liver	0	320	28.1	10.4	1.3	1	0.5	15.4	1.61
8125	Confit de foie de volaille	Preserved poultry liver	0	361	31	11	6.22	0.4	1	13.7	1.46
8201	Pâté au poivre vert	Pâté with green pepper	0	358	34.6		1.45		0	10.1	
8206	Pâté au jambon	Ham pâté	0	302	26.5	11.4	1.04	0.43	0.39	14.7	1.68
8211	Pâté ou terrine de campagne	Country-style pâté or terrine	0	323	28.2	10.4	1.5	0.62	0	15.5	1.54
8212	Pâté ou terrine de campagne, à teneur réduite en sel	Country-style pâté or terrine, low salt	0	324	27.9	10.7	4.2	1.78	0.25	13.8	1.22
8214	Pâté breton	Breton pâté	0	363	34	13	2.88	1	0.5	11	1.67
8232	Terrine de canard	Duck terrine	0	322	27.1	9.91	5.64	0.47	0.54	13.2	1.39
8240	Pâté de lapin	Rabbit pâté	0	286	24.5	9.47	1.73	0.73	0.15	14.7	1.45
8242	Terrine de lapin	Rabbit terrine	0	266	18	7	6.44	1	1	19	1.68
8245	Pâté de gibier	Game pâté	0	293	24.7	10.5	3.28	1.7	0.5	14.2	1.83
8250	Pâté ou terrine aux champignons (forestier)	Pâté with mushrooms	0	328	28.1	10.6	5.93	1.95	0.58	12.6	1.73
8290	Tarama, au saumon fumé, préemballé	Taramasalata, with smoked salmon, prepacked	0	501	50	4.12	4.74	0.68	0.38	7.7	1.33
8291	Terrine de poisson, préemballée	Fish terrine, prepacked	0	205	16.7	2.77	4.21	1.59	1.36	9.01	1.16
8292	Terrine de fruits de mer (par ex. de Saint-Jacques), avec ou sans poisson, préemballée	Seafood terrine, with or without fish, prepacked	0	190	13.3	2.5	7.89	1.74	1.2	9.13	1.25
8293	Tarama, aux oeufs de cabillaud, préemballé	Taramasalata, with cod eggs, prepacked	0	518	53	4.31	4.01	0.62	0.48	6.11	1.53
8296	Terrine ou mousse de légumes, premballée	Vegetable terrine or mousse, prepacked	0	140	9.56	3.59	5.5	1.33	2.55	6.67	1.46
8297	Flan de légumes aux oeufs	Vegetable flan with eggs	0	210	18.6	10.8	4.13	2.06	2.3	5.38	0.89
8300	Pâté de foie de porc, supérieur	Pork liver pâté, superior quality	0	358	31	14.8	6.5	1.57	0.3	13	1.62
8305	Pâté de foie de porc	Pork liver pâté	0	355	33.3	11.6	2.91	1.38	0.2	10.8	1.68
8312	Mousse de foie de porc supérieure ou crème de foie	Pork liver mousse, superior quality	0	324	26.1	10.5	10.9	2.18	0.72	11.1	1.43
8313	Mousse de foie de porc	Pork liver mousse	0	286	24.9	9.34	3.39	1.89	0.75	12	1.72
8315	Mousse de canard	Duck mousse	0	394	36.1	13.7	7.07	2.05	0.45	10.1	1.58
8316	Pâté de foie de volaille	Poultry liver pâté	0	316	28.3	11.4	1.21	0.63	0.84	13.7	1.53
8321	Foie gras, canard, entier, cuit	Foie gras, duck, whole, cooked	0	526	54.6	23	0.026	0.026	0.35	8.41	1.11
8323	Foie gras, canard, bloc, sans morceaux	Foie gras block, duck, without pieces	0	478	50	19.7	1.09	1.09	0.35	5.75	1.14
8324	Foie gras, canard, bloc, 30% de morceaux	Foie gras block, duck, 30% pieces	0	488	50.1	21.6	2.19	1.41	0	6.88	1.29
8325	Foie gras, canard, bloc, 50% de morceaux	Foie gras block, duck, 50% pieces	0	488	49.5	21.2	4.28	1.2	0	6.39	1.29
8326	Pâté de foie d'oie	Goose liver pâté	0	459	43.8	14.5	4.67		0	11.4	1.74
8328	Foie gras, canard, cru	Foie gras, duck, raw	0	600	63.4	28.1	1.41	1.14	0	5.94	0.52
8331	Foie gras, canard, bloc (aliment moyen)	Foie gras, duck, block (average)	0	488	50.1	21.6	2.19	1.41	0	6.88	1.29
8332	Pâté (aliment moyen)	Paté (average)	0	325	28.7	10.6	1.91	0.81	0.12	14.6	1.58
8350	Galantine	Galantine	0	109	1.73	0.55	1.28	0.97	0.44	22	2
8373	Roulade de porc pistachée	Rolled escalope of pork with pistachio	0	287	23.5	7.8	3	0.7	1.2	15.3	2.5
8391	Pâté en croûte	Pâté in crust	0	303	19.3	8.12	21.7	1.5	1.5	9.96	1.72
8395	Jambon en croûte	Ham, in a pastry crust	0	236	11.8	5.71	17.8	1.82	0.77	14.4	1.92
8400	Fromage de tête	Head-cheese pâté or brawn	0	184	12.9	4.37	3.15	0	0	13.8	2.35
8406	Salade de museau de porc, avec sauce, préemballée	Salad of pig's snout, with sauce, prepacked	0	172	14.8	3.59	0.89	0.64	0.75	8.51	1.58
8407	Salade de cervelas, avec sauce, préemballée	Salad of saveloy, with sauce, prepacked	0	259	24.2	6.23	1.93	1.29	1.28	7.6	1.75
8429	Jambon persillé en gelée	Pork ham with parsley and jelly	0	151	7.9	2.8	0.48	0.3	0	19	1.67
8450	Museau de boeuf	Ox muzzle	0	151	5.17		0		0	26.2	
8500	Andouille	Chitterling sausage	0	211	15.1		0.3		0	18.4	2.08
8501	Andouille de Guéméné	Chitterling sausage from Guéméné	0	234	18		0		0	18	
8504	Andouille, réchauffée à la poêle	Chitterling sausage, reheated in a frying pan	0	270	20	9.29	0	0	0	22.5	2.82
8512	Andouille de Vire	Chitterling sausage from Vire	0	238	18		0		0	19	
8550	Andouillette, à cuire	Chitterling sausage, to cook	0	225	16.3	6.94	0.5	0	0.71	18.8	1.46
8551	Andouillette, grillée/poêlée	Chitterling sausage, grilled/pan-fried	0	301	22.3	11.1	0.54	0	0	24.5	2.73
8552	Andouillette de Troyes, à cuire	Chitterling sausage from Troyes, to cook	0	256	19	7.91	1	0	0.9	19.7	1.97
8601	Tripes à la mode de Caen (estomac et pied de boeuf, carottes…), préemballées	Caen-style tripe, prepacked	0	120	3.68	2	0.5	0	1.5	20.4	1.06
8612	Tripes à la tomate ou à la provençale, préemballées	Provencal-type tripe (with tomato), prepacked	0	100	3.13	1.68	0.55	0	0	17.5	1.38
8703	Boudin noir, à cuire	Black pudding, to cook	0	297	27.1	9.57	0.29	0.2	1.42	12.2	1.29
8704	Boudin noir, grillé/poêlé	Black pudding, grilled/pan-fried	0	246	20.3	7.46	3.78	2.86	0	11.9	1.31
8705	Boudin, grillé/poêlé (aliment moyen)	Black or white pudding (blood sausage), grilled/pan-fried (average)	0	238	19.4	7.19	4.59	2.61	0	11.3	1.41
8742	Boudin antillais, à cuire	Caribbean blood sausage, to cook	0	231	16.5	6.9	9.2	5.1	0	11.5	1.22
8800	Boudin blanc, grillé/poêlé	White pudding, grilled/pan-fried	0	220	17.1	6.52	6.6	2	0	9.89	1.64
8801	Boudin blanc, à cuire	White pudding, to cook	0	244	21	7.89	3.64	3.64	0	10	1.42
8803	Boudin blanc truffé, à cuire	White pudding, truffled, to cook	0	247	18.4	7.4	9.01	1.7	1.4	10.6	1.63
8903	Quenelle de veau en sauce, appertisée	Veal quenelle, with sauce, canned	0	169	10.3	4.56	14.8	0.94	1.39	3.52	1.17
8910	Quenelle de volaille, à cuire	Poultry quenelle, raw	0	189	10.1	1.5	14.7	1.2	1.1	9.37	0.74
8912	Quenelle de volaille en sauce, appertisée	Poultry quenelle, with sauce, canned	0	138	8.92	4.95	10.3	1.92	1.2	3.55	1.1
8932	Quenelle de poisson en sauce, appertisée	Fish quenelle, with sauce, canned	0	135	8.51	3.95	10.5	0.97	0.72	3.79	1.11
8933	Quenelle de poisson, à cuire	Fish quenelle, raw	0	245	12.7	8.2	23.6	1.9	2.15	8.1	0.95
8937	Quenelle nature, à cuire	Quenelle, plain, raw	0	226	15.1	3.95	14.7	0.66	1.1	6.88	0.88
9001	Épeautre, cru	Spelt, raw	0	344	2.43	0.41	59.5	6.68	10.7	14.6	0.02
9003	Blé de Khorasan, cru	Khorasan wheat, raw	0	342	2.13	0.2	59.5	7.74	11.1	14.5	0.013
9060	Blé dur complet, cru	Durum wheat, wholewheat, raw	0	342	2.47	0.45	59.3	1.8	11.8	13.7	0.005
9080	Blé dur complet, précuit, à cuire	Wheat, wholewheat, pre-cooked, raw	0	359	1.83	0.37	67.7	0.83	6.67	13.7	0.01
9081	Blé dur (grains entiers), précuit, cuit, sans sel ajouté	Durum wheat pre-cooked, whole grain, cooked, no added salt	0	153	1.1	0.19	28.2	0.18	3.5	5.36	0.043
9082	Blé dur précuit, cuisiné, en sachet micro-ondable	Durum wheat, pre-cooked, seasoned, cooked, in a microwaveable bag	0	188	4.84	1.11	29.6	2.21	2.58	4.86	1.16
9085	Nouilles asiatiques cuisinées (boeuf, poulet, légumes…) non instantanées	Asian noodles, seasoned (beef, chicken, vegetables), cooked	0	140	4.3	0.5	18.8	2	2.8	4.78	1.2
9100	Riz blanc, cru	Rice, white, raw	0	350	0.79	0.16	77.5	0.12	1.53	7.02	0.008
9101	Riz blanc étuvé, cru	Rice, white, parboiled, raw	0	361	1.02	0.25	79.4	0.33	1.65	7.33	0.01
9102	Riz complet, cru	Rice, wholegrain, raw	0	350	2.8	0.56	71.4	0	5	7.02	0.01
9103	Riz complet, cuit, sans sel ajouté	Rice, wholegrain, cooked, no added salt	0	187	1.8	0.43	37.6	0.13	2.1	3.87	0.035
9104	Riz blanc, cuit, sans sel ajouté	Rice, white, cooked, no added salt	0	155	0.7	0.17	33.2	0	1.4	3.15	0.045
9105	Riz blanc étuvé, cuit, sans sel ajouté	Rice, white, parboiled, cooked, no added salt	0	146	0.56	0.074	31.7	0.11	1.1	2.95	0.006
9108	Riz sauvage, cru	Rice, wild, raw	0	344	0.94	0.15	69.2	0.9	5.9	11.1	0.007
9109	Riz rouge, cru	Rice, red, raw	0	352	3		70.6	0	4.5	7.97	0.028
9110	Riz rouge, cuit, sans sel ajouté	Rice, red, cooked, no added salt	0	141	0.69		28.2	0	4	3.45	0.009
9111	Riz sauvage, cuit, sans sel ajouté	Rice, wild, cooked, no added salt	0	102	0.34	0.049	19.7	0.73	1.8	3.8	0.007
9113	Riz semi-complet, cuit, sans sel ajouté	Rice, semi-wholegrain, cooked, no added salt	0	165	1	0.22	34.4	0	1.7	3.63	0.063
9119	Riz thaï ou basmati, cru	Rice, basmati, raw	0	351	0.63	0.18	78.4	0	1.06	7.08	0.032
9121	Riz, mélange de variétés (blanc, complet, rouge, sauvage, etc.), cru	Rice, mix of species (white, wholegrain, wild, red, etc.), raw	0	355	1	0.2	78.1	0.5	1.5	7.14	0.025
9124	Riz thaï, cuit, sans sel ajouté	Rice, Thai, cooked, no added salt	0	143	0.8	0.14	31.4	0	0	2.38	0.04
9125	Riz basmati, cuit, sans sel ajouté	Rice, basmati, cooked, no added salt	0	148	0.4	0.14	32.9	0	0	3.03	0.045
9230	Pop-corn ou maïs éclaté, à l'huile, salé	Pop-corn or popped maize, with oil, salted	0	477	24.6	11.9	50.2	2.02	10.6	8.3	2.61
9231	Pop-corn ou maïs éclaté, sans huile, non salé	Pop-corn or air-popped maize, without oil, unsalted	0	419	12.3	4.57	59.7	0.6	12.8	11	0.02
9232	Pop-corn ou maïs éclaté, au caramel	Pop-corn or popped maize, with caramel	0	421	9.83	3.8	73.2	35.9	6.8	6.53	0.08
9310	Avoine, crue	Oat, raw	0	378	6.9	1.22	55.7	1.2	10.6	16.9	0.005
9313	Flocons d'avoine bouillis/cuits à l'eau	Oat flakes, boiled/cooked in water	0	69.1	1.52	0.31	10.3	0.23	1.7	2.54	0.01
9320	Orge complète, crue	Barley, wholegrain, raw	0	334	2.3	0.48	56.2	0.8	17.3	12.5	0.03
9321	Orge perlée, crue	Pearled barley, raw	0	346	1.16	0.24	68.6	0.8	9.1	9.91	0.023
9322	Orge perlée, bouilli/cuite à l'eau, sans sel ajouté	Pearled barley, boiled/cooked in water, no added salt	0	119	0.44	0.093	24.4	0.28	3.8	2.26	0.007
9330	Mil complet, cru	Millet, wholegrain, raw	0	360	4.22	0.72	64.3		8.5	11	0.013
9331	Mil, cuit, sans sel ajouté	Millet, cooked, no added salt	0	116	1	0.17	22.4	0.13	1.3	3.51	0.005
9340	Quinoa, cru	Quinoa, raw	0	358	6.07	0.71	58.1		7	13.2	0.013
9341	Quinoa, bouilli/cuit à l'eau, sans sel ajouté	Quinoa, boiled/cooked in water, no added salt	0	149	1.1	0.14	27.9	0.87	3.8	4.66	0.015
9345	Amarante, crue	Amaranth, raw	0	369	7.02	1.46	58.6	1.68	6.7	13.5	0.01
9360	Sorgho complet, cru	Sorghum, wholegrain, raw	0	349	3.46	0.61	65.4	2.48	6.7	10.6	0.005
9380	Sarrasin complet, cru	Buckwheat, wholegrain, raw	0	362	3.4	0.74	67.5		4	13.3	0.003
9390	Seigle complet, cru	Rye, wholegrain, raw	0	332	1.63	0.2	60.8	0.98	15.1	10.3	0.005
9410	Farine de blé tendre ou froment T110	Wheat flour, type 110	0	343	1.5	0.27	68.6	1.6	6.8	9.61	0
9415	Farine de blé tendre ou froment T150	Wheat flour, type 150	0	342	1.52	0.22	64.9	1.77	10.2	11.4	0.035
9435	Farine de blé tendre ou froment T65	Wheat flour, type 65	0	346	1		71.5	1.5	3.5	10	0.03
9436	Farine de blé tendre ou froment T55 (pour pains)	Wheat flour, type 55 (for bread)	0	350	1	0.19	73.7	1.5	3.2	9.03	0
9437	Farine de blé tendre ou froment avec levure incorporée	Wheat flour, self-raising	0	350	1	0.5	74	2.5	2.5	9.12	
9440	Farine de blé tendre ou froment T45 (pour pâtisserie)	Wheat flour, type 45 (for pastry)	0	355	0.82	0.13	76.5	0.44	2.5	8.44	0.098
9445	Farine de blé tendre ou froment T80	Wheat flour, type 80	0	355	1.18	0.17	73.2	1.77	4.2	9.95	0
9480	Farine d'épeautre (grand épeautre)	Spelt flour	0	352	3	0.5	64	1.3	9.3	11.4	0
9510	Amidon de maïs ou fécule de maïs	Maize/corn starch	0	365	0.05	0.009	90.4	0	0.9	0.26	0.023
9520	Farine de riz	Rice flour	0	357	2.5	0.46	73.9	0.9	3.3	7.62	0
9530	Farine de seigle T170	Rye flour, type 170	0	315	2.22	0.27	44.8	2.31	23.8	15.9	0.005
9532	Farine de seigle T85	Rye flour, type 85	0	345	1.33	0.15	68.7	0.93	8	9.82	0.005
9533	Farine de seigle T130	Rye flour, type 130	0	344	1.12	0.22	70.9	1.59	9.5	7.24	0.009
9540	Farine de sarrasin	Buckwheat flour	0	348	2.19	0.58	68.4	0.03	4.2	11.5	0.06
9545	Farine de maïs	Maize/corn flour	0	362	1.39	0.17	80.9	0.64	1.9	5.59	0.003
9550	Farine d'orge	Barley flour	0	337	1.6	0.34	64.4	0.8	10.1	10.5	0.01
9555	Farine de millet	Millet flour	0	350	4.1	0.76	63.2	0.5	9.7	10.2	0
9570	Farine de châtaigne	Chestnut flour	0	362	3.43	0.52	70.4		12.6	5.69	
9580	Farine de pois chiche	Chick pea flour	0	359	6.69	0.69	47	10.9	10.8	22.4	0.16
9610	Semoule de blé dur, crue	Durum wheat semolina, raw	0	350	1.28	0.23	69.8	1	3.7	11.8	0.003
9612	Mélange de céréales et légumes secs, cru	Mix of cereals and pulses, raw	0	354	4	0.5	59	4.5	11	13.7	0.99
9614	Polenta ou semoule de maïs, précuite, à cuire	Polenta or maize/corn semolina, pre-cooked, raw	0	350	1.8		74	0	3.2	7.88	0.004
9615	Polenta ou semoule de maïs, cuite, sans sel ajouté	Polenta or maize/corn semolina, cooked, no added salt	0	76.1	0	0	16.9	0.1	1.6	1.38	0
9621	Son de blé	Wheat bran	0	270	3.88	0.82	22.7	2.39	42.9	14.8	0.015
9640	Son d'avoine	Oat bran	0	361	6.52	1.16	50.6	2.23	16.7	16.8	0.016
9641	Son de maïs	Maize/corn bran	0	226	0.92	0.13	6.65	0	79	8.36	0.018
9643	Son de riz	Rice bran	0	398	20.9	4.17	28	0.9	21	14	0.013
9660	Germe de blé	Wheat germ	0	375	9.5	1.83	35.1	10	16.3	27.2	0.018
9681	Graine de couscous (semoule de blé dur précuite), à cuire	Couscous (pre-cooked durum wheat semolina), raw	0	366	1.32	0.26	72.7	3.5	4.5	12.3	0.018
9683	Semoule ou graine de couscous, cuite, sans sel ajouté	Couscous grain, cooked, no added salt	0	164	0.9	0.21	31	3.36	2.8	5.81	0.038
9685	Semoule ou graine de couscous complète, cuite, sans sel ajouté	Couscous grain, wholewheat, cooked, no added salt	0	142	1	0.21	26.8	1.38	3.7	4.28	0.04
9686	Semoule ou graine de couscous semi-complète, cuite, sans sel ajouté	Couscous grain, semi-wholewheat, cooked, no added salt	0	170	1	0.22	32.4	1.15	3.2	5.59	0.02
9690	Boulgour de blé, cru	Wheat, bulgur, raw	0	347	1.42	0.23	65.8	0.41	10.5	11.7	0.043
9691	Boulgour de blé, cuit, sans sel ajouté	Wheat bulgur, cooked, no added salt	0	131	1	0.16	24.1	0	3.7	4.31	0.033
9810	Pâtes sèches, standard, crues	Pasta, dry, regular, raw	0	364	1.6	0.33	72.7	2.58	2.91	12	0.016
9811	Pâtes sèches, standard, cuites, sans sel ajouté	Pasta, dry, regular, cooked, no added salt	0	167	1.1	0.2	31.4	0.87	2.2	6.1	0.048
9815	Pâtes fraîches, aux oeufs, crues	Pasta, fresh, with egg, raw	0	283	1.87	0.49	53.8	2.54	3.17	10.1	0.35
9816	Pâtes fraîches, aux oeufs, cuites, sans sel ajouté	Pasta, fresh, with egg, cooked, no added salt	0	168	1.3		32	0	1.5	5.76	0.042
9821	Pâtes sèches, aux oeufs, crues	Pasta, dry, with egg, raw	0	381	4.72	1.34	68	2.19	3.15	14	0.085
9822	Pâtes sèches, aux oeufs, cuites, sans sel ajouté	Pasta, dry, with egg, cooked, no added salt	0	134	2	0.42	23	0.8	2	4.57	0
9824	Pâtes sèches, sans gluten, cuites, sans sel ajouté	Pasta, dry, gluten-free, cooked, no added salt	0	163	1.1	0.29	34.4	0.49	1	3.09	0.015
9863	Pâtes ou nouilles asiatiques sèches, au blé et aux oeufs, nature, crues	Asian noodles, dry, with wheat and egg, plain, raw	0	371	3	1	71	0.5	4	11.9	0.99
9870	Pâtes sèches, au blé complet, crues	Pasta, dry, wholewheat, raw	0	353	2.2	0.36	67.6	1.8	6.1	11.8	0.016
9871	Pâtes sèches, au blé complet, cuites, sans sel ajouté	Pasta, dry, wholewheat, cooked, no added salt	0	179	1.4	0.27	31.3	0.94	5.1	7.35	0.055
9874	Pâtes sèches, sans gluten, crues	Pasta, dry, gluten-free, raw	0	358	1.5	0.3	79	0.5	1	6.06	0.008
9875	Pâtes sèches, sans gluten (à base de riz et maïs), cuites, sans sel ajouté	Pasta, dry, gluten-free (from rice and corn), cooked, no added salt	0	170	0.8	0.35	36.6	0	1.3	3.15	0
9876	Pâtes sèches, sans gluten (à base de lentilles corail), cuites, sans sel ajouté	Pasta, dry, gluten-free (from red lentils), cooked, no added salt	0	168	0.8	0.16	25.1	1.03	4.9	11.7	0
9877	Pâtes sèches, semi-complètes, cuites, sans sel ajouté	Pasta, dry, semi-wholewheat, cooked, no added salt	0	173	1.2	0.22	31.8	0.99	4.5	5.71	0.038
9900	Vermicelles de riz sèches, crues	Rice vermicelli, dry, raw	0	365	1	0.3	80.5	0	1.2	7.44	0.03
9901	Vermicelle de riz, cuite, sans sel ajouté	Rice vermicelli, dry, cooked, no added salt	0	86.6	0	0	20.1	0	0	1.43	0.024
9902	Vermicelles de soja sèches, crues	Soy vermicelli, dry, raw	0	343	0.14	0	84.7	0	1.6	0.29	0.039
9903	Vermicelle de soja, cuite, sans sel ajouté	Soy vermicelli, dry, cooked, no added salt	0	60	0.1		14.4	0	0.8	0.29	0.006
10000	Bigorneau, cuit	Winkle, cooked	0	109	3.5	0.26	3.01	0	0	16.3	0.48
10001	Calmar ou calamar ou encornet, cru	Squid, raw	0	77	1.19	0.28	2.17	0	0	14.4	0.61
10002	Calmar ou calamar ou encornet, à la romaine (beignet), préemballé	Squid fritter, Roman-style, prepacked	0	229	9.5	1	26.7	2.5	1	8.69	2.13
10003	Coquille Saint-Jacques, noix et corail, crue	Scallop, with coral, raw	0	83	1.31	0.19	0.78	0	0	17	0.48
10004	Coquille Saint-Jacques, noix et corail, cuite	Scallop, with coral, cooked	0	110	1.77	0.32	3.22	0	0	20.2	0.46
10005	Crabe, miettes et ou pattes décortiquées, appertisé, égoutté	Flaked crab and/or decorticated crab leg, canned, drained	0	97.8	0.96	0.19	4.16	0	0	18.1	1.64
10006	Crevette grise, cuite	Grey shrimp, boiled	0	89.4	1.1	0.31	0.47	0	0	19.4	1.47
10007	Crevette, cuite	Shrimp or prawn, boiled	0	91.3	0.79	0.25	0.2	0	0	20.5	1.61
10008	Escargot, cru	Snail, raw	0	77.9	0.92	0.19	1.29	0	0	16.1	0.35
10009	Homard, bouilli/cuit à l'eau	Lobster, boiled/cooked in water	0	90.9	1.32	0.21	0.11	0	0	19.6	0.9
10010	Homard, cru	Lobster, raw	0	85.5	1.15	0.2	0.94	0	0	17.9	0.9
10011	Huître, sans précision, crue	Oyster, raw	0	67.2	1.91	0.34	3.86	0	0	8.64	1.45
10012	Langoustine, panée, frite	Norway lobster or scampi, breaded, fried	0	282	13.6	1.5	29	0	0	10.9	1.65
10013	Moule, bouillie/cuite à l'eau	Mussel, boiled/cooked in water	0	108	2.09	0.37	5.12	0	0	17.2	0.8
10014	Moule commune, crue	Mussel, common, raw	0	71.8	1.82	0.44	2.69	0	0	11.2	0.85
10015	Langouste, crue	Spiny lobster, raw	0	86.9	1.34	0.25	1.07	0	0	17.7	0.45
10016	Seiche, crue	Cuttlefish, raw	0	76.3	1.05	0.37	0.51	0	0	16.2	0.93
10017	Clam, praire ou palourde, cru	Clam, raw	0	80.5	2.65	0.21	2.66	0	0	11.5	0.82
10018	Poulpe, cru	Octopus, common, raw	0	60.1	0.5	0.16	0.97	0	0	12.9	0.68
10019	Bulot ou buccin, cru	Whelk, raw	0	131	0.57	0.16	7.61	0	0	23.8	0.52
10020	Bulot ou buccin, cuit	Whelk, cooked	0	97.7	0.47	0.072	2.69	0	0	20.7	0.97
10021	Crevette, crue	Shrimp or prawn, raw	0	99	0.84	0.22	3.21	0	0	19.7	0.45
10022	Langouste, bouillie/cuite à l'eau	Spiny lobster, boiled/cooked in water	0	106	1.52	0.26	1.3	0	0	21.8	0.46
10023	Beignet de crevette	Shrimp fritters	0	260	10	0.5	35.5	11	1	6.5	1.9
10024	Langoustine, crue	Norway lobster, raw	0	89.8	0.79	0.27	1.53	0	0	19.1	0.72
10025	Crabe ou tourteau, bouilli/cuit à l'eau	Crab, boiled/cooked in water	0	124	4.29	0.55	1.79	0	0	19.5	1.23
10026	Moule de Méditerranée, crue	Mediterranean mussel, raw	0	68.7	1.67		2.77	0	0	10.7	
10027	Clam, praire ou palourde, bouilli/cuit à l'eau	Clam, boiled/cooked in water	0	99.2	1.48	0.14	5.33	0	0	16.2	1.56
10028	Moules, au naturel, appertisées, égouttées	Mussel, canned in brine, drained	0	97.6	2.1	0.7	2.6	0.52	1.95	16.1	1.71
10030	Écrevisse, crue	Crayfish, raw	0	68.3	0.64	0.11	0.81	0	0	14.8	0.39
10031	Écrevisse, cuite	Crayfish, cooked	0	73.5	0.7	0.17	0.56	0	0	16.3	0.21
10033	Crevette bouquet, sauvage, cuite	Prawn, "bouquet", wild, boiled	0	103	1.27	0.22	0	0	0	22.8	0.47
10034	Coque, cuite	Cockle, cooked	0	86.9	1.1	0.29	5.64	0	0	13.6	0.96
10035	Huître creuse, crue	Pacific oyster, raw	0	67.2	1.91	0.34	3.86	0	0	8.64	1.41
10036	Huître plate, crue	European oyster, raw	0	53.5	0.9	0.17	1.16	0	0	10.2	1.28
10037	Calmar ou calamar ou encornet, bouilli/cuit à l'eau	Squid, boiled/cooked in water	0	149	1.4	0.24	1.64	0	0	32.5	1.86
10038	Crevette, surgelée, crue	Shrimp or prawn, frozen, raw	0	105	0.9	0.17	0.74	0	0	23.4	0.6
10039	Crabe, cru	Crab, raw	0	104	2.86	0.46	0.027	0	0	19.5	0.69
10041	Ormeau, cru	Abalone or ormer or sea ear, raw	0	99.6	0.83	0.15	8.69	0	0	14.4	0.47
10042	Escargot en sauce au beurre persillé, préemballé, cuit	Snail in parsley butter, prepacked, cooked	0	275	23.7	14.8	1.75	0	1.25	12.9	1.66
10043	Fruits de mer (aliment moyen)	Crustacean or mollusc (average)	0	103	1.66	0.32	2.47	0.004	0.003	19.5	1.29
10044	Langoustine, bouillie/cuite à l'eau	Norway lobster, boiled/cooked in water	0	92.6	0.98	0.14	0	0	0	20.9	0.67
10045	Coquille Saint-Jacques, noix, crue	Scallop, without coral, raw	0	83.6	0.84	0.094	1.15	0	0	17.9	0.34
10048	Pecten d'Amérique ou peigne du Canada, noix, crue	American or Canadian sea scallop, without coral, raw	0	81.3	0.54		1.78	0	0	17.3	
10049	Pétoncle ou peigne du Pérou, noix, crue	Peru sea scallop, without coral, raw	0	88.7	0.7	0.3	3.1	0	0	17.5	0.38
10057	Araignée de mer, bouillie/cuite à l'eau	Spinous spider crab, boiled/cooked in water	0	108	3.8	1.14	0.16	0	0	18.3	0.96
10061	Crevette blanche ou crevette tropicale (rose), élevage, cuite	White shrimp or tropical shrimp (rose), boiled	0	97.5	0.93	0.33	0.14	0	0	22.1	1.79
10062	Crevette tropicale (tigrée), élevage, cuite	Tropical tiger prawn, boiled	0	101	0.83	0.27	0.75	0	0	22.6	1.63
10064	Crevette tropicale (rose), cuite (Penaeus brasiliensis)	Pinkspotted shrimp, boiled	0	117	1.18	0.25	0	0	0	26.6	0.34
10079	Poulpe, cuit	Octopus, common, cooked	0	156	2.08	0.45	4.4	0	0	29.8	1.15
10080	Fruits de mer, mélange ou cocktail, surgelés, cuits	Seafood, cooked, frozen	0	79.5	1.57	0.45	2.83	0	0	13.5	0.99
10081	Moules à la sauce catalane ou escabèche (tomate), appertisée, égouttée	Mussels, in Catalan-style sauce or marinade (tomatoes), canned, drained	0	75.4	1.65	0.58	4.9	3	1.25	9.6	1.09
10082	Moules marinières (oignons et vin blanc), préemballées	Mussels, in a oignon and white wine broth, prepacked	0	91.9	2.24	0.99	7.43	1.05	0.53	10.3	0.69
10083	Moules farcies (matière grasse, persillade…), préemballées, crues	Mussels, filled (fat, parsley and garlic…), prepacked, raw	0	283	24.8	16.6	4.2	0.3	1.5	9.56	1.08
10084	Calmar ou calamar ou encornet, frit ou poêlé avec matière grasse	Squid, fried or pan-fried, with fat	0	173	7.48	1.88	8.45	0	0	17.9	0.77
10086	Crevettes, décortiquées, cuites, réfrigérées, préemballées	Shrimp or prawn, peeled, boiled, refrigerated, prepacked	0	92.5	1.02	0.18	2.6	0.055	0.1	18.3	1.8
10088	Ecrevisses, décortiquées, cuites, réfrigérées, préemballées	Crayfish, peeled, cooked, refrigerated, prepacked	0	82.7	0.9	0.32	0.1	0.06	0.13	18.6	1.2
10089	Crevettes grises, décortiquées, cuites, réfrigérées, préemballées	Grey shrimp, peeled, boiled, refrigerated, prepacked	0	91.7	1	0.2	0.083	0.083	0	20.7	2.05
10099	Escargot, cuit	Snail, without added fat, cooked	0	84.7	1.4	0.31	1.39	0	0	16.6	0.27
10100	Crevette sauvage, cuite	Shrimp or prawn, wild, boiled	0	97.3	1.01	0.35	0.04	0	0	22	1.93
10101	Crevette, élevage, cuite (aliment moyen)	Shrimp or prawn, farmed, boiled (average)	0	100	0.85	0.28	0.64	0	0	22.5	1.66
10999	Cerfeuil, séché	Chervil, dried	0	302	3.9	0.17	37.8		11.3	23.2	0.21
11000	Ail, cru	Garlic, raw	0	109	0	0	18.6	1.2	5.8	5.31	0.023
11001	Bouillon de boeuf, déshydraté	Broth or stock, beef, dehydrated	0	232	13.3	7.03	18	2	0	10.2	33
11002	Cerfeuil, frais	Chervil, raw	0	48.3	0.55	0.25	6.25	0.6	2.55	3.31	0.025
11003	Ciboule ou ciboulette, fraîche	Chive or spring onion, fresh	0	30.8	0.46	0.089	2.85	2.09	2.55	2.55	0.024
11004	Cornichon, au vinaigre	Gherkin, pickled in vinegar	0	16	0	0	0.78	0.6	1.5	1.06	1.72
11005	Curry, poudre	Curry, powder	0	301	14	1.65	2.63	2.63	53.2	14.5	0.13
11006	Gingembre, poudre	Ginger, powder	0	335	4.24	2.6	58.3	3.39	14.1	8.98	0.068
11007	Gélatine, sèche	Gelatin, dried	0	348	0.1	0.036	0	0	0	86.9	0.75
11008	Ketchup, préemballé	Ketchup, prepacked	0	108	0.16	0.035	23.7	21.1	1.77	1.23	2.35
11009	Levure de bière en paillettes	Yeast, flakes	0	334	4.5	0.7	21.8	2.5	22.5	40.4	0.35
11010	Levure de boulanger fraîche	Baker's yeast, fresh	0	115	1.9	0.24	11.9	0	8.1	8.4	0.075
11013	Moutarde	Mustard	0	151	11.2	1.1	4.33	1.73	0	6.92	6.3
11014	Persil, frais	Parsley, fresh	0	42.5	0.63	0.1	4.1	0.85	4.3	2.97	0.59
11015	Poivre noir, poudre	Black pepper, powder	0	331	7.5	2.9	39.9	0.64	25.3	13.3	0.036
11016	Raifort, frais	Horseradish, raw	0	73.2	0.45	0.088	7.79		7.5	5.25	0.033
11017	Sel blanc alimentaire, non iodé, non fluoré (marin, ignigène ou gemme)	Salt, white (sea, igneous or rock), no fortification	0	0	0	0	0	0	0	0	97.8
11018	Vinaigre	Vinegar	0	22.5	0.1	0	0.95	0.04	0	0.04	0.013
11019	Poivre blanc, poudre	White pepper, powder	0	313	2.12	0.63	48.3		26.2	12.1	0.013
11021	Moutarde à l'ancienne	Mustard, with grains	0	142	9.9	0.61	2.2	2.2	4.5	6.6	4.9
11023	Ail séché, poudre	Garlic, dried, powder	0	346	0.73	0.25	63.7	2.43	9	16.6	0.15
11024	Persil, séché	Parsley, dried	0	291	5.34	1.38	16.8	7.27	29.7	29	1.05
11025	Cannelle, poudre	Cinnamon, powder	0	243	1.24	0.35	27.5	2.17	53.1	3.99	0.025
11026	Coriandre, graine	Coriander, seed	0	345	17.8	0.99	13		41.9	12.4	0.088
11027	Menthe, fraîche	Mint, fresh	0	57.6	0.84	0.22	5.3	5.3	7.4	3.52	0.076
11029	Menthe, séchée	Mint, dried	0	283	6.03	1.58	22.2		29.8	19.9	0.86
11032	Basilic, séché	Basil, dried	0	244	4.07	2.16	10.1	1.71	37.7	23	0.19
11033	Basilic, frais	Basil, fresh	0	35.2	0.64	0.041	3.4	0.3	1.6	3.15	0.01
11034	Marjolaine, séchée	Marjoram, dried	0	276	7.04	0.53	20.3	4.09	40.3	12.7	0.19
11035	Origan, séché	Oregano, dried	0	265	4.28	1.55	26.4	4.09	42.5	9	0.063
11036	Romarin, séché	Rosemary, dried	0	328	15.2	7.37	21.5		42.6	4.88	0.13
11037	Sauge, séchée	Sage, dried	0	320	12.8	7.03	20.4	1.71	40.3	10.6	0.028
11038	Thym, séché	Thyme, dried	0	285	7.43	2.73	26.9	1.71	37	9.11	0.14
11039	Safran	Saffron	0	352	5.85	1.59	61.5	42.4	3.9	11.4	0.37
11041	Bouillon de légumes, déshydraté	Broth or stock, vegetables, dehydrated	0	287	16	7.79	26		0	9.66	47.7
11042	Cumin, graine	Cumin, seed	0	427	22.3	1.54	33.7	2.25	10.5	17.8	0.42
11043	Tapenade, préemballée	Tapenade (puree of capers, black olives, anchovy and herbs)	0	229	21.9	5.44	3.29	0.51	5.26	1.93	2.98
11044	Sel au céleri	Salt, with celery	0	49	2.53		4.14	0	1.19	1.81	87.5
11045	Levure de boulanger déshydratée	Baker's yeast, dehydrated	0	341	6.56	1	14.3	0	26.9	42.7	0.13
11046	Levure chimique ou poudre à lever	Baking powder or raising agent	0	108	0	0	26.9	0	0.2	0.1	
11048	Noix de muscade	Nutmeg	0	506	36.3	25.9	27.4	2.99	20.8	5.84	0.04
11049	Paprika, poudre	Paprika, powder	0	318	12.9	2.14	18.8	10.3	34.9	14.1	0.17
11050	Estragon, séché	Tarragon, dried	0	342	7.24	1.88	42.8		7.4	22.8	0.16
11051	Sauce tartare, préemballée	Tartare sauce, prepacked	0	500	52.7	4.39	5.11	3.32	0.34	0.92	2.06
11052	Clou de girofle	Cloves	0	335	13	3.95	31.6	2.38	33.9	5.97	0.69
11053	Laurier, feuille	Bay, leaves	0	353	8.36	2.28	48.6	48.6	26.3	7.61	0.058
11054	Mayonnaise (70% MG min.), préemballée	Mayonnaise (70% fat min.), prepacked	0	692	74.5	6.76	3.41	1.2	0.26	1.33	1.4
11056	Quatre épices, poudre	Mix of 4 spices, powder	0	348	8.69	2.55	50.5		21.6	6.09	0.19
11058	Sel blanc alimentaire, iodé, non fluoré (marin, ignigène ou gemme)	Salt, white (sea, igneous or rock), iodine added, no fluride added	0	0	0	0	0	0	0	0	97.8
11060	Herbes de Provence, séchées	Herbes de Provence, dried	0	283	7.2	1.88	23.1		40.1	11.5	0.088
11061	Pavot, graine	Poppy, seed	0	534	41.6	4.52	13.7	2.99	10	21.2	0.065
11062	Sarriette, séchée	Savory, dried	0	264	5.91	3.26	23		45.7	6.73	0.06
11063	Aneth, séché	Dill, dried	0	315	4.36	0.23	42.2		13.6	20	0.52
11064	Carvi, graine	Caraway, seed	0	334	14.6	0.62	11.9	0.64	38	19.8	0.043
11065	Vanille, extrait alcoolique	Vanilla, alcoholic extract	0	240	0		2.41		0	0.05	0.01
11066	Fenouil, graine	Fennel, seed	0	327	14.9	0.48	12.5	12.5	39.8	15.8	0.22
11068	Romarin, frais	Rosemary, fresh	0	121	5.86	2.84	6.6		14.1	3.31	0.065
11069	Sauge, fraîche	Sage, fresh	0	34.9	0	0	0.97	0.3	7	4	0.028
11070	Thym, frais	Thyme, fresh	0	107	1.68	0.47	10.5		14	5.56	0.023
11073	Ketchup allégé en sucres, préemballé	Ketchup, reduced sugar, prepacked	0	68.6	0.088	0.032	13.8	10.8	1.43	1.33	1.96
11074	Gingembre, racine fraîche	Ginger, raw	0	33.3	1.1	0.09	3.4	1	2.7	1.1	0.016
11075	Cardamome, poudre	Cardamom, powder	0	321	6.7		40.5		28	10.8	0.045
11077	Fenugrec, graine	Fenugreek, seed	0	350	6.41	1.46	33.8	8.7	24.6	27.1	0.17
11079	Mayonnaise à teneur réduite en matière grasse ou mayonnaise allégée, préemballée	Mayonnaise, reduced fat or light mayonnaise, prepacked	0	297	28.5	2.47	8.82	4.44	0.31	1.09	2.13
11080	Herbes aromatiques fraîches (aliment moyen)	Herbs, fresh (average)	0	51.2	0.93	0.25	4.69	1.89	5.53	3.26	0.28
11081	Epice (aliment moyen)	Spice (average)	0	327	7.85	2.56	37.8	2.09	27.7	12.6	0.059
11082	Fleur de sel, non iodée, non fluorée	Salt, pure sea salt, no fortification	0	0	0	0	0	0	0	0	94.3
11083	Sel marin gris, non iodé, non fluoré	Salt, sea salt, grey, no fortification	0	0	0	0	0	0	0	0	80.5
11084	Agar (algue), frais, cru	Seaweed, agar, raw	0	28.4	0.03	0.006	6.25	0.28	0.5	0.54	0.023
11086	Spiruline (Spirulina sp.), séchée ou déshydratée	Spirulina (spirulina sp.), dried or dehydrated	0	374	6.27	3.28	17.7	1.23	2.71	60.4	1.89
11088	Poivre de Cayenne ou piment de Cayenne, poudre	Cayenne pepper, powder	0	376	17.3	3.26	29.4	10.3	27.2	12	0.075
11089	Curcuma, poudre	Turmeric, powder	0	291	3.25	1.84	44.4	3.21	22.7	9.68	0.068
11091	Vinaigre balsamique	Vinegar, balsamic	0	91.7	0	0	18	18	0.75	0.69	0.068
11093	Aneth, frais	Dill, fresh	0	48.2	1.1	0.34	3.9	1.2	3.5	3.93	0.15
11094	Coriandre, fraiche	Coriander, fresh	0	22.3	0.52	0.014	0.87	0.87	2.8	2.13	0.12
11096	Sel blanc alimentaire, iodé, fluoré à 25 mg /100 g (marin, ignigène ou gemme)	Salt, white (sea, igneous or rock), iodine added, fluoride added 25 mg/100 g	0	0	0	0	0	0	0	0	97.8
11097	Cornichon, aigre-doux	Gherkin, in sweet and sour sauce	0	36	0.35	0	5	4	1.5	1.25	0.94
11098	Vanille, extrait aqueux	Vanilla, aqueous extract	0	57.7	0	0	14.4	14.4	0	0.03	0.007
11100	Sauce barbecue, préemballée	Barbecue sauce, prepacked	0	136	0.6	0.1	30.3	27.5	1.2	0.56	1.77
11101	Sauce béchamel, préemballée	Béchamel sauce, prepacked	0	105	7.4	4.61	6.2	3.1	1.3	2.56	0.69
11102	Sauce béarnaise, préemballée	Béarnaise sauce, prepacked	0	455	47.7	3.55	4.87	2.3	0.13	0.88	1.95
11104	Sauce soja, préemballée	Soy sauce, prepacked	0	39.9	0	0	1.72	0	0.9	7.25	13.1
11105	Sauce hollandaise, préemballée	Hollandaise sauce, prepacked	0	197	19.8	7.23	3.2	0.7	0.5	1.19	1.19
11107	Sauce tomate aux oignons, préemballée	Tomato sauce, with onions, prepacked	0	78.8	4.18	0.49	7.69	5.44	2.17	1.52	1.17
11108	Sauce vinaigrette à l'huile d'olive (50 à 75% d'huile), préemballée	Salad dressing, olive oil (50-75% fat), prepacked	0	471	50.5	5.15	3.03	2.73	0.53	0.7	2.47
11109	Sauce vinaigrette allégée en matière grasse (25 à 50% d'huile), préemballée	Salad dressing, reduced fat (25-50% of oil), prepacked	0	251	26.4	2.2	2.39	1.73	0.5	0.25	1.9
11110	Sauce vinaigrette (50 à 75% d'huile), préemballée	Salad dressing, (50-75% of oil), prepacked	0	475	51	5.52	2.91	2.11	0.75	0.55	2.2
11111	Sauce armoricaine, préemballée	Armorican-style sauce, prepacked	0	83.6	6.6	6.3	3.95	0.73	0	2.1	1.3
11112	Harissa (sauce au piment), préemballée	Harissa (hot spicy sauce), prepacked	0	76.4	2.9	0.47	7.3	6.89	5.1	2.72	2.81
11114	Sauce tomate à la viande ou sauce bolognaise, préemballée	Bolognese sauce or tomato sauce with meat, prepacked	0	93.8	4.81	1.78	7.27	4.74	2.29	4.22	1.18
11115	Sauce au poivre vert, préemballée	Green pepper sauce, prepacked	0	88.9	6.65	2.95	5.3	1.3	1.3	1.3	1.15
11120	Sauce bourguignonne, préemballée	Burgundy-style sauce, prepacked	0	439	44.6	3.55	7.85	5.79	0.53	1.34	2.76
11121	Sauce madère, préemballée	Madeira wine sauce, prepacked	0	37.6	2.2	1.1	3.6	1.9	0.5	0.6	1.1
11122	Sauce à l'échalote à la crème, préemballée	Cream sauce with shallots, prepacked	0	106	5.53	3.03	11.9	2.27	0.9	1.7	1.61
11128	Sauce carbonara, préemballée	Carbonara sauce (cream sauce with lardoons), prepacked	0	160	12.8	8.25	4.7	1	2.65	5.17	1.49
11129	Sauce chasseur, préemballée	Hunter-style sauce (white wine sauce with mushrooms, shallots and tomatoes), prepacked	0	38.8	1.61		4.66		0.43	1.21	1.03
11132	Sauce au curry, chaude, préemballée	Curry sauce, warm, prepacked	0	77.4	3.16	2.11	10.6	5.83	1.28	1.02	1.12
11140	Sauce au beurre blanc, préemballée	White butter sauce, prepacked	0	212	21.4	11.9	3.4	1.35	0	1.13	1.16
11143	Sauce béchamel au beurre, faite maison	Béchamel sauce, w butter, homemade	0	147	10.6	2.85	8.97	4.38	0.2	3.84	0.89
11157	Sauce moutarde, préemballée	Mustard sauce, prepacked	0	233	22.8		4.7	0.8	1.2	1.66	2.35
11158	Sauce au beurre, préemballée	Butter sauce, prepacked	0	192	17.9	12.1	5.2	1	1	2.2	1.36
11159	Sauce à la crème	Cream sauce	0	78.2	5.55	3	5.9	0.73	0.17	1.08	1.38
11160	Sauce aux champignons, préemballée	Mushroom sauce, prepacked	0	98.8	6.26		6.3	2.2	2.25	3.2	0.9
11161	Sauce à la crème aux épices	Cream sauce with spices	0	82.5	5.75	3.12	6.2	0.95	0.65	1.16	1.29
11162	Sauce à la crème aux herbes	Cream sauce with herbs	0	76.6	5.49	2.94	5.5	0.74	0.4	1.09	1.39
11163	Sauce aigre douce, préemballée	Sweet and sour sauce, prepacked	0	153	0.2	0.2	37	15.9	0.97	0.3	3.4
11164	Sauce au vin rouge, faite maison	Red wine sauce, homemade	0	64.5	2.22	1.32	7	2.47	0.46	0.81	1.7
11166	Sauce au yaourt, faite maison	Yogurt sauce, homemade	0	98.5	6.91	1.46	5.04	4.37	0.8	3.64	1.28
11167	Sauce américaine, préemballée	American-style sauce, prepacked	0	409	39.8	3.09	9.99	6.05	1	1.34	2.84
11168	Sauce aïoli, préemballée	Aioli sauce (garlic and olive oil mayonnaise), prepacked	0	480	50.2	4.8	5.44	2.61	0.25	1.13	1.82
11169	Fond de veau pour sauces et cuisson, déshydraté	Veal stock for sauce and cooking, dehydrated	0	343	7.4	3.22	59.5	22.3	2.1	8.5	16.7
11170	Sauce basquaise ou sauce aux poivrons, préemballée	Basque-style sauce or tomato sauce with sweet peppers, prepacked	0	63.1	2.71	0.49	7.41	4.46	2.09	1.17	1.13
11171	Fond de volaille pour sauces et cuisson, déshydraté	Poultry stock for sauce and cooking, dehydrated	0	336	4.5	1.84	63	24	1.5	10	13.5
11172	Court-bouillon pour poissons, déshydraté	Aromatic stock cube, for fish, dehydrated	0	260	23	16	7	4.5	2.5	5	47.5
11174	Bouillon de volaille, déshydraté	Broth or stock, poultry, dehydrated	0	193	8	5	17	4	0.5	13	56.4
11175	Gelée au madère, déshydratée	Madeira wine aspic, dehydrated	0	262	0.2	0.1	18	0.5	0	47	27.5
11176	Gelée au madère	Madeira wine aspic	0	136	0.01	0.004	9.75	0.1	0.004	24.4	1.48
11177	Sauce tomate aux champignons, préemballée	Tomato sauce, with mushrooms, prepacked	0	68.3	2.68	0.26	7.78	4.58	2.35	1.79	1.04
11178	Sauce tomate aux olives, préemballée	Tomato sauce, with olives, prepacked	0	110	7.32	0.88	7.5	3.68	3.34	1.41	1.83
11179	Sauce pesto, préemballée	Pesto sauce, prepacked	0	370	35.4	4.39	6.6	3.2	2.5	3.94	2.64
11182	Sauce au poivre, chaude, préemballée	Pepper sauce, warm, prepacked	0	160	14.8	1.91	4.8	1.76	1.13	1	1.58
11184	Sauce (aliment moyen)	Sauce (average)	0	246	23.3	2.79	6.74	4.64	1.18	1.51	1.81
11187	Sauce crudités ou sauce salade, préemballée	Salad dressing, prepacked	0	303	30.5	2.53	6.17	4.17	0.56	0.61	2.33
11189	Sauce au fromage pour risotto ou pâtes, préemballée	Cheese sauce for risotto or pasta, prepacked	0	118	9.53	7	4.24	0.68	1.4	3.11	1.38
11191	Sauce au roquefort, préemballée	Roquefort sauce, prepacked	0	128	10.9	7.18	4.4	1.1	0.6	2.85	1.25
11192	Sauce aux champignons et à la crème, préemballée	Cream sauce with mushrooms, prepacked	0	75.5	5	2.51	6.2	1.52	0	1.38	0.96
11194	Sauce nuoc mâm ou sauce au poisson, préemballée	Nuoc mam sauce or fish sauce, prepacked	0	81.2	0	0	10.9	8.34	0.2	9.3	22.2
11196	Sauce burger, préemballée	Burger sauce, prepacked	0	427	40.4	3.31	13.2	10.3	0.58	1.28	2.04
11198	Sauce crudités ou sauce salade, allégée en matière grasse, préemballée	Salad dressing, reduced fat, prepacked	0	160	14.3	1.25	6.7	4.55	0.62	0.8	2.2
11199	Sauce grand veneur, préemballée	Grand veneur sauce (reduction of red wine with garlic, shallots and red currant jelly), prepacked	0	103	7	4.85	8.45	6.6	0	1.5	1.14
11202	Sauce indienne type tandoori ou tikka masala, préemballée	Indian-style sauce, tandoori or garam masala type, prepacked	0	86.7	1.7	0.35	14.3	12.3	1.9	2.6	2.4
11203	Sauce kebab, préemballée	Kebab sauce, prepacked	0	433	44.1	3.35	6.93	4.35	0.3	1.22	1.65
11205	Sauce rouille, préemballée	Rouille sauce (mayonnaise with garlic, chilli pepper and fish broth), prepacked	0	551	59.8	4.3	2.7	0.8	0	0.6	1.6
11207	Sauce tomate aux petits légumes, préemballée	Tomato sauce, with vegetables, prepacked	0	66.8	2.9	0.35	7.57	5.22	2.12	1.54	0.99
11208	Sauce tomate au fromage, préemballée	Tomato sauce, with cheese, prepacked	0	180	14.2	3.83	8.09	4.6	2.41	3.94	1.31
11210	Sauce pesto rosso, préemballée	Pesto rosso sauce, prepacked	0	305	27	3.95	8.58	2.75	4.15	4.8	1.99
11212	Sauce au poivre, froide, préemballée	Pepper sauce, condiment, cold, prepacked	0	472	49.3	3.78	5.8	5.19	0	0.69	2.31
11213	Sauce froide (aliment moyen)	Sauce, cold (average)	0	318	31.9	2.88	6.23	4.89	0.79	0.83	2.12
11214	Préparation culinaire à base de soja, type "crème de soja"	Soy "cream"	0	152	14.7	1.65	2.03	1.6		3.25	0.063
11215	Caviar de tomates	Tomato caviar (seasoned tomato puree)	0	218	19.2	1.88	6.8	6.5	3.5	2.19	2.09
11216	Sauce soja sucrée, préemballée	Soy sauce, with sugar(s), prepacked	0	171	0	0	39.5	39.5	0	2.88	6.9
11217	Sauce pour nems à base de nuoc-mam dilué, préemballée	Sauce for fried spring rolls, nuoc mam based, prepacked	0	132	0	0	31.2	30.9	0	1.38	4.29
11218	Sauce chaude (aliment moyen)	Sauce, warm (average)	0	123	8.67	2.65	7.65	4.21	1.88	2.67	1.28
11219	Sauce végétale type bolognaise, aux protéines de soja, préemballée	Bolognese-type vegetarian sauce, with soya proteins, prepacked	0	68	3	0.48	5.05	5.05	2.46	3.56	0.77
11220	Vinaigre de vin rouge	Vinegar, red wine	0	20.6	0		0	0	0	0.25	0.013
11221	Extrait de levure, à tartiner	Yeast extract spread	0	187	0.4		3.5	1.6	0	42.4	10.8
11222	Ktipiti, tartinade de fromage frais aux poivrons rouges, préemballé	Ktipiti, fresh cheese and red pepper dip, prepacked	0	154	11.9	0.94	3.9	3.1	1.35	7.24	0.89
11223	Sauce d'huître, préemballée	Oyster sauce, prepacked	0	50.7	0.25	0.043	10.6	0	0.3	1.35	6.83
11240	Sauce algérienne, préemballée	Algerian style sauce, prepacked	0	486	46.8	3.77	14	10.6	0.9	1.76	1.73
11243	Sauce andalouse, préemballée	Andalusian style sauce, prepacked	0	548	56.5	5.4	8.03	5.77	0.7	1.61	1.36
11244	Sauce cocktail, préemballée	Cocktail style sauce, prepacked	0	572	58.7	5	9.2	7.85	0.78	1.33	1.65
11245	Sauce pommes frites, préemballée	Pommes frites sauce, prepacked	0	330	31.6	2.55	10.3	6.59	0.2	0.82	2.08
11246	Sauce samouraï, préemballée	Samourai style sauce, prepacked	0	523	55.2	4.43	5.09	3.04	0.65	1.11	2.05
11247	Sauce au curry, froide, préemballée	Curry sauce, cold, prepacked	0	367	36.5	3.2	8.49	5.01	0.58	0.88	2.06
11248	Sauce Caesar, préemballée	Salad dressing, Caesar style, prepacked	0	448	45.7	4.77	7.04	5.09	1	1.8	2.18
11299	Crème de pruneaux, préemballée	Prune sauce, prepacked	0	240	0.45	0	55	53	5	1.4	0.01
11300	Sauce au chocolat, préemballée	Chocolate sauce, prepacked	0	308	5.1	2.37	62.3	48.9	1.8	2.16	0.048
11301	Sauce teriyaki, préemballée	Teriyaki sauce, prepacked	0	88.1	0.02	0	16	14.1	0.1	5.93	9.58
11302	Sauce à l'oseille, préemballée	Sorrel sauce, prepacked	0	153	15	10	1.7	1.7	3.2	1.3	0.63
11303	Fumet de poisson, prêt à consommer, préemballé	Fish stock, ready to eat, prepacked	0	53.6	2	1.2	3.8	1.8		5.1	2.36
11304	Fond de veau, préemballé	Veal stock, prepacked	0	40.9	2.05	1	2.4	0.7	0.1	3.15	1.1
11306	Ail, rôti/cuit au four	Garlic, roasted/baked	0	125	0	0	23.8	1.4	2.7	5.56	0
11307	Ail, grillé/poêlé, sans matière grasse	Garlic, grilled/pan-fried, without fat	0	130	0.4	0.2	22	1	5.8	6	0
11506	Édulcorant à l'aspartame, en pastilles	Aspartame sweetener, in tablets	0	44	0	0		0		11	1.5
11507	Bicarbonate de soude	Sodium bicarbonate	0	0.4	0	0	0	0	0	0.1	
11509	Édulcorant à l'aspartame, en poudre	Aspartame, in powder	0	18.6	0	0	3.7	3.7	0	1	0.05
11510	Vermicelles multicolores	Rainbow sprinkles	0	389	0.15	0.01	95.6	93.6	0.5	1.16	0.025
12001	Camembert, sans précision sur le type de lait (pasteurisé ou cru)	Camembert cheese, from cow's milk	0	280	22.5	15.8	0	0	0	19.5	1.45
12003	Fromage à pâte molle et croûte fleurie, non allégé en matière grasse (type camembert)	Soft-ripened cheese with bloomy rind (Camembert-type cheese), from cow's milk	0	271	21.5	14.8	0	0	0	19.7	1.58
12004	Fromage à pâte molle et croûte fleurie, allégé en matière grasse (type camembert)	Soft-ripened cheese with bloomy rind, reduced fat (Camembert-type cheese), from cow's milk	0	178	9.3	6.8	1.07	0	0	22.6	1.44
12006	Camembert au lait cru ou thermisé	Camembert cheese, from cow's milk, from raw milk or thermised milk	0	267	20.3	14.1	0	0	0	20.7	1.45
12007	Camembert au lait pasteurisé	Camembert cheese, from cow's milk, from pasteurized milk	0	275	21.5	12.6	1.29	0	0	19.2	1.43
12008	Fromage à pâte molle et croûte fleurie, double crème environ 30% MG	Soft-ripened cheese, double cream, around 30% fat, with bloomy rind, from cow's milk	0	346	30.9	21.2	0.64	0.38	0.041	16.6	1.37
12010	Coulommiers	Coulommiers cheese, from cow's milk	0	280	23	16.1	0	0	0.043	18.8	1.45
12015	Fromage à pâte molle type carré ou brique, à croûte fleurie, non allégé en matière grasse	Soft-ripened cheese with bloomy rind, square or brick , from cow's milk	0	330	28.8	18.7	0	0	0.05	17.8	1.31
12020	Brie, sans précision	Brie cheese, from cow's milk	0	345	30.4	21.5	0.68	0.15	0.056	17.6	1.43
12021	Brie de Meaux	Brie de Meaux cheese, from cow's milk	0	276	20.7	14.5	1.17	0	0.13	21.4	2.02
12022	Brie de Melun	Brie de Melun cheese, from cow's milk	0	288	22.2	15.2	0	0	0	22	1.89
12025	Carré de l'Est	Carré de l'Est cheese, from cow's milk	0	318	27	18.9	0.83	0.33	0	18.4	1.6
12028	Chaource	Chaource cheese, from cow's milk	0	278	22.9	15.8	0.58	0	0	17.3	1.9
12029	Maroilles, laitier	Maroilles "laitier" (milk collected in many farms) cheese, from cow's milk	0	338	27.8	17.5	0	0	0	22.3	1.87
12030	Maroilles, fermier	Maroilles "fermier" (milk collected in an unique farm) cheese, from cow's milk	0	349	29.5	17.3	0	0	0	21.2	2.07
12031	Neufchâtel	Neufchâtel cheese, from cow's milk	0	300	25.5	18.1	0	0	0	18.1	1.71
12033	Fromage à pâte molle, triple crème, environ 38% MG	Soft-ripened cheese, triple cream, around 3840% fat, from cow's milk	0	380	37.2	25.8	1.05	0.85	0	10.5	1.04
12034	Fromage à pâte molle et croûte lavée (aliment moyen)	Soft-ripened cheese, washed rind (average)	0	313	25.9	17.8	0.42	0.37	0.087	20	1.77
12035	Fromage à pâte molle et croûte lavée, allégé en matière grasse	Soft-ripened washed-rind cheese, reduced fat, from cow's milk	0	200	12.4	8.08	1		0	21.6	1.63
12036	Maroilles, sans précision	Maroilles cheese, from cow's milk	0	325	26.4	18.1	0	0	0	21.9	2.09
12037	Livarot	Livarot cheese, from cow's milk	0	301	22.6	15.3	0	0	0	24.6	1.5
12038	Époisses	Époisses cheese, from cow's milk	0	286	24	17	0	0	0	17.6	1.77
12039	Munster	Munster cheese, from cow's milk	0	324	26.8	18.9	0.7	0.56	0.19	20.4	2
12040	Langres	Langres cheese, from cow's milk	0	286	23.8	16.9	1.13	0	0	16.7	0.99
12041	Fromage à pâte molle et croûte lavée, non allégé en matière grasse	Soft-ripened washed-rind cheese, from cow's milk	0	311	25.7	17.4	0	0	0	20.3	1.57
12042	Pont l'Évêque	Pont l'Evêque cheese, from cow's milk	0	326	26.2	18.2	0	0	0	22.7	1.3
12045	Reblochon	Reblochon cheese, from cow's milk	0	322	26.9	19	0	0	0	20.3	1.38
12049	Saint-Marcellin	Saint-Marcellin cheese, from cow's milk	0	280	24.3	18.1	0	0	0	15.1	1.08
12050	Fromage à pâte molle et croûte mixte (lavée et fleurie) colorée	Soft-ripened washed, bloomy and coloured rind cheese, from cow's milk	0	336	29	19.5	1	1	0	18.2	
12051	Mont d'or ou vacherin du Haut-Doubs (produit en France) ou vacherin-Mont d'Or (produit en Suisse)	Vacherin cheese or Mont d'or cheese, from cow's milk	0	293	24.6	17	0.54	0.5	0	17.9	1.43
12052	Saint-Félicien	Saint-Felicien cheese, from cow's milk	0	281	25.2	18	0	0	0	13.4	1.28
12053	Fromage pour tartiflette (pâte molle et croûte mixte)	Cheese for tartiflette, soft with mixed rind, from cow's milk	0	320	26.4	18.5	0.72	0.72	0	20.2	1.48
12054	Spécialité fromagère non affinée en coque, enrichie en vitamines	Uncured soft cheese, spreadable, in a shell, fortified with vitamins, from cow's milk	0	242	22.9	15.7	3.5	3	0	5.51	1.1
12060	Fromage type feta, au lait de vache 100%	Feta-type cheese, 100% from cow's milk	0	273	22.6	14.1	1.22	0.84	0	15.4	2.51
12063	Fromage type feta, au lait de vache 100%, à l'huile et aux aromates	Feta-type cheese, 100% from cow's milk, in oil and spices	0	283	23.4	13.2	0.16	0	0	17.6	2.52
12064	Boulette d'Avesne	Boulette d'Avesnes cheese from cow's milk	0	355	30	19.8	0	0	0	20.9	1.99
12065	Bouchée apéritive de fromage au lait de vache non affiné, fourrée ou enrobée	Finger-food cheese from cow's milk, filled or coated	0	274	24	16.3	2.92	1.7	0	11.3	1.63
12066	Feta, au lait de brebis 70% minimum et lait de chèvre 30% maximum	Feta cheese, 70% min. from ewe's milk, 30% min. from goat's milk	0	284	24.3	16.8	0.45	0	0.2	15.1	2.27
12068	Fromage frais ou spécialité fromagère non affinée, nature, à tartiner, en barquette, non allégée en matière grasse	Uncured soft cheese, spreadable, plain, in tray, from cow's milk	0	225	20.7	13	3.31	3.31	0	6.25	0.9
12069	Fromage frais ou spécialité fromagère non affinée, nature, à tartiner, en barquette, allégée en matière grasse	Uncured soft cheese, spreadable, plain, in tray, reduced fat, from cow's milk	0	133	7.48	4.94	5.12	4.79	0.25	10.8	0.92
12070	Fromage frais ou spécialité fromagère non affinée, ail et fines herbes, à tartiner, non allégée en matière grasse	Uncured soft cheese, spreadable, flavoured with garlic and herbs), from cow's milk	0	320	30.8	20.2	2.7	2.34	0	8.03	1.24
12071	Brousse (fromage de brebis frais au lactosérum)	Brousse (uncured cheese from ewes' milk)	0	142	9.36	5.7	4.81	4.81	0	9.38	0.76
12072	Burrata	Burrata, from cow's milk	0	259	23.4	15.4	0.93	0.55	0	10.8	0.53
12099	Emmental de Savoie ou emmenthal de Savoie	Emmental cheese, from cow's milk, from Savoy	0	396	30.8	21.4	0	0	0	29.7	0.26
12100	Fromage à pâte pressée cuite (aliment moyen)	Hard cheese (average)	0	396	31.6	20.7	0.28	0.003	0.004	27.8	0.91
12105	Beaufort	Beaufort cheese, from cow's milk	0	404	33	21.4	0.72	0.1	0.063	26.7	1.06
12109	Cantal jeune	Cantal cheese, not matured, from cow's milk,	0	363	29.1	18.8	0	0	0	24.7	1.81
12110	Comté	Comté cheese, from cow's milk	0	413	33.8	21.7	0	0	0	27.8	0.84
12111	Fromage à effilocher ou à dérouler	Processed cheese, to unroll or to shred, from cow's milk	0	307	22.4	13.7	2.68	0.93	0	23.8	1.66
12112	Abondance	Abondance cheese, from cow's milk	0	393	31.6	20.1	0	0	0.083	27.1	1.73
12113	Gruyère IGP France	Gruyere cheese, France, Protected Geographical Indication, from cow's milk	0	415	33.2	21.6	0.7	0	0	28.2	1.11
12114	Gruyère, sans précision (origine France ou Suisse)	Gruyere cheese, from cow's milk	0	408	33.5	22	0.78	0	0	26.3	1.3
12115	Emmental ou emmenthal	Emmental cheese, from cow's milk	0	373	28.8	19.7	0	0	0	27.9	0.61
12116	Fromage à pâte pressée cuite type emmental ou emmenthal, allégé en matière grasse	Hard cheese, emmental-type cheese, reduced fat, from cow's milk	0	258	15.2	10.4	1.18	0	0	29.2	1.4
12118	Emmental ou emmenthal, râpé	Emmental cheese, grated, from cow's milk	0	368	28.2	18.1	0.58	0	0.042	27.6	0.68
12119	Ossau-Iraty (fromage de brebis)	Ossau-Iraty cheese, from ewe's milk	0	423	36	24.3	1	0.12	0	24.2	1.76
12120	Parmesan	Parmesan cheese, from cow's milk	0	411	31	20.6	1.14	0	0	31.1	1.57
12121	Fontina	Fontina cheese, from cow's milk	0	384	31.1	19.2	0.8	0	0	25.6	2
12122	Pecorino (fromage de brebis)	Pecorino cheese, from ewe's milk	0	383	31	22	1	0	0	25.5	5.3
12123	Grana Padano	Grana Padano cheese, from cow's milk	0	399	28.5	17	1.17	0	0	33.9	1.35
12300	Fromage fondu en tranchettes	Processed cheese, in slices, from cow's milk	0	246	18.5	12.3	5.34	4.95	0	14.1	2.46
12302	Spécialité fromagère fondue aromatisée en cubes pour l’apéritif (cubes de fromage fondu au lait de vache)	Processed cheese, from cow's milk, flavoured, in cubes, for aperitif	0	251	19.9	12.9	5.57	4.45	0	12.4	2.18
12303	Fromage fondu en portion (triangle), non enrichi	Processed cheese, from cow's milk, triangle, not fortified	0	238	17.6	12.3	8.52	5.75	0.13	11.2	1.84
12304	Fromage fondu en portion (triangle), enrichi en vitamines	Processed cheese, from cow's milk, triangle, fortified with vitamins	0	259	21.4	13.6	8.49	6.74	0	8	1.65
12305	Fromage fondu, allégé en matière grasse	Processed cheese, reduced fat, from cow's milk	0	134	7.36	4.6	4.6	4.6	0	11.5	0.74
12306	Fromage blanc fondu en portion (carré), non enrichi en vitamines	Processed cheese, from cow's milk, square, not fortified with vitamins	0	305	28.6	18.9	2.98	2.21	0	8.77	1.34
12307	Fromage blanc fondu en portion (carré ou bâtonnet), enrichi en vitamines	Processed cheese, from cow's milk, square or on stick, fortified with vitamins	0	305	28.7	19	3.39	2.47	0	8.38	1.27
12325	Cancoillotte (spécialité fromagère fondue)	Cancoillotte (processed cheese), from cow's milk	0	151	10.5	7.06	0.48	0	0	13.8	1.73
12355	Spécialité fromagère fondante au fromage blanc et aux noix	Processed cheese with fresh cream cheese and walnuts, from cow's milk	0	311	28.5	13	2.5	1.5	0	11.2	1.7
12356	Snack pour enfants à base de fromage fondu et de gressins	Processed cheese snack , from cow's milk, with breadsticks, for children	0	298	17.9	10.1	24	4.88	1	9.83	1.63
12500	Roquefort (fromage de brebis)	Roquefort cheese, from ewe's milk	0	384	33.9	24.9	0	0	0	19.5	3.22
12519	Fourme de Montbrison	Fourme de Montbrison cheese, from cow's milk,	0	365	30.8	20.5	0	0	0	22.5	1.63
12520	Fromage bleu au lait de vache, non allégé en matière grasse	Blue cheese, from cow's milk	0	361	32.5	22.5	0.68	0.18	0.063	16.8	1.87
12521	Fromage bleu d'Auvergne	Auvergne blue cheese, from cow's milk	0	342	29	20.2	0	0	0	20.6	2.68
12522	Fourme d'Ambert	Fourme d'Ambert cheese, from cow's milk	0	339	28.4	16.3	0	0	0	20.6	2.2
12523	Fromage bleu des Causses	Causses blue cheese, from cow's milk	0	350	30	21.2	0	0	0	20.4	3.4
12524	Gorgonzola	Gorgonzola cheese, from cow's milk	0	318	26.9	16.4	0	0	0	19.5	1.89
12526	Bleu de Gex ou fromage bleu du Haut-Jura ou bleu de Septmoncel	Gex blue cheese, or Jura blue cheese or Septmoncel blue cheese, from cow's milk	0	364	30.7	20.2	0	0	0	22.5	1.44
12528	Fromage bleu au lait de vache, allegé en matière grasse	Bresse blue cheese, reduced fat, from cow's milk	0	223	15	11	1	0.5	0	21.4	1.7
12705	Fromage à pâte pressée non cuite type maasdam, allégé en matière grasse	Firm cheese, Maasdam-type, reduced fat, from cow's milk	0	238	13.8	8.9	0.8	0	0	28.2	2.06
12716	Provolone	Provolone cheese, from cow's milk	0	340	26.6	17.1	0	0	0	25.6	2.19
12720	Fromage à pâte pressée non cuite, enrobé de cire, non allégé en matière grasse	Firm cheese in wax casing, from cow's milk	0	303	23.8	15.3	0	0	0	21.5	1.78
12721	Fromage à pâte pressée non cuite, enrobé de cire, allégé en matière grasse	Firm cheese in wax casing, reduced fat, from cow's milk	0	208	12	8	0	0	0	25.5	1.8
12722	Cantal entre-deux	Cantal cheese, half matured, from cow's milk	0	383	30.5	19.9	0	0	0	26.6	1.85
12724	Cantal	Cantal cheese, from cow's milk	0	378	31	24.2	0	0	0	25.3	2.15
12725	Salers	Salers cheese, from cow's milk	0	388	31.4	20	0	0	0	25.9	2.19
12726	Cheddar	Cheddar cheese, from cow's milk	0	399	32.6	20.1	1.2	0.15	0	24.7	1.77
12729	Edam	Edam cheese, from cow's milk	0	320	24.4	16.7	0	0	0	25.7	2.22
12735	Mimolette jeune (moins de 6 mois d'affinage)	Mimolette cheese, young, from cow's milk (cured less than 6 months)	0	331	24.2	16.1	0	0	0	28.9	2.44
12736	Gouda	Gouda cheese, from cow's milk	0	369	30.2	20.1	0	0	0	24.7	1.95
12737	Mimolette demi-vieille (6 mois d'affinage minimum)	Mimolette cheese, half-old, from cow's milk (cured 6 months minimum)	0	371	27.5	17.9	0.75	0	0	30.6	3
12738	Mimolette vieille (12 mois d'affinage minimum)	Mimolette cheese, old, from cow's milk (cured 12 months minimum)	0	397	28.8	19	0	0	0	34	3.68
12740	Mimolette, sans précision	Mimolette cheese, from cow's milk	0	319	24.2	16.6	0	0	0	25.8	2.17
12741	Fromage à pâte pressée non cuite type maasdam, non allégé en matière grasse	Firm cheese, Maasdam-type, from cow's milk	0	359	28.4	19.5	0	0	0	25.5	1.29
12742	Mimolette extra-vieille (18 mois d'affinage minimum)	Mimolette cheese, extra old, from cow's milk (cured 18 months minimum)	0	402	29.5	19.6	1	0	0	33.7	3.33
12743	Morbier	Morbier cheese, from cow's milk	0	355	29.2	19.2	0	0	0	22.8	1.41
12747	Fromage de brebis à pâte pressée non cuite des Pyrénées, type tomme ou tome	Pyrénées firm cheese, from ewe's milk	0	393	33.6	24	0.72	0.25	0	22.3	1.61
12748	Saint-Nectaire, laitier	Saint-Nectaire cheese, from cow's milk, milk collected in many farms	0	333	27.2	18.2	0.9	0	0	21.7	1.55
12749	Raclette (fromage)	Raclette cheese, from cow's milk	0	342	27.5	18.5	0	0	0	23.4	1.69
12751	Saint-Nectaire, fermier	Saint-Nectaire cheese, from cow's milk, milk collected in an unique farm	0	360	29.8	19.8	1.2	0	0	22.3	1
12752	Saint-Nectaire, sans précision	Saint-Nectaire cheese, from cow's milk	0	342	27.5	18	0.5	0	0	23.5	1.8
12755	Saint-Paulin (fromage à pâte pressée non cuite demi-ferme)	Saint-Paulin, firm cheese, from cow's milk (semi-hard cheese)	0	327	26.4	17.9	0	0	0	22.3	1.61
12758	Tomme ou tome de vache	Tomme cheese, from cow's milk	0	364	29.4	19.4	3.37	0	0	21.6	1.28
12760	Tomme ou tome, allégée en matière grasse	Tomme cheese, reduced fat, around 13% fat	0	240	13.2	8.44	0	0	0	31	1.84
12761	Asiago	Asiago cheese, from cow's milk	0	356	25.6	15.9	0	0	0	32.1	1.9
12762	Fromage de brebis corse à pâte molle	Corsica soft ripened cheese, from ewe's milk	0	426	38.4		0	0	0	20.4	1.9
12763	Tome des Bauges	Tomme cheese (PDO) from the French Bauges mountains, from cow's milk	0	381	30.8	19	0	0	0	26.6	1.15
12764	Tête de moine	Tete de Moine cheese (PDO), from cow's milk	0	415	34.5	21.5	0.5	0	0	26	2
12765	Raclette (fromage) fumée	Raclette cheese, from cow's milk, smoked	0	345	27.7	18.7	0.5	0.17	0	24.1	1.65
12766	Raclette (fromage), au poivre	Raclette cheese, from cow's milk, with pepper	0	350	28	18.6	0.5	0	0	24.5	1.66
12767	Gouda au cumin	Gouda cheese, with cumin seed, from cow's milk	0	378	31	20.9	0.6	0	0.9	24.1	1.96
12771	Tomme ou tome de Savoie	Tomme cheese, from cow's milk, from Savoy	0	361	29.2	20.8	0.97	0.058	0	23.5	1.31
12773	Tomme ou tome des Pyrénées	Tomme cheese, from cow's milk, from Pyrénées	0	340	27.9	19.5	0.7	0.18	0	22.1	1.79
12775	Mélange de fromages râpés (ex : spécial gratins, spécial pâtes, spécial pizzas…)	Cheese mix, grated, from cow's milk	0	386	28.9	20.1	0.15	0	0	32	1.48
12776	Raclette de Savoie (fromage)	Raclette cheese, from cow's milk, from Savoy	0	357	29.1	20.2	0	0	0	24.1	1.52
12803	Fromage de chèvre lactique affiné, type palet, crottin ou bûchette	Cheese, lactic, matured, from goat's milk	0	308	24.7	18.3	1.24	0.26	0	20.7	1.52
12805	Fromage de chèvre frais, type palet, crottin ou bûchette	Cheese, fresh, from goat's milk,	0	194	15.2	10.7	2.5	2.17	0	12	1.15
12807	Sainte-Maure de Touraine (fromage de chèvre)	Cheese, from goat's milk, from raw milk	0	286	23.3	17.6	1.12	0.017	0	18.5	1.32
12810	Fromage de chèvre demi-sec	Cheese, semi-dry, from goat's milk	0	353	29.8	20.6	0	0	0	21.6	1.81
12812	Fromage de chèvre bûche	Cheese, buche, from goat's milk	0	285	23.3	16.2	0	0	0	18.8	1.58
12813	Fromage de chèvre bûche, allégé en matière grasse	Cheese, buche, from goat's milk, reduced fat	0	183	10	6.8	1	1	0	22.6	1.24
12814	Fromage de chèvre à pâte molle non pressée non cuite et croûte naturelle	Soft-ripened cheese, from goat's milk	0	286	23	16.3	0.72	0.69	0	19.5	1.56
12815	Fromage de chèvre sec	Cheese, dry, from goat's milk	0	440	35.6	24.6	0		0	30.5	1.06
12816	Fromage à pâte pressée demi-cuite	Hard cheese, from cow's milk	0	359	28.8	19.4	0	0	0	25.6	1.58
12819	Fromage de chèvre à tartiner, nature	Cheese, from goat's milk, spreadable, plain	0	161	12.2	8.08	2.41	2.41	0	10.8	0.92
12820	Fromage de chèvre à pâte molle et croûte fleurie (type camembert, cabécou)	Soft-ripened cheese with bloomy rind, from goat's milk, Camembert-type cheese	0	288	23.8	15.9	0	0	0	19	0.84
12824	Fromage de brebis à pâte molle et croûte fleurie	Soft ripened cheese with bloomy rind, from ewe's milk	0	297	25.2	18.4	0	0	0	18	1.41
12828	Fromage de lactosérum de brebis	Cheese, from ewe's whey	0	190	14.8		4.3	4.3	0	10.1	0.63
12830	Chabichou (fromage de chèvre)	Chabichou cheese, from goat's milk	0	305	24.8	17.9	1.5	0	0	19.4	1.45
12831	Pélardon (fromage de chèvre)	Pélardon cheese, from goat's milk	0	343	27.8	18.6	0	0	0	23.8	1.43
12832	Crottin de chèvre, au lait cru	Crottin cheese, from goat's milk, from raw milk	0	384	32.6	24.1	0	0	0	23.2	1.01
12833	Crottin de chèvre, sans précision sur le type de lait - pasteurisé ou cru -	Crottin cheese, from goat's milk	0	344	28	19.6	1	0	0	22.4	1.17
12834	Crottin de Chavignol (fromage de chèvre)	Crottin de Chavignol cheese, from goat's milk	0	318	25.8	19	1.28	1	0	20.7	1.58
12836	Picodon (fromage de chèvre)	Picodon cheese, from goat's milk	0	313	25.6	19	1	0.9	0.13	19.9	1.27
12839	Pouligny Saint-Pierre (fromage de chèvre)	Pouligny Saint-Pierre cheese, from goat's milk	0	286	23.5	16.7	1.38	0	0	17.6	1.43
12842	Sainte-Maure (fromage de chèvre)	Sainte Maure cheese, from goat's milk	0	298	24	17.1	0.91	0.52	0	20	1.56
12845	Selles-sur-Cher (fromage de chèvre)	Selles-sur-Cher cheese, from goat's milk	0	289	23.5	17.5	1.17	0.58	0	18.8	1.47
12846	Chevrot (fromage de chèvre)	Chevrot cheese, from goat's milk	0	263	21.1	14.3	1.42	0.49	0	17.2	1.02
12847	Rocamadour (fromage de chèvre)	Rocamadour cheese, from goat's milk	0	274	22.2	17	0.93	0.23	0.5	18.1	1.14
12848	Valençay (fromage de chèvre)	Valençay cheese, from goat's milk	0	295	24.3	17.7	0.64	0.64	0	18.9	1.42
12850	Fromage de chèvre à pâte pressée non cuite, type tomme ou tome ou gouda de chèvre	Firm cheese, from goat's milk	0	344	28.2	18.9	0.9	0.18	0	22.1	1.71
12999	Fromage (aliment moyen)	Cheese (average)	0	324	26.3	18	0.71	0.42	0.015	21.1	1.44
13000	Abricot, dénoyauté, cru	Apricot, pitted, raw	0	44.1	0	0	9.01	6.7	1.7	0.81	0
13001	Abricot, dénoyauté, sec	Apricot, pitted, dried	0	239	0.5	0.19	59.1	34.3	8.3	2.88	0
13002	Ananas, chair sans peau, cru	Pineapple, flesh without skin, raw	0	51.6	0	0	11.7	10.5	1.2	0.25	0
13004	Avocat, chair sans peau, sans noyau, cru	Avocado, flesh without skin, pitted, raw	0	203	20.6	4.51	0	0.4	3.6	1.56	0.015
13005	Banane, chair sans peau, crue	Banana, flesh without skin, raw	0	87.6	0	0	19.7	15.6	2.7	1.06	0
13007	Cassis, cru	Black currant, raw	0	70.2	0.41	0.034	9.68	9.68	7.13	1.4	0.005
13008	Ceriser, chair et peau, sans noyau, crue	Cherry, flesh and skin, pitted, raw	0	53.7	0	0	13	10	1.6	0.81	0
13009	Citron, chair sans peau, sans pépins, cru	Lemon, flesh without skin, without seeds, raw	0	24.3	0	0	1.56	0.8	0	0.25	0
13010	Coing, cru	Quince, raw	0	59	0.1	0.01	12.5	6.3	1.9	0.4	0.01
13011	Datte, chair et peau, sans noyau, sèche	Date, flesh and skin, pitted, dried	0	287	0.25	0.075	64.7	64.7	7.3	1.81	0.098
13012	Figue, crue	Fig, raw	0	67.6	0	0	13.5	12.2	4.1	1.19	0.013
13013	Figue, sèche	Fig, dried	0	261	1.22	0.57	55	48.4	8.15	2.9	0.22
13014	Fraise, crue	Strawberry, raw	0	35.1	0	0	6.03	5.6	3.8	0.63	0
13015	Framboise, crue	Raspberry, raw	0	47.9	0.8	0.13	5.83	5.4	4.3	1.19	0
13016	Fruit de la passion ou maracudja, chair sans peau, avec pépins, cru	Passion fruit, flesh without skin, with seeds, raw	0	102	3	0.54	10.9	8.5	6.8	2.13	0
13018	Grenade, chair sans peau, avec pépins, crue	Pomegranate, flesh without skin, with seeds, raw	0	81	1.2	0.07	14.3	13.3	2.3	1.44	0
13019	Groseille, crue	Red currant, raw	0	67.2	0.7	0.21	7.06	6.63	4.6	1.56	0
13020	Groseille à maquereau, crue	Gooseberry, raw	0	39.4	0.58	0.038	4.45		4.3	0.88	0.003
13021	Kiwi, chair sans peau, avec pépins, cru	Kiwi fruit, flesh without skin, with seeds, raw	0	60.9	0.6	0.13	11	8.9	2.4	0.88	0
13023	Litchi, chair sans peau, sans noyau, cru	Lithchi, flesh without skin, pitted, flesh without skin, raw	0	77.5	0	0	16.1	15.7	2	1.13	0
13024	Clémentine ou mandarine, chair sans peau, sans pépins, crue	Clementine or Mandarin orange, flesh without skin, without seeds, raw	0	45.5	0	0	9.17	8.6	1.7	0.81	0
13025	Mangue, chair sans peau, sans noyau, crue	Mango, flesh without skin, pitted, raw	0	71.1	0	0	14.3	12.9	1.6	0.63	0
13026	Melon cantaloup (par ex.: Charentais), chair sans peau, sans pépins, cru	Melon, cantaloupe (ex Charentais melon), flesh without skin, without seeds, raw	0	59.8	0	0	14.8	10.6	1.3	1.13	0.06
13027	Prune mirabelle, sans noyau, crue	Mirabelle plum, pitted, raw	0	74.6	0	0	18	13.3	2.2	0.63	0
13028	Myrtille, crue	Blueberry, raw	0	57.7	0.33	0.028	10.6	9.96	2.4	0.87	0.003
13029	Mûre (de ronce), crue	Blackberry, raw	0	46	0.7	0.07	6.53	6.1	5.2	1.13	0
13032	Olive noire, en saumure, égouttée	Olive, black, in brine	0	173	17.2	2.08	0	0	6.2	1.38	1.77
13033	Olive verte, en saumure, égouttée	Olive, green, in brine	0	164	16.6	2.25	0.61	0	3.6	1.13	2.94
13034	Orange, chair sans peau, sans pépins, crue	Orange, flesh without skin, without seeds, raw	0	42	0	0	8.03	7.6	2.7	0.75	0
13035	Papaye, chair sans peau, crue	Papaya, flesh without skin, raw	0	39.6	0	0	8.53	8.1	1.8	0.75	0
13036	Pastèque, chair sans peau, sans pépins, crue	Watermelon, flesh without skin, without seeds, raw	0	35.4	0	0	8.33	7.9	0.5	0.69	0
13037	Poire, chair et peau, crue	Pear, flesh and skin, raw	0	56.6	0.27	0.067	12.3	9.75	2.9	0.36	0.004
13038	Compote de pomme, préemballée	Apple compote, prepacked	0	107	0.23	0	25.8	22.6	1.54	0.25	0.031
13039	Pomme, chair et peau, crue	Apple, flesh and skin, raw	0	54	0.25	0.052	11.6	10.6	1.4	0.25	0.004
13040	Pomelo (dit Pamplemousse), chair sans peau, sans pépins, cru	Grapefruit, flesh without skin, without seeds, raw	0	33.5	0	0	5.92	5.87	1.1	0.84	0
13041	Prune Reine-Claude, sans noyau, crue	Greengage plum, pitted, raw	0	69	0	0	16.4	10.4	1.7	0.94	0
13042	Pruneau, sans noyau, sec	Prune, pitted	0	229	0.4	0.16	55.4	38.1	5.1	1.63	0
13043	Pêche, chair et peau, sans noyau, crue	Peach, flesh and skin, pitted, raw	0	37.9	0.25	0.019	7.55	6.83	1.5	0.91	0
13044	Raisin blanc, à gros grain (type Italia ou Dattier), cru	Grape, white, raw	0	71.6	0	0	16.6	15.5	1	0.75	0
13045	Raisin noir, cru	Grape, red, raw	0	69.5	0.25	0.08	15.6	15.3	1.43	0.57	0
13046	Raisin sec	Raisin	0	322	0.9	0.31	73.2	70.3	4.2	3	0.013
13047	Rhubarbe, tige, crue	Rhubarb, stalk, raw	0	18.1	0.16	0.041	1.12	1.1	1.8	0.73	0.007
13051	Mélange apéritif de fruits exotiques, sec	Tropical fruit mix, sweetened, for snack, dried	0	389	10.5	9.16	69.5	59.4	3.4	2.19	0.22
13054	Carambole, chair et peau, crue	Carambola, flesh and skin, raw	0	28.4	0.33	0.019	3.83	3.83	2.8	1.04	0.005
13056	Anone ou chérimole, chair sans peau, crue	Cherimoya, flesh without skin, raw	0	80	0.68	0.23	15.4	12.9	3	1.57	0.018
13063	Figue de Barbarie, chair et peau, avec pépins, crue	Prickly pear, flesh and skin, with seeds, raw	0	51.5	0.11	0.01	9.79	1.02	5.3	0.12	0.01
13066	Kaki, chair et peau, cru	Persimmon, flesh and skin, raw	0	66	0	0	14.3	13.9	3.4	0.88	0
13067	Citron vert ou lime, chair sans peau, sans pépins, cru	Lime, flesh without skin, without seeds, raw	0	39.3	0	0	3.14	2.1	4.3	1.13	0.015
13083	Goyave, chair sans peau, crue	Guava, flesh without skin, raw	0	68.3	0.95	0.27	9.02	8.92	5.4	2.55	0.005
13085	Pomme Canada, chair sans peau, crue	Apple, Canada, flesh without skin, raw	0	51.1	0.1		11.6	11	1.6	0.4	0.009
13086	Pomme Golden, chair sans peau, crue	Apple, var. Golden, flesh without skin, raw	0	50.4	0	0	11.7	11.3	2.5	0.25	0
13089	Banane, chair sans peau, sèche	Banana, flesh without skin, dried	0	365	1.81	0.7	78.4	47.3	9.9	3.89	0.007
13100	Prune, sans noyau, crue	Plum, flesh and skin, pitted, raw	0	51.6	0.28	0.017	9.92	9.92	1.4	0.7	0
13101	Raisin Chasselas, cru	Grape, Chasselas, raw	0	77.8	0.5	0.12	16.9	16.5	2	0.75	0
13111	Pomme, sèche	Apple, dried	0	247	0.32	0.052	55	52.5	8.7	0.93	0.22
13118	Pêche, chair et peau, sans noyau, sèche	Peach, flesh and skin, pitted, dried	0	329	1	0.092	65.4	51.1	14.3	5	0.2
13121	Pomme Granny Smith, chair sans peau, crue	Apple, var. Granny Smith, flesh without skin, raw	0	51	0	0	11.4	10.6	2.6	0.25	0
13122	Pomme Granny Smith, chair et peau, crue	Apple, var. Granny Smith, flesh and skin,, raw	0	48.6	0	0	10.7	10.1	2.8	0.25	0
13128	Chayote ou christophine ou chouchou, crue	Chayote, raw	0	19.1	0.13	0.028	2.8	1.66	1.7	0.82	0.005
13129	Compote, tout type de fruits, allégée en sucres, préemballée, rayon frais	Fruit compote, miscellaneous fruits, reduced sugar, prepacked, refrigerated	0	63.8	0.073	0	14.7	14.1	1.89	0.17	0
13131	Olive noire, à l'huile (à la grecque)	Olive, black, in oil (Greek olive)	0	349	33.3	4.02	4.33	0.3	11.6	2.19	8.45
13134	Salade de fruits, crue	Fruit salad, raw	0	79.3	0.24	0.031	18	14.2	1.36	0.61	0.002
13147	Olives vertes, fourrées ou farcies (anchois, poivrons, etc.)	Olive, green, stuffed (anchovy, sweet peppers, etc…)	0	156	15.2	2.63	1.17	0	3	2.09	2.78
13148	Nectarine ou brugnon, jaune, chair et peau, sans noyau, crue	Nectarine, yellow, flesh and skin, pitted, raw	0	49.5	0	0	11.3	8.8	0.6	0.69	0
13149	Nectarine ou brugnon, blanche, chair et peau, sans noyau, crue	Nectarine, white, flesh and skin, pitted, raw	0	49.5	0	0	11.4	8.9	0	0.81	0
13151	Compote de pomme, allégée en sucres, rayon ambiant	Apple compote, reduced sugar, prepacked, room temperature	0	64.3	0.13	0.078	15.1	14.3	1.3	0.25	0
13152	Dessert de fruits, tout type de fruits (en taux de sucres : compotes allégées en sucres < desserts de fruits < compotes), préemballé, rayon ambiant	Fruits dessert, all types (sugar content is less than fruits compote but more than fruits compote reduced sugar), prepacked, room temperature	0	89.3	0.21	0.041	20.6	17.4	1.95	0.33	0.005
13153	Purée de fruits, tout type de fruits, type "compote sans sucres ajoutés", rayon ambiant	Stewed fruits, no added sugars, pulp or mixed fruits), prepacked, room temperature	0	56.4	0	0	13.3	11.3	1.7	0.25	0
13154	Spécialité de fruits, tout type de fruits, sucrée (mélange chairs et/ou purées de fruits, mais toujours avec autre ingrédient), préemballée, rayon ambiant	Stewed fruits, sweetened (pulp or mixed fruits, with sugar(s), but always with other ingredient), prepacked, room temperature	0	72.7	0.41	0.18	16.5	15.1	1.71	0.28	0.011
13157	Petit pot fruit avec banane pour bébé	Baby food jar, fruits with banana	0	56.6	0	0	12.1	12	2.3	0.6	0.004
13158	Petit pot fruit sans banane pour bébé	Baby food jar, fruits without banana	0	49.2	0	0	10.9	10.2	2.07	0.29	0.001
13159	Boisson aux fruits pour bébé dès 4/6mois	Baby fruit-based beverage, from 4/6 months	0	35.1	0	0	8.57	8.23	0	0.25	0.002
13160	Boisson à base de plantes pour bébé	Baby plant-based beverage	0	23.2	0	0	5.8	4.97	0	0.25	0.002
13161	Boisson infantile céréales lactées aux légumes pour dîner dès 4/6 mois	Dairy and cereal-based beverage for baby's dinner, with vegetables, from 4/6 months	0	82.1	2.83	1.42	11.6	3.71	0.9	2.14	0.09
13162	Boisson infantile céréales lactées aux fruits pour le goûter dès 4/6 mois	Dairy and cereal-based beverage for baby's snack, with fruits, from 4/6 months	0	67.6	3	1.23	7.7	6.8	1.5	1.75	0.096
13163	Boisson infantile céréales lactées pour le petit déjeuner dès 4/6 mois	Dairy and cereal-based beverage for baby's breakfast, from 4/6 months	0	80.7	2.7	1.26	12.1	5.7	0	1.98	0.08
13164	Dessert infantile lacté type crème dessert	Dairy dessert for baby, custard type	0	87	3.1	1.74	11.3	8.55	0	3.32	0.088
13165	Dessert infantile lacté au riz ou à la semoule	Dairy dessert for baby, with rice or semolina	0	90.8	3.3	2.21	11.7	8.65	0	3.45	0.075
13166	Dessert infantile lacté, sucré, nature ou aux fruits	Dairy dessert for baby, with sugar(s), plain or with fruits	0	97	3.5	2.28	12.5	9.26	0	3.19	0.075
13167	Céréales instantanées, poudre à reconstituer, dès 4/6 mois	Baby instant cereal (powder to be reconstituted), from 4/6 months	0	393	1.7	0.64	88.3	12.7	1.8	5.1	0.041
13168	Céréales instantanées, poudre à reconstituer, dès 6 mois	Baby instant cereal (powder to be reconstituted), from 6 months	0	391	2	0.61	81.1	32.8	4.3	10	0.037
13169	Boisson infantile céréales lactées pour le petit déjeuner dès 8/9 mois	Dairy and cereal-based beverage for baby's breakfast, from 8/9 months	0	81.2	2.8	1.26	11.6	5.57	0	2.36	0.083
13170	Boisson infantile céréales lactées pour le petit déjeuner dès 12 mois	Dairy and cereal-based beverage for baby's breakfast, from 12 months	0	86.3	2.78	1.19	12.6	4.7	1.1	2.23	0.066
13171	Boisson infantile lactées aux fruits pour le goûter dès 4/6 mois (sans céréales)	Dairy beverage for baby's snack from 4/6 months, with fruits (without cereals)	0	72.5	2.6	1.15	10.4	5.78	0	1.85	0.048
13173	Boisson infantile céréales lactées pour le petit déjeuner	Dairy and cereal-based beverage for baby's breakfast	0	85.5	2.89	1.23	12.7	4.7	0.6	1.9	0.083
13174	Spécialité de fruits, tout type de fruits, sans sucres ajoutés (mélange chairs et/ou purées de fruits, mais toujours avec autre ingrédient), préemballée, rayon ambiant	Stewed fruits, no added sugars (pulp or mixed fruits, but always with other ingredient), prepacked, room temperature	0	58.3	0.37	0.14	12.7	11.5	1.91	0.32	0.006
13175	Pomme, chair sans peau, rôtie/cuite au four	Apple, flesh without skin, roasted/baked	0	52.7	0	0	12.9	12.6	0	0.16	0
13176	Pomme, chair sans peau, bouillie/cuite à l'eau	Apples, raw, without skin, cooked, boiled/cooked in water	0	54	0.36	0.058	11.2	11	2.4	0.26	0.003
13177	Chayote ou christophine ou chouchou, bouillie/cuite à l'eau	Chayote, boiled/cooked in water	0	21.6	0.48	0.086	2.29		2.8	0.62	0.003
13178	Canneberge ou cranberry, séchée, sucrée	Cranberry, dried, with sugar(s)	0	332	1	0.2	76.4	72.8	5.7	0.25	0
13182	Boisson infantile céréales lactées (aliment moyen)	Dairy and cereal-based beverage for baby (average)	0	86	2.78	1.19	12.6	4.72	1.11	2.22	0.066
13183	Baie de goji, séchée	Goji berry, dried	0	300	2.9	0.75	49	48.4	11.8	12.1	0.91
13184	Olive (aliment moyen)	Olive (average)	0	165	16.6	2.29	0.65	0.029	3.83	1.29	2.83
13185	Compote ou assimilé, tout type de fruits, sans précision sur la teneur en sucres (allégée en sucres ou non, sans sucres ajoutés…) ni sur le rayon (aliment moyen)	Fruit compote and similar, any fruit, sugar content unknown (average)	0	80.2	0.16	0.02	19.1	17.2	1.65	0.26	0.013
13186	Olive noire (aliment moyen)	Olives, black (average food)	0	182	18	2.17	0.26	0.015	6.46	1.41	2.09
13187	Purée de pommes, type "compote sans sucres ajoutés", rayon ambiant	Stewed fruits, apple, no added sugars, (pulp or mixed fruits), room temperature	0	56.4	0.28	0.082	11.6	11.6	1.7	1.13	0
13188	Poire Conférence, chair sans peau, crue	Pear, var. Conférence, flesh without skin, raw	0	49.1	0	0	11.4	9.4	3.1	0.25	0
13189	Poire Williams, chair sans peau, crue	Pear, var. Williams, flesh without skin, raw	0	50.2	0	0	11.5	9.4	3.1	0.25	0
13190	Pomme Chantecler, chair sans peau, crue	Apple, var. Chanteclerc, flesh without skin, raw	0	47.2	0	0	11.2	10.8	1.9	0.25	0
13191	Pomme Gala, chair sans peau, crue	Apple, var. Gala, flesh without skin, raw	0	51.6	0	0	11.9	11.1	1.9	0.25	0
13192	Pomme Pink lady, chair sans peau, crue	Apple, var. Pink lady, flesh without skin, raw	0	57.3	0	0	12.8	12.3	2.9	0.25	0
13193	Pêche blanche, chair et peau, sans noyau, crue	Peach, white-flesh variety, flesh and skin, pitted, raw	0	44.3	0	0	9.48	8.7	2.1	0.69	0
13194	Pêche blanche, chair sans peau, sans noyau, crue	Peach, white-flesh variety, flesh without skin, pitted, raw	0	44.3	0	0	9.63	7.8	1.1	0.63	0
13195	Pêche jaune, chair sans peau, sans noyau, crue	Peach, yellow-flesh variety, flesh without skin, pitted, raw	0	44.5	0	0	9.8	7.6	1	0.69	0
13199	Compote, tout type de fruits autres que pomme seule, allégée en sucres, préemballée, rayon ambiant	Fruit compote, miscellaneous fruits other than apple only, reduced sugar, prepacked, room temperature	0	65.7	0.2	0.071	15.4	14.6	1.6	0.25	0
13200	Mangue José, chair sans peau, sans noyau, crue, prélevée à La Réunion (Mangifera indica L.)	Mango José, flesh without skin, pitted, raw, sampled in the island La Réunion (Mangifera indica L.)	0	88.8	0.5	0.18	19.3	18.4	1.8	0.75	0
13201	Ananas Victoria ou Queen Victoria, chair sans peau, crue, prélevé à La Réunion	Queen Vicoria ananas, flesh, raw, sampled in the island La Réunion	0	69.8	0	0	15.1	14.9	2.4	0.94	0
13202	Papaye Colombo (fruit mûr), chair sans peau, sans pépins, crue, prélevée à La Réunion (Carica papaya L.)	Colombo Papaya (fruit), mature,flesh without skin, without seeds, raw, sampled in the island La Réunion (Carica papaya L.)	0	38	0	0	7.88	7.7	2.2	0.56	0
13203	Rhubarbe, tige, cuite	Rhubarb, stalk, cooked	0	18.8	0	0	1.35	1.3	2.3	0.94	0
13204	Compote de pêche, préemballée	Peach compote, prepacked	0	106	0.1	0	24.9	24.3	1.65	0.63	0.02
13205	Compote d'abricot, préemballée	Apricot compote, prepacked	0	103	0.1	0.04	24.1	23.3	1.47	0.72	0.022
13206	Compote de rhubarbe, préemballée	Rhubarb compote, prepacked	0	111	0.067	0	25.8	24.4	2.38	0.57	0.025
13207	Dessert de fruits, tout type de fruits (en taux de sucres : compotes allégées en sucres < desserts de fruits < compotes), préemballé, rayon frais	Fruits dessert, all types (sugar content is less than fruits compote but more than fruits compote reduced sugar), prepacked, refrigerated	0	77.3	0.22	0.049	17.7	17.1	1.78	0.35	0.002
13208	Spécialité de fruits divers, sucrée (mélange chairs et/ou purées de fruits, mais toujours avec autre ingrédient), préemballée, rayon frais	Stewed fruits, sweetened (pulp or mixed fruits, with sugar(s), but always with other ingredient), prepacked, refrigerated	0	79.2	0.22	0.061	18.2	17.1	1.87	0.36	0.005
13209	Spécialité de fruits, tout type de fruits, sans sucres ajoutés (mélange chairs et/ou purées de fruits, mais toujours avec autre ingrédient), préemballée, rayon frais	Stewed fruits, no added sugars (pulp or mixed fruits, but always with other ingredient), prepacked, refrigerated	0	55.6	0.3	0.1	12.2	11.2	1.8	0.38	0.006
13210	Purée de fruits, tout type de fruits, type "compote sans sucres ajoutés", préemballée, rayon frais	Stewed fruits, no added sugars (pulp or mixed fruits,), prepacked, refrigerated	0	58.7	0.29	0.064	12.7	11.5	2.02	0.43	0.004
13211	Compote, autres fruits, préemballée	Other fruit compote, prepacked	0	101	0.072	0.028	23.9	23.1	2	0.25	0
13212	Compote de pomme, sans précision sur la teneur en sucres ni sur le rayon (aliment moyen)	Apple compote, sugar content and temperature unknown, prepacked (average)	0	93.5	0.2	0.025	22.4	20	1.46	0.25	0.023
13213	Dessert de fruits, tout type de fruits (en taux de sucres : compotes allégées en sucres < desserts de fruits < compotes), préemballé, sans précision sur le rayon (aliment moyen)	Fruits dessert, all types (sugar content is less than fruits compote but more than fruits compote reduced sugar), prepacked (average)	0	84.4	0.22	0.044	19.4	17.3	1.88	0.34	0.004
13214	Purée de fruits, tout type de fruits, type "compote sans sucres ajoutés", sans précision sur le rayon (aliment moyen)	Stewed fruits, no added sugars (pulp or mixed fruits,), prepacked (average)	0	56.4	0.15	0.005	13.3	11.3	1.7	0.25	0.006
13215	Spécialité de fruits, tout type de fruits, (mélange chairs et/ou purées de fruits, mais toujours avec autre ingrédient), sans précision sur la teneur en sucres ni sur le rayon (aliment moyen)	Stewed fruits, sugar content unknown (pulp or mixed fruits, w or without sugar, but always with other ingredient), prepacked (average)	0	72.7	0.41	0.18	16.5	15.1	1.71	0.28	0.011
13395	Raisin cru (aliment moyen)	Grape, raw (average)	0	71	0.25	0.025	16.3	15.4	1.11	0.7	0
13396	Pomme, chair sans peau, crue (aliment moyen)	Apple, flesh without skin, raw (average)	0	51.3	0.24	0	11.9	11.4	2.39	0.26	0.006
13397	Poire, chair, crue (aliment moyen)	Pear, flesh without skin, raw (average)	0	49.7	0	0	11.4	9.4	3.1	0.25	0
13398	Pêche, chair sans peau, sans noyau, crue (aliment moyen)	Peach, flesh without skin, pitted, raw (average)	0	44.4	0	0	9.74	7.66	1.03	0.67	0
13399	Nectarine ou brugnon, chair et peau, sans noyau, crue (aliment moyen)	Nectarine, flesh and skin, pitted, raw (average)	0	49.5	0	0	11.3	8.84	0.47	0.74	0
13416	Jus de mandarine commune, pur jus filtré pasteurisé, prélevée à la Martinique	Common mandarin juice, pure juice, filtered, pasteurized, sampled in the island of La Martinique	0	37.6	0		9.4	9.4	0		
13417	Jus de mandarine commune, pur jus filtré, prélevée à la Martinique	Common mandarin juice, pure juice, filtered, sampled in the island of La Martinique	0	42.1	0.57		8.63	8.63	0	0.61	
13418	Jus de mandarine macaque, pur jus filtré, prélevée à la Martinique	Macaque mandarin, pure juice, filtered, sampled in the island of La Martinique	0	45.5	0		10.8	3.87	0	0.6	
13421	Jus de prune de cythère verte "géante" (variété locale), fruit mûr, pur jus filtré, prélevée à la Martinique	Prune de cythère or pomme cythere or golden apple (local variety), giant, mature, pure juice, filtered, sampled in the island of La Martinique	0	33.4	0.19		7.13	4.34	1	0.29	
13422	Jus de prune de cythère verte "géante" (variété locale), fruit vert, pur jus filtré, prélevée à la Martinique	Prune de cythère or pomme cythere or golden apple (local variety), giant, green or immature, pure juice, filtered, from La Martinique	0	32	0.28		6.55	0.03	0.8	0.44	
13423	Jus de prune de cythère verte "naine" (variété hybride), fruit mûr, pur jus filtré, prélevée à la Martinique	Prune de cythère or pomme cythere or golden apple (hybrid variety), dwarf, mature, pure juice, filtered, from La Martinique	0	46.4	0.21		9.97	6.14	0.9	0.69	
13424	Jus de prune de cythère verte "naine" (variété hybride), fruit vert, pur jus filtré, prélevée à la Martinique	Prune de cythère or pomme cythere or golden apple (hybrid variety), dwarf, green or immature, pure juice, filtered, from La Martinique	0	31.9	0.26		6.34	0.19	0.8	0.67	
13564	Nèfle du Japon, chair et peau, sans noyau, crue	Loquat, flesh and skin, pitted, raw	0	48.1	0.2	0.04	9.9	6.1	1.7	0.43	0.003
13583	Prune violette, sans noyau, crue	Black plum, pitted, raw	0	46.4	0.1		9.6	9.6	1.94	0.8	0.002
13614	Pamplemousse chinois, chair sans peau, sans pépins, cru	Pummelo, flesh without skin, without seeds, raw	0	38.4	0.04		7.14		1	0.76	0.003
13620	Pomme Golden, chair et peau, crue	Apple, var. Golden, flesh and skin,, raw	0	54.1	0	0	12.8	11.5	1.4	0.25	0
13621	Raisin noir Muscat, cru	Grape, red, Muscat, raw	0	86.6	0	0	20	19.6	2.7	0.69	0
13623	Abricot, dénoyauté, sec, moelleux (réhydraté à 35-45%)	Apricot, pitted, dried, rehydrated to 35-45% water	0	200	0.4	0.16	51.1	29.9	3.5	2.31	0
13704	Abricot au sirop (sans précision sur léger ou classique), appertisé, égoutté (aliment moyen)	Apricot, canned in syrup (sugar content unknown), drained (average)	0	67.9	0		15.5	14.9	1.4	0.59	0.029
13705	Macédoine ou cocktail ou salade de fruits, au sirop (sans précision sur léger ou classique), appertisé, égouttée (aliment moyen)	Fruit cocktail or salad, canned in syrup (sugar content unknown), drained (average)	0	64.9	0		15.2	13	2	0.25	0
13706	Macédoine ou cocktail ou salade de fruits, au sirop, appertisé, égoutté	Fruit cocktail or salad, canned in syrup, drained	0	71.3	0		16.8	13.8	2.1	0.25	0
13707	Macédoine ou cocktail ou salade de fruits, au sirop, appertisé, non égoutté	Fruit cocktail or salad, canned in syrup, solids and liquids	0	74.8	0		17.8	14.3	1.26	0.25	0.003
13708	Macédoine ou cocktail ou salade de fruits, au sirop léger, appertisé, égoutté	Fruit cocktail or salad, canned in light syrup, drained	0	59.1	0		13.7	12.2	1.9	0.25	0
13709	Macédoine ou cocktail ou salade de fruits, au sirop léger, appertisé, non égoutté	Fruit cocktail or salad, canned in light syrup, solids and liquids	0	59.7	0.061	0.009	14	12.3	1.18	0.25	0.003
13712	Abricot au sirop léger, appertisé, égoutté	Apricot, canned in light syrup, drained	0	61.1	0		13.5	13.1	1.4	0.94	0.024
13713	Abricot au sirop léger, appertisé, non égoutté	Apricot, canned in light syrup, solids and liquids	0	62.5	0.043	0.003	14	14	0.83	0.81	0.025
13714	Abricot au sirop, appertisé, égoutté	Apricot, in syrup, canned, drained	0	69.6	0		16	15.3	1.4	0.5	0.03
13715	Abricot au sirop, appertisé, non égoutté	Apricot, in syrup, canned, solids and liquids	0	69.7	0		16.3	15.1	0.81	0.29	0.03
13716	Ananas au jus d'ananas, appertisé, égoutté	Pineapple, in pineapple juice, canned, drained	0	56	0		12.9	12.8	1.4	0.25	0
13717	Ananas au jus d'ananas, appertisé, non égoutté	Pineapple, in pineapple juice, canned, solids and liquids	0	55	0		12.9	12.6	0.92	0.25	0
13718	Ananas au sirop léger, appertisé, égoutté	Pineapple, in light syrup, canned, drained	0	65.8	0		15.3	15.3	1.6	0.25	0.005
13719	Ananas au sirop léger, appertisé, non égoutté	Pineapple, in light syrup, canned, solids and liquids	0	66.5	0.078	0.009	15.6	15.6	1.01	0.25	0.005
13724	Litchi, chair sans peau, sans noyau, au sirop léger, appertisé, égoutté	Litchi, flesh without skin, pitted, in light syrup, canned, drained	0	62.8	0.19	0.055	14.3	14	1.1	0.63	0
13730	Pêche, sans noyau, au sirop léger, appertisée, égouttée	Peach, pitted, canned in light syrup, drained	0	59	0		13.5	13.1	1.5	0.5	0
13731	Pêche, sans noyau, au sirop léger, appertisée, non égouttée	Peach, pitted, canned in light syrup, solids and liquids	0	60	0.038	0.003	14	12.9	0.92	0.31	0.002
13734	Poire au sirop léger, appertisée, égouttée	Pear, canned in light syrup, drained	0	63.9	0.4		13.9	11.5	2.6	0.25	0
13735	Poire au sirop léger, appertisée, non égouttée	Pear, canned in light syrup, solids and liquids	0	62.6	0.12	0.002	14.5	12.8	1.23	0.3	0.013
13742	Melon miel ou melon honeydew, chair sans peau, sans pépins, cru	Melon, honeydew, flesh without skin, without seeds, raw	0	22.2	0.14	0.038	4.3	4.25	0.8	0.54	0.045
13996	Fruit séché (aliment moyen)	Fruit, dried (average)	0	267	0.56	0.21	61.3	52.1	6.43	2.13	0.068
13998	Coulis de fruits rouges (framboises, fraises, groseilles, cassis)	Red fruit sauce	0	124	0.5	0.23	27.7	27.6	1.8	0.63	0
13999	Fruit cru (aliment moyen)	Fruit, raw (average)	0	56.6	0.26	0.02	12.1	10.4	1.98	0.69	0.009
14000	Chevreuil, viande rôtie/cuite au four	Venison, roebuck, roasted/baked	0	174	4.8	1.25	0	0	0	32.6	0.17
14002	Sanglier, viande crue	Wild boar, raw	0	150	7.14	2.62	0	0	0	21.5	0.21
14003	Sanglier, viande rôtie/cuite au four	Wild boar, roasted/baked	0	153	4.38	1.3	0	0	0	28.3	0.15
14004	Lièvre, viande crue	Hare, meat, raw	0	111	2.67	0.98	0	0	0	21.6	0.15
14005	Chevreuil, viande crue	Venison, roebuck, raw	0	110	2	1	0	0	0	23	0.053
14006	Cerf, viande crue	Venison, hart, raw	0	114	2.42	0.95	0	0	0	23	0.13
14007	Cerf, viande rôtie/cuite au four	Venison, hart, roasted/baked	0	150	3.19	1.25	0	0	0	30.2	0.14
14008	Gibier à poil, cuit (aliment moyen)	Game, cooked (average)	0	160	4.36	1.26	0	0	0	30.2	0.15
15000	Amande, avec peau, sans sel ajouté	Almond, with peel, no added salt	0	615	51.3	4.11	9.51	4.2	12.5	18.8	0
15001	Cacahuète, sans sel ajouté	Peanut, no added salt	0	623	49.1	8.4	14.8	5.9	8.6	22.8	0.022
15002	Cacahuète, grillée, salée	Peanut, grilled, salted	0	635	50.8	8.63	14.2	4.25	8.08	22.9	1.26
15004	Noisette, sans sel ajouté	Hazelnut, no added salt	0	632	56.9	4.75	7.16	4.9	11.6	14.4	0
15005	Noix, cerneau, séchée	Walnut, kernel, dried	0	709	67.3	6.45	6.88	3	6.7	13.3	0
15006	Noix de coco, chair, fraîche	Coconut, pulp, fresh	0	369	34.7	30.3	4.69	4.69	10.6	3.47	0.048
15007	Noix de coco, chair, sèche	Coconut, pulp, dried	0	692	66.8	60.6	7.81	6.93	13.7	6.83	0.076
15008	Noix du Brésil ou noix d'Amazonie, sans sel ajouté	Brazil nut, no added salt	0	701	67.1	16.1	4.23	2.33	7.5	14.3	0.007
15009	Pistache, grillée, salée	Pistachio nut, grilled, salted	0	617	49.5	6.58	15.9	7.57	9.32	18.9	1.67
15010	Sésame, graine	Sesame seed	0	606	49.7	6.96	12.8	0.3	11.8	17.7	0
15011	Tournesol, graine	Sunflower, seed	0	653	55.5	6.23	10.1	2.62	6.4	21.3	0.023
15013	Crème de marron ou confiture de châtaigne, préemballée	Chestnut cream, prepacked	0	278	0.66	0.13	65.9	51.5	2.28	0.95	0.014
15014	Noix de coco, amande immature, fraîche	Coconut, immature kernel, fresh	0	360	33.5	29.7	6.22	6.22	9	3.33	0.05
15015	Purée de marrons, appertisée	Chestnut puree, canned	0	102			22.8			2.28	0.003
15017	Mélange apéritif de graines salées et fruits séchés	Mix of salted nuts and dried fruit	0	583	44.1	4.18	23.7	23.7	5.86	16.9	2.14
15018	Mélange apéritif de graines salées et raisins secs	Mix of salted nuts and raisins	0	561	39.6	4.98	27.1	21.6	8.4	16.6	0.42
15019	Noix de cajou, grillée, salée	Cashew nut, grilled, salted	0	632	49.5	10.5	26.7	8.01	3.85	15.2	1.15
15020	Châtaigne, bouillie/cuite à l'eau	Chestnut, boiled/cooked in water	0	123	1.38	0.26	23	0	4.5	2	0.068
15021	Châtaigne, grillée	Chestnut, grilled	0	211	1.7	0.27	41.1	11.3	7.1	3.34	0
15024	Châtaigne, crue	Chestnut, raw	0	189	1.76	0.33	36.8	7.92	8.1	2.02	0.006
15025	Pignon de pin	Pine nut	0	712	68.4	4.9	2.93	1.83	10	13.7	0.023
15026	Noix de pécan, sans sel ajouté	Pecan nut, no added salt	0	727	72	6.18	4.25	3.81	9.6	9.17	0
15027	Noix de macadamia, sans sel ajouté	Macadamia nut, no added salt	0	757	75.8	12.1	5.22	4.24	8.6	7.91	0.013
15029	Graine germée de luzerne, crue	Alfalfa seeds, sprouted	0	29.2	0.69	0.069	0.81	0.2	1.9	3.38	0.015
15032	Luzerne, graine	Alfalfa, seeds	0	426	12.6		39.3		7.9	29.7	
15033	Noisette grillée, sans sel ajouté	Hazelnut, grilled, no added salt	0	684	62.4	4.51	8.81	4.89	9.4	14.4	
15034	Lin, graine	Flaxseed, seed	0	528	40.3	4.26	6.49	1.64	24.4	19	0.1
15035	Sésame, graine décortiquée	Sesame seed, husked	0	620	51	7.9	10.3	0.48	11.6	20.4	0.12
15037	Cacahuète, grillée à sec, salée	Peanut, dry-grilled, salted	0	615	47.7	7	17.9	3.7	7.4	21.6	1.8
15038	Sésame, grillé, graine décortiquée	Sesame seed, grilled, husked	0	582	48	6.72	9.14	0.48	16.9	17	0.098
15039	Châtaigne ou marron, appertisé	Chestnut, canned	0	145	1.4	0.4	28.8	3.9	4	1.96	0.13
15041	Amande, émondée, sans sel ajouté	Almond, peeled, no added salt	0	631	52.5	3.95	8.76	4.63	9.9	21.4	0.048
15042	Amande, grillée, salée	Almond, grilled, salted	0	647	53.9	5.68	12.2	3.94	8.46	20	0.95
15043	Noix de macadamia, grillée, salée	Macadamia nut, grilled, salted	0	724	70.2	11	9.95	4.4	9.5	7.04	0.9
15044	Pistache, grillée, sans sel ajouté	Pistachio nut, grilled, no added salt	0	631	51.6	6.45	14.9	7.75	10.2	18.4	0.012
15045	Tournesol, graine, grillé, salé	Sunflower seed, grilled, salted	0	626	51	2.2	12.7	3.3	8.3	21.2	2.63
15046	Noix de pécan, salées	Pecan nut, salted	0	731	73	7.1	5	4.9	3	10.2	1
15047	Chia, graine, séchée	Chia, seed, dried	0	454	30.7	3.33	7.72		34.4	16.5	0.04
15048	Mélange apéritif de graines et fruits séchés, sans sel ajouté	Mix of nuts and dried fruit, no added salt	0	493	26.3	5.07	51	7	6.36	8.29	0.3
15049	Mélange apéritif de graines et raisins secs, sans sel ajouté	Mix of nuts and raisins, no added salt	0	541	37.2	4.96	31.8	29.4	9.6	12.5	0.018
15050	Noisette grillée, salée	Hazelnut, grilled, salted	0	664	61.2	6.43	7.67	2.91	9.43	13.4	0.83
15052	Lin, brun, graine	Flaxseed, brown, seed	0	533	42.2	4.61	3.56	1.4	26.9	18	0.095
15053	Cacahuète, grillée, sans sel ajouté	Peanut, grilled, no added salt	0	644	51.9	6.01	14.4	6.01	5.7	23.5	0
15054	Noix de cajou, grillée, sans sel ajouté	Cashew nut, grilled, no added salt	0	618	48.1	8.24	21.3	6.64	8.4	17.4	0.015
15055	Noix de cajou, grillée à sec, sans sel ajouté	Cashew nut, dry-grilled, no added salt	0	630	49	8.87	23.5	6.63	5.7	17.4	0.02
15057	Cacahuète, grillée, aromatisée	Peanut, grilled, flavoured	0	598	46.6	8.73	14.6	3.62	7.8	22.8	1.92
15058	Cacahuète caramélisée ou chouchou	Candied peanut	0	544	29.7	3.95	51.4	44.7	6.1	12.9	0.013
15059	Mélange apéritif de graines grillées, salées	Mix of nuts, grilled, salted	0	637	54.7	8.91	9.69	4.55	10.5	18.6	0.95
15062	Amande, grillée, salée, goût fumé	Almond, grilled, salted, smoked	0	629	54	4.31	9.01	4.56	8.25	18.6	1.23
15063	Chanvre ou chènevis, graine décortiquée	Hemp, seed, hulled	0	617	48.8	4.6	5.38	1.5	4	30.8	0.013
15064	Courge, graine, séchée	Pumpkin and squash, seed, dried	0	618	49.1	8.66	5.39	1.4	6	29.5	0.018
15065	Fruits à coques et cacahuète, salé (aliment moyen)	Seeds and peanuts, dried, salted (average)	0	630	50.1	8.28	17.6	5.15	7.13	20.4	1.35
15066	Fruits à coques et cacahuète, sans sel ajouté (aliment moyen)	Seeds and peanuts, dried, unsalted (average)	0	632	55	5.89	10.5	5.55	10.7	15.5	0.009
15201	Pâte d'amande, préemballée	Marzipan or almond paste, prepacked	0	432	13.5	1.05	70.3	60.1	2.8	5.8	0.018
15202	Beurre de cacahuète ou pâte d'arachide	Peanut butter or peanut paste	0	643	51.4	10.1	17.3	10.5	5	22.2	1.07
15203	Tahin ou purée de sésame	Tahini (sesame paste)	0	631	53.4	7.48	13.8	0.49	7	17.7	0.19
16030	Huile ou beurre de cacao	Cocoa butter	0	900	100	59.7	0	0	0	0	0
16040	Huile ou graisse de coco, sans précision	Coconut fat or oil	0	897	99.5	84.5	0.41	0	0	0	0
16050	Huile ou graisse de coco, vierge	Coconut fat or oil, virgin	0	899	99.9	85.4	0	0	0	0.16	0
16060	Huile ou graisse de coco (coprah), raffinée	Coconut fat or oil, refined	0	900	100	86.5	0	0	0	0	0
16080	Matière grasse ou graisse végétale solide (type margarine) pour friture ou graisse à frire	Solid vegetal fat (margarine type), for frying	0	898	99.8	94.6	0	0	0	0.25	0
16110	Huile ou beurre de karité	Shea butter or shea oil	0	900	100	46.6	0	0	0	0	0
16128	Huile pour friture, sans précision	Frying oil	0	900	100	9.86	0	0	0	0	0
16150	Huile de palme, raffinée	Palm oil, refined	0	900	100	49.3	0	0	0	0	0
16200	Huile ou graisse de palmiste, sans précision	Palm kernel fat	0	900	100	81.5	0	0	0	0	0
16400	Beurre à 80% MG minimum, doux	Butter, 80% fat minimum, unsalted	0	753	83	60	0.71	0.71	0	0.64	0.035
16401	Huile de beurre ou beurre concentré	Butter oil or concentrated butter	0	900	99.9	61.9	0	0	0	0.28	0.005
16402	Beurre à 80% MG, demi-sel	Butter, 80% fat minimum, half-salted	0	725	80	56.5	0.5	0.5	0	0.75	1.9
16403	Beurre à 80% MG, salé	Butter, 80% fat minimum, salted	0	732	80.8	52.9	0.68	0	0	0.5	2.52
16404	Beurre à 80% MG minimum, doux, tendre	Butter, 82% fa minimumt, unsalted, easy-to-spread	0	755	83.4		0.5		0	0.7	0.055
16410	Beurre à 60-62% MG, à teneur réduite en matière grasse, doux	Butter, 60-62% fat, light, unsalted	0	550	60.6	40.1	0.7	0	0	0.56	0.045
16411	Beurre à 60-62% MG, à teneur réduite en matière grasse, demi-sel	Butter, 60-62% fat, light, half-salted	0	555	61	39.6	0.5	0.5	0	0.92	1.13
16412	Beurre ou assimilé allégé (léger ou à teneur réduite en matière grasse), doux (aliment moyen)	Butter spread, reduced fat, unsalted (average)	0	367	39.1	25.2	3.7	1.04	0	0.34	0.4
16413	Beurre sans précision sur la teneur en matière grasse (allégé ou non), demi-sel (aliment moyen)	Butter, unknown fat content, half-salted (average)	0	712	78.6	55.3	0.53	0.51	0	0.75	1.85
16414	Beurre ou assimilé sans précision sur la teneur en matière grasse, doux (aliment moyen)	Butter, unknown fat content, unsalted (average)	0	731	80.5	58	0.88	0.73	0	0.63	0.056
16415	Beurre à 39-41% MG, léger, doux	Butter, light, 39-41% fat, unsalted	0	390	41.7	26.2	3.6	1.26	0	0.26	0.45
16416	Beurre à 39-41% MG, léger, demi-sel	Butter, light, 39-41% fat, half-salted	0	376	40	26	4	1.5	0	0	1.38
16520	Saindoux	Lard or pork fat	0	900	100	39.2	0	0	0	0	0
16530	Lard gras, cru	Pork fat, raw	0	810	88.7	32.2	0	0	0	2.92	0.028
16540	Graisse de poulet	Chicken fat	0	898	99.8	29.8	0	0	0	0	0
16550	Graisse de canard	Duck fat	0	898	99.8	33.2	0	0	0	0	0
16560	Graisse d'oie	Goose fat	0	898	99.8	27.7	0	0	0	0	0
16570	Graisse de dinde	Turkey fat	0	898	99.8	29.4	0	0	0	0	0
16589	Matière grasse tartinable à teneur en MG > 62%, doux, riche en oméga 3	Spreadable fat > 62% fat, unsalted, rich in omega 3	0	616	67.7	18	0	0	3.6	0	0.26
16590	Matière grasse tartinable à teneur en MG > 62%, doux, standard	Spreadable fat > 62% fat, unsalted, standard	0	650	72.1	32.6	0.089	0.089	0.13	0.022	0.54
16591	Matière grasse tartinable à teneur en MG > 41% et <= 62%, doux, standard	Spreadable fat > 41% fat and <= 62% fat, unsalted, standard	0	540	60	16.2	0.14	0.14	0	0.25	0.38
16592	Matière grasse tartinable à teneur en MG <= 41%, doux, standard	Spreadable fat <= 41% fat, unsalted, standard	0	366	38.6	17.5	2.94	1.37	0	1.44	0.53
16593	Matière grasse tartinable à teneur en MG > 62%, demi-sel, standard	Spreadable fat > 62% fat, half-salted	0	630	70	17	0	0	0	0.25	1.4
16594	Matière grasse tartinable à teneur en MG > 41% et <= 62%, demi-sel, standard	Spreadable fat > 41% fat and <= 62% fat, half-salted	0	516	57.3	22.3	0.34	0.34	0	0	1.53
16595	Matière grasse tartinable à teneur en MG > 41% et <= 62%, doux, aux stérols végétaux	Spreadable fat > 41% fat and <= 62% fat, unsalted, with plant sterols	0	547	60.8	14.6	0	0	0	0.25	0.32
16596	Matière grasse tartinable à teneur en MG > 41% et <= 62%, doux, riche en oméga 3	Spreadable fat > 41% fat and <= 62% fat, unsalted, rich in omega 3	0	508	56.4	14.1	0.12	0.11	0.094	0.081	0.37
16597	Matière grasse tartinable à teneur en MG > 41% et <= 62%, demi-sel, riche en oméga 3	Spreadable fat > 41% fat and <= 62% fat, half-salted, rich in omega 3	0	506	56.3	14.5	0	0	0	0	1.4
16598	Matière grasse tartinable à teneur en MG <= 41%, demi-sel, aux stérols végétaux	Spreadable fat <= 41% fat, half-salted, with plant sterols	0	321	35	7.8	1.4	0	0	0.25	1.2
16599	Matière grasse tartinable à teneur en MG <= 41%, doux, riche en oméga 3	Spreadable fat <= 41% fat, unsalted, rich in omega 3	0	308	34	8.7	0.4	0	0	0	0.3
16600	Matière grasse tartinable à teneur en MG <= 41%, demi-sel, standard	Spreadable fat <= 41% fat, half-salted, standard	0	356	38	17	2.8	1.25	0	0.75	1.65
16601	Matière grasse tartinable, sans précision sur la teneur en matière grasse, doux, standard (aliment moyen)	Spreadable fat, fat % unknown, unsalted (average)	0	557	61.7	21.8	0.43	0.26	0.042	0.31	0.45
16602	Matière grasse tartinable, sans précision sur la teneur en matière grasse, demi-sel, standard (aliment moyen)	Spreadable fat, fat % unknown, half-salted (average)	0	502	55.5	21.2	0.66	0.45	0	0.12	1.53
16603	Matière grasse tartinable, sans précision sur la teneur en matière grasse, doux, riche en oméga 3 (aliment moyen)	Spreadable fat, fat % unknown, unsalted, rich in omega 3 (average)	0	501	55.6	13.9	0.13	0.11	0.091	0.078	0.37
16713	Matière grasse laitière à 15-25% MG, légère, "à tartiner", doux, enrichie en vitamine(s)	Spreadable dairy fat 15-25% fat, light, spreadable, unsalted, fortified with vitamin(s)	0	197	19.1	12.1	6.2	1.56	0	0.25	0.63
17001	Huile végétale (aliment moyen)	Vegetable oil (average)	0	899	99.9	12.9	0.032	0	0	0.18	0.01
17020	Huile de noyaux d'abricot	Apricot kernel oil	0	900	100	6.3	0	0	0	0	0
17030	Huile d'amande	Almond oil	0	900	100	8.2	0	0	0	0	0
17040	Huile d'arachide	Peanut oil	0	899	99.9	16.2	0	0	0	0.25	0
17100	Huile d'avocat	Avocado oil	0	900	100	17.9	0	0	0	0	0
17110	Huile de germe de blé	Wheat germ oil	0	900	100	18.8	0	0	0	0	0
17130	Huile de colza	Rapeseed oil	0	900	100	7.26	0	0	0	0	0
17170	Huile de coton	Cottonseed oil	0	900	100	25.9	0	0	0	0	0
17180	Huile de lin	Linseed oil	0	900	100	8.98	0.018	0	0	0	0
17190	Huile de maïs	Maize/corn oil	0	900	100	12.9	0	0	0	0	0
17210	Huile de noisette	Hazelnut oil	0	900	100	8.34	0	0	0	0	0
17220	Huile de noix	Walnut oil	0	900	100	10	0	0	0	0	0
17270	Huile d'olive vierge extra	Olive oil, extra virgin	0	899	99.9	15.2	0	0	0	0.25	0
17325	Huile de pavot	Poppyseed oil	0	900	100	13.5	0	0	0	0	0
17350	Huile de pépins de raisin	Grapeseed oil	0	900	100	11.4	0	0	0	0	0
17390	Huile de son de riz	Rice bran oil	0	900	100	19.7	0	0	0	0	0
17400	Huile de sésame	Sesame oil	0	900	100	14.9	0	0	0	0	0
17420	Huile de soja	Soy oil	0	900	100	15.7	0	0	0	0	0
17440	Huile de tournesol	Sunflower oil	0	900	100	11.1	0	0	0	0.25	0.025
17630	Huile de foie de morue	Cod liver oil	0	900	100	22.6	0	0	0	0	0
17640	Huile de sardine	Sardine oil	0	900	100	29.9	0	0	0	0	0
17645	Huile de saumon	Salmon oil	0	900	100		0	0	0	0	0
17650	Huile de hareng	Herring oil	0	900	100	21.3	0	0	0	0	0
17700	Huile combinée (mélange d'huiles)	Combined oil (blended vegetable oils)	0	897	99.5	10.3	0.49	0	0	0	0.006
17701	Huile combinée, mélange d'huile d'olive et de graines	Combined oil (mix of olive oil and seeds oil)	0	900	100	12.1	0	0	0	0	0
17850	Huile de chanvre	Hemp oil	0	900	100	10.5	0	0	0	0	0
17900	Huile d'argan ou d'argane	Argan oil	0	889	98.7	17.6	0	0	0	0	
18001	Boisson gazeuse aromatisée, sans fruit, sans sucres ajoutés, avec édulcorants	Carbonated beverage or soft drink, without fruit , no added sugars and with sweetener(s)	1	0.23	0	0	0.063	0.054	0	0	0.013
18003	Café, moulu	Coffee, ground	1	341	13.9		20.3		39.7	13.9	0.097
18004	Café, non instantané, sans sucres ajoutés, prêt à boire	Coffee, non instant no added sugars, ready-to-drink	1	5.78	0.018	0.002	1.35	0	0	0.25	0.007
18005	Café, poudre soluble	Coffee, powder, instant	1	291	1.1	0.2	41.9	0	20	18.5	0.2
18007	Cocktail ou boisson apéritive sans alcool à base de jus de fruits sans sirop	Cocktail, alcohol-free (juices based cocktail without syrup)	1	42.8	0.035	0	10.7	9.85	0.15	0.033	0.016
18009	Eau minérale, embouteillée, faiblement minéralisée (aliment moyen)	Mineral sparkling water, bottled, lightly mineralized (average)	1	0.004	0	0	0.001	0	0	0	0.002
18010	Limonade, sucrée	Lemonade, with sugar(s)	1	33	0	0	8.24	8.22	0.14	0	0.005
18011	Eau de coco	Coconut water	1	11.8	0	0	3.33	2.48	0	0.21	0.051
18012	Boisson à l'eau minérale ou de source, aromatisée, sucrée	Bottled water, flavoured, with sugar(s)	1	16.2	0	0	4.05	3.96	0.11	0	0.004
18013	Tonic ou bitter, sans sucres ajoutés, avec édulcorants	Tonic drink, no added sugars, with sweetener(s)	1	0.2	0	0	0.058	0.058	0	0	0.003
18014	Tonic ou bitter, sucré, avec édulcorants	Tonic drink, with sugar(s) and sweetener(s)	1	22.2	0	0	5.54	5.53	0	0	0
18015	Boisson au thé, aromatisée, sucrée, avec édulcorants	Still soft drink with tea extract, with sugar(s) and sweetener(s)	1	17.1	0.022	0.004	4.25	4.16	0.083	0.027	0.025
18016	Limonade, sucrée, avec édulcorants	Lemonade, with sugar(s) and with sweetener(s)	1	8	0	0	2	2	0	0	0
18017	Sirop à diluer, sucré	Syrup, to be diluted, with sugar(s)	1	252	0	0	62.5	58.8	0	0.25	0.017
18018	Cola, sucré	Cola, with sugar(s)	1	40.1	0	0	10	10	0	0	0.007
18019	Boisson gazeuse aux fruits (teneur en fruits >= 10% et < 50%), sucrée	Carbonated beverage or fruit soft drink , fruit content >= 10% and < 50%, with sugar(s)	1	46.4	0.01	0.01	11.3	9.47	0.043	0.028	0.008
18020	Thé infusé, sans sucres ajoutés	Tea, brewed, no added sugars	1	0.4	0	0	0	0	0	0.1	0.004
18021	Boisson plate aux fruits (teneur en fruits < 10%), sans sucres ajoutés, avec édulcorants	Still soft drink, fruit content <10%, no added sugars and with sweetener(s)	1	4.07	0	0	0.96	0.96	0	0.06	0.05
18022	Tisane infusée ou infusion, sans sucres ajoutés	Infusion, brewed, no added sugars	1	0.8	0	0	0.2	0	0	0	0.003
18023	Boisson plate aux fruits (teneur en fruits < 10%), sucrée	Still soft drink, fruit content <10%, with sugar(s)	1	25.6	0.11	0.009	6.39	6.1	0.004	0.13	0.012
18024	Boisson plate aux fruits (teneur en fruits >= 10% et < 50%), sucrée, avec édulcorants	Still soft drink, fruit content >= 10% and < 50%, with sugar(s) and with sweetener(s)	1	23.3	0.06	0.013	5.83	5.4	0	0.06	0.009
18025	Kombucha, préemballé	Kombucha, prepacked	1	6.61	0	0	1.45	1.45	0	0.25	0.005
18026	Boisson gazeuse aromatisée, sans fruit, sucrée	Carbonated beverage or soft drink, without fruit, with sugar(s)	1	34.5	0.043	0.013	8.28	8.28	0.017	0.002	0.007
18028	Boisson à l'eau minérale ou de source, aromatisée, sans sucres ajoutés, sans édulcorants	Bottled water, flavoured, no added sugars and no sweetener(s)	1	0.096	0	0	0.026	0.009	0	0	0.024
18029	Boisson rafraîchissante sans alcool (aliment moyen)	Non-alcoholic beverage (average)	1	27.9	0.023	0.008	6.86	6.64	0.06	0.06	0.013
18030	Boisson à l'eau minérale ou de source, aromatisée, sans sucres ajoutés, avec édulcorants	Bottled water, flavoured, no added sugars and with sweetener(s)	1	0.002	0	0	0	0	0	0	0
18033	Boisson gazeuse aux fruits (teneur en fruits < 10%), sucrée, avec édulcorants	Carbonated beverage or fruit soft drink, fruit content < 10% , with sugar(s) and with sweetener(s)	1	27.2	0	0	6.79	6.71	0.005	0.002	0.01
18034	Boisson gazeuse aux fruits (teneur en fruits >= 10% et < 50%), sucrée, avec édulcorants	Carbonated beverage or fruit soft drink, fruit content >= 10% and < 50%, with sugar(s) and with sweetener(s)	1	28.1	0	0	6.92	6.74	0.15	0.022	0.007
18035	Limonade, sans sucres ajoutés, avec édulcorants	Lemonade, no added sugars, with sweetener(s)	1	0.48	0	0	0.12	0.12	0.15	0	0.006
18037	Cola, sucré, avec édulcorants	Cola, with sugar(s) and with sweetener(s)	1	24.3	0	0	6.07	6.03	0.21	0	0.01
18039	Diabolo (limonade et sirop), sucré	Lemonade with syrupwith sugar(s)	1	33.9	0	0	8.43	8.43	0.1	0.06	0.014
18041	Lait de coco	Coconut milk	0	199	19.2	17	4.29	2.5	0.75	1.94	0.068
18044	Eau minérale (aliment moyen)	Water, mineral (average)	1	0.024	0	0	0.006	0	0	0	0.004
18045	Eau minérale, embouteilée, plate (aliment moyen)	Mineral still water, bottled (average)	1	0.025	0	0	0.006	0	0	0	0.002
18046	Eau minérale, embouteilée, gazeuse (aliment moyen)	Mineral sparkling water, bottled (average)	1	0.018	0	0	0.005	0	0	0	0.01
18048	Boisson gazeuse aux fruits (teneur en jus non spécifiée), sucrée (aliment moyen)	Carbonated beverage or fruit soft drink (fruit juice content unknown), with sugar(s) (average)	1	44.6	0.01	0.008	10.9	9.28	0.037	0.025	0.008
18049	Boisson gazeuse aux fruits (teneur en fruits < 10%), sucrée	Carbonated beverage or fruit soft drink, fruit content < 10% , with sugar(s)	1	33.6	0.015	0	8.36	8.25	0	0.011	0.008
18050	Boisson gazeuse aux fruits (teneur en fruits < 10%), à teneur réduite en sucres	Carbonated beverage or fruit soft drink, fruit content <10%, reduced sugar	1	28.7	0.1	0.01	7.15	7.06	0.02	0.007	0.009
18051	Boisson gazeuse aux fruits (teneur en fruits >= 10% et < 50%), sans sucres ajoutés, avec édulcorants	Carbonated beverage or fruit soft drink, fruit content >= 10% and < 50%, no added sugars and with sweetener(s)	1	3.69	0.02	0	0.91	0.84	0	0.027	0.006
18057	Boisson préparée à partir de boisson concentrée à diluer type menthe, fraise, etc, sans sucres ajoutés, avec édulcorants, type "sirop 0%", diluée dans l'eau	Preparation for beverage diluted in water (eg. mint, strawberry etc.), no added sugars, with sweetener(s), type syrup 0%	1	6	0		1.5	1	0	0.25	0.025
18058	Boisson préparée à partir de sirop à diluer type menthe, fraise, etc, sucré, dilué dans l'eau	Syrup (eg. Mint, strawberry etc.), with sugar(s), diluted in water	1	31.2	0	0	7.7	7.7	0	0.055	0.012
18059	Boisson concentrée à diluer, sans sucres ajoutés, avec édulcorants, type "sirop 0%"	Concentrate beverage (to be diluted), no added sugars and with sweeteners, "syrup 0%" type	1	19.5	0	0	3.79	0.66	0.7	0.25	0.028
18060	Cola, sans sucres ajoutés, avec édulcorants	Cola, without added sugars and with sweetener(s)	1	1.04	0	0	0.25	0.04	0	0	0.013
18062	Boisson au thé, aromatisée, sans précision sur la teneur en sucres et édulcorants (aliment moyen)	Still soft drink with tea extract, sugar and sweetener contents unknown (average)	1	21.1	0.002	0	5.26	5.13	0.12	0.017	0.023
18063	Cola, sans précision sur la teneur en sucres et édulcorants (aliment moyen)	Cola, sugar(s) and sweetener(s) content unknown (average)	1	27.5	0.006	0.001	6.88	6.81	0.019	0.006	0.009
18064	Boisson au thé, aromatisée, à teneur réduite en sucres	Still soft drink with tea extract, flavoured, reduced sugar	1	14.9	0	0	3.75	3.6	0.063	0	0.011
18065	Boisson au thé, aromatisée, sans sucres ajoutés, avec édulcorants	Still soft drink with tea extract, flavoured, no added sugars and with sweetener(s)	1	0.53	0	0	0.22	0.055	0.083	0	0.034
18066	Eau du robinet	Water, municipal	1	0	0	0	0	0	0	0	0.008
18067	Cola, sucré, sans caféine	Cola, with sugar(s) and without caffeine	1	40.9	0.05	0.01	10.2	10.2	0	0.05	0.001
18068	Cola, sans sucres ajoutés, avec édulcorants, sans caféine	Cola, without added sugars, with sweetener(s) and no caffeine	1	0.058	0.083	0.017	0.13	0.13	0	0.083	0.011
18069	Café, décaféiné, poudre soluble	Decaffeinated coffee, powder, instant	1	352	0.2	0.091	76	0	0	11.6	0.058
18070	Café décaféiné, non instantané, sans sucres ajoutés, prêt à boire	Decaffeinated non instant coffee, no added sugars, ready-to-drink	1	4.42	0.18	0.047	0.6	0	0	0.1	0.02
18071	Café expresso, non instantané, sans sucres ajoutés, prêt à boire	Espresso coffee non instant coffee, no added sugars, ready-to-drink	1	6.54	0.2	0.092	1.16	0	0	0.25	0.007
18072	Café décaféiné, instantané, sans sucres ajoutés, prêt à boire	Decaffeinated instant coffee, no added sugars, ready-to-drink	1	2.1	0.002	0.001	0.4	0	0	0.12	0.01
18073	Café, instantané, sans sucres ajoutés, prêt à boire	Instant coffee, no added sugars, ready-to-drink	1	1.64	0.004	0.002	0.3	0	0	0.1	0.01
18075	Boisson au thé, aromatisée, sucrée	Still soft drink with tea extract, flavoured, with sugar(s)	1	23.2	0.003	0	5.78	5.65	0.13	0.02	0.024
18076	Thé, feuille	Tea leaf	1	232	2		6.3		55.8	19.4	0.11
18078	Boisson gazeuse aromatisée, sans fruit, sucrée, avec édulcorants	Carbonated beverage or soft drink, without fruit, with sugar(s) and with sweetener(s)	1	22.4	0	0	5.58	5.57	0.13	0.007	0.015
18100	Cacao, sans sucres ajoutés, poudre soluble	Cocoa powder, no added sugars, powder, instant	1	387	20.6	12.4	11.6	0.9	29.5	22.4	0.11
18101	Poudre cacaotée ou au chocolat pour boisson, sucrée	Cocoa or chocolate powder, for beverages, with sugar(s)	1	379	3.29	2.16	75.6	67.9	10.5	6.65	0.21
18104	Chocolat chaud, boisson instantanée, sucrée, prête à boire (reconstituée avec du lait demi-écrémé)	Instant cocoa or chocolate beverage, with sugar(s), ready-to-drink (reconstituted with standard semi-skimmed milk)	1	65.9	1.42	0.85	9.5	8.68	0	3.78	0.12
18106	Chocolat chaud, boisson instantanée, sucrée, enrichie en vitamines, prête à boire (reconstituée avec du lait demi-écrémé)	Instant cocoa or chocolate beverage, with sugar(s), fortified with vitamins, ready-to-drink (reconstituted with semi-skimmed milk)	1	71.4	1.71	0.99	9.91		0	4.08	
18107	Boisson à l'amande, nature, sans sucres ajoutés, non enrichie, préemballée	Almond drink, plain, no added sugars, not fortified, prepacked	1	35.8	3.2	0.31	0.68	0	0	1.06	0.051
18110	Boisson à l'amande, sucrée, enrichie en calcium, préemballée	Almond drink, with sugar(s), fortified with calcium, prepacked	1	43.9	2.8	0.58	3.96	3.44	0	0.69	0.095
18111	Boisson à l'amande, préemballée (aliment moyen)	Almond drink, prepacked (average)	1	35.8	3.2	0.31	0.68	0	0	1.06	0.051
18112	Boisson végétale, préemballée (aliment moyen)	Plant-based drink, prepacked (average)	1	43.6	2.33	0.29	2.38	1.32	0.63	2.68	0.064
18113	Boisson au soja, préemballée (aliment moyen)	Soy drink, prepacked (average)	1	46.1	2.04	0.28	2.93	1.75	0.76	3.21	0.069
18150	Chicorée et café, poudre soluble	Mix of chicory and coffee, powder, instant	1	332	0.35	0.12	66.9		12	9.3	0.72
18151	Café au lait, café crème ou cappuccino, instantané ou non, sans sucres ajoutés, prêt à boire	Coffee with milk or white coffee or cappuccino, instant or non instant coffee, no added sugars, ready-to-drink	1	21.5	0.76	0.49	2.31	2.31	0	1.39	0.059
18152	Chicorée, poudre soluble	Chicory, powder, instant	1	323	2.5	0.75	57.2	21.7	29.2	3.3	0.39
18153	Chicorée et café, instantané, sans sucres ajoutés, prête à boire (reconstituée avec du lait demi-écrémé)	Mix of chicory and coffee, instant, no added sugars, ready-to-drink (reconstituted with standard semi-skimmed milk)	1	53.7	1.62	1	5.9	5	0.46	3.74	0.13
18154	Thé noir, infusé, sans sucres ajoutés	Black tea, brewed, no added sugars	1	1.26	0.007	0.002	0.3	0	0	0	0.007
18155	Thé vert, infusé, sans sucres ajoutés	Green tea, brewed, no added sugars	1	5.1	0		1.09		0	0	0.011
18160	Café au lait ou cappuccino, poudre soluble	Coffee with milk or cappuccino, powder, instant	1	416	8.8	7.47	70.1	52	3.3	12.2	0.79
18161	Chicorée, instantanée, sans sucres ajoutés, prête à boire (reconstituée avec du lait demi-écrémé)	Instant chicory, no added sugars, ready-to-drink (reconstituted with standard semi-skimmed milk)	1	93.5	7.1		7.1		0.59	0	0.13
18162	Chicorée et café, instantané, sans sucres ajoutés, prête à boire (reconstituée avec de l'eau)	Mix of chicory and coffee, instant, no added sugars, ready-to-drink (reconstituted with water)	1	27.8	0		6.06	0.43	0.6	0.56	0.022
18163	Café au lait ou cappuccino au chocolat, poudre soluble	Coffee with milk or cappuccino with chocolate, powder, instant	1	384	9	8.11	63	59	3.5	11.2	1.25
18167	Poudre cacaotée ou au chocolat pour boisson, sucrée, enrichie en vitamines et minéraux	Cocoa or chocolate powder, for beverages, with sugar(s), fortified with vitamins and minerals	1	376	3.04	1.44	79.3	76.7	6.48	4.68	0.43
18168	Poudre cacaotée ou au chocolat pour boisson, sucrée, enrichie en vitamines	Cocoa or chocolate powder, for beverages, with sugar(s), fortified with vitamins	1	386	2.04	1.3	85	82.7	5.3	4.29	0.31
18220	Spécialité à diluer au citron pour boissons ou usages culinaires, sans sucres ajoutés	Lemon speciality to be diluted, for beverages or culinary use, no added sugars	1	18.4	0	0	1.01	0.91	0	0.25	0.004
18294	Boisson plate aux fruits (teneur en fruits < 10%), sucrée, rayon frais, enrichie en vitamine(s)	Still soft drink, fruit content <10%, with sugar(s), refrigerated fortified with vitamin(s)	1	33.7	0	0	8.42	8.34	0	0	0.006
18295	Boisson plate aux fruits (teneur en fruits >= 10% et < 50%), sucrée, enrichie en vitamine(s)	Still soft drink, fruit content >= 10% and < 50%, with sugar(s), fortified with vitamin(s)	1	38	0	0	9.49	9.25	0.18	0	0.006
18296	Boisson aux fruits avec de la purée de fruits type smoothie (teneur en fruits >=50%), enrichie en vitamine(s)	Still soft drink, with fruit puree, smoothie type, fruit content >= 50%, fortified with vitamin(s)	1	51.3	0.45	0.41	11.5	9.95	0.54	0.52	0.007
18297	Boisson plate aux fruits (teneur en fruits >= 50%), rayon ambiant, enrichie en vitamine(s)	Still soft drink, fruit content >= 50%, room temperature, fortified with vitamin(s)	1	45.1	0	0	10.9	10.3	0.71	0.22	0.008
18298	Boisson plate aux fruits (teneur en fruits >= 50%), rayon ambiant	Still soft drink, fruit content >= 50%, room temperature	1	41.7	0.11	0.035	10	9.38	0.43	0.19	0.013
18299	Citronnade, boisson plate au citron (teneur en fruits >= 10% et < 50%), sucrée	Still soft drink, lemonade, fruit content >= 10% and < 50%, with sugar(s)	1	23.2	0.005	0	5.77	5.6	0.19	0	0.008
18300	Boisson aux fruits avec de la purée de fruits type smoothie (teneur en fruits >= 50%), sans sucres ajoutés, rayon frais	Still soft drink, with fruit puree, smoothie type, fruit content >= 50%, no added sugars, refrigerated	1	67.5	1.45	1.13	12.1	11.8	1.4	0.8	0.003
18304	Boisson plate aux fruits (teneur en fruits >= 10% et < 50%), à teneur réduite en sucres	Still soft drink, fruit content >= 10% and < 50%, reduced sugar	1	18.8	0.22	0	4.71	4.66	0	0.22	0.008
18305	Boisson plate aux fruits (teneur en fruits >= 10% et < 50%), sans sucres ajoutés	Still soft drink, fruit content >= 10% and < 50%, no added sugars	1	13	0.007	0	3.18	3.06	0	0.052	0.015
18306	Boisson à l'aloe vera, sucrée	Aloe vera beverage, with sugar(s)	1	32.9	0	0	8.11	6.4	0.069	0.094	0.02
18309	Boisson plate aux fruits (teneur en fruits non spécifiée), sucrée	Still soft drink, fruit content unknown, with sugar(s)	1	45.8	0.07	0	11.2	10.6	0	0.1	0.002
18315	Boisson plate au(x) fruits et au(x) légume(s)	Fruit and vegetable beverage	1	42.9	0.12	0.014	10	9.11	0.67	0.31	0.053
18316	Kéfir d'eau et de fruits, préemballé	Water kefir or Tibicos, prepacked	1	3.6	0	0	0.9	0.4	0	0.1	0
18324	Boisson énergisante, sans précision sur la teneur en sucres et édulcorants (aliment moyen)	Energy drink, sugar and artifical sweetener contents unknown (average)	1	35.2	0.002	0	8.77	8.69	0.11	0.097	0.093
18325	Boisson plate aux fruits (teneur en fruits non spécifiée), sans précision sur la teneur en sucres et édulcorants ni sur l'enrichissement (aliment moyen)	Still soft drink, fruit content unknown, sugar and sweetener contents unknown (average)	1	39.3	0.13	0.031	9.38	8.49	0.22	0.18	0.012
18326	Boisson à l'eau minérale ou de source, aromatisée, sans précision sur la teneur en sucres et édulcorants (aliment moyen)	Bottled water, flavoured, sugar and sweetener contents unknown (average)	1	1.88	0	0	0.47	0.45	0.087	0	0.014
18327	Limonade, sans précision sur la teneur en sucres et édulcorants (aliment moyen)	Lemonade, sugar and sweetener contents unknown (average)	1	28.4	0	0	7.09	7.07	0.13	0	0.005
18328	Boisson préparée à partir de sirop ou de boisson concentrée à diluer type menthe, fraise, etc, diluée dans l'eau, sans précision sur la teneur en sucres et édulcorants (aliment moyen)	Syrup (eg. Mint, strawberry etc.), sugar content unknown, diluted in water (average)	1	29.2	0	0	7.21	7.17	0	0.071	0.013
18329	Boisson gazeuse aromatisée, sans fruit, sans précision sur la teneur en sucres et édulcorants (aliment moyen)	Carbonated beverage or soft drink, without fruit, sugar and sweetener contents unknown (average)	1	27.6	0.007	0.002	6.87	6.82	0.035	0.007	0.009
18339	Boisson plate aux fruits (teneur en fruits >= 10% et < 50%), sucrée	Still soft drink, fruit content >= 10% and < 50%, with sugar(s)	1	41.1	0.14	0.027	9.92	8.87	0.19	0.13	0.012
18340	Boisson gazeuse aux fruits (teneur en fruits < 10%), sans sucres ajoutés, avec édulcorants	Carbonated beverage or fruit soft drink, fruit content < 10% , no added sugars and with sweetener(s)	1	2.06	0	0	0.45	0.43	0	0.063	0.022
18341	Boisson gazeuse à la pomme (teneur en fruits >= 50%), sans sucres ajoutés	Carbonated beverage, apple content >= 50% and <99%, no added sugars	1	30	0	0	7.5	6.5	0	0	0.01
18343	Boisson au(x) fruit(s) et au lait	Still beverage with fruit juice and milk	1	47.7	0.041	0.003	10.7	9.89	0.53	0.68	0.002
18344	Tonic ou bitter, sucré	Tonic drink, with sugar(s)	1	33.1	0	0	8.27	8.21	0.14	0	0.005
18345	Boisson gazeuse aux fruits (teneur en fruits < 10%), sans sucres ajoutés, sans édulcorants	Carbonated beverage or fruit soft drink, fruit content < 10% , no added sugars and no sweetener(s)	1	16.7	0	0	4.17	4	0	0	0.002
18347	Boisson à la sève de bouleau	Birch sap beverage	1	2.8	0.063	0.013	0.7	0.63	0	0.063	0.01
18348	Boisson pour le sport, sucrée	Sports drink, with sugar(s)	1	21.7	0	0	5.41	5.04	0	0	0.076
18349	Boisson pour le sport, sucrée, avec édulcorants	Sports drink with added sugars, with sugar(s)	1	19.3	0	0	4.82	3.74	0	0	0.1
18352	Boisson énergisante, sucrée	Energy drink, with sugar(s)	1	40.9	0	0	10.2	10.2	0.11	0.095	0.095
18353	Boisson énergisante, sans sucres ajoutés, avec édulcorants, enrichie en vitamines	Energy drink, no added sugar(s) and with sweetener(s), fortified with vitamins	1	8.57	0.009	0	2.06	1.74	0.13	0.11	0.08
18354	Boisson énergisante, sucrée, avec édulcorants	Energy drink, with sugar(s) and with sweetener(s)	1	27.6	0	0	6.86	6.22	0.13	0.042	0.1
18356	Tonic ou bitter, sans précision sur la teneur en sucres et édulcorants (aliment moyen)	Tonic drink, sugar(s) and sweetener(s) content unknown (average)	1	28.8	0	0	7.21	7.16	0.15	0	0.004
18430	Eau de source gazeuse ou plate	Spring water, bottled	1	0	0	0	0	0	0	0	
18899	Boisson à l'avoine, nature, sans sucres ajoutés, non enrichie, préemballée	Oat drink, plain, no added sugar, not fortified, prepacked	1	41	1.1	0.2	7.78	5	0	0.25	0.066
18900	Boisson au soja, nature, non enrichie, préemballée	Soy drink, plain, not fortified, prepacked	1	42.4	2.1	0.28	1.87	0.53	0.71	3.19	0.053
18901	Boisson au soja, nature, enrichie en calcium, préemballée	Soy drink, plain, fortified with calcium, prepacked	1	44.2	2.05	0.26	2.18	2.18	1	3.42	0.097
18902	Boisson au soja, aromatisée, sucrée, non enrichie, préemballée	Soy drink, flavoured, with sugar(s), not fortified, prepacked	1	61.9	1.8	0.3	7.54	5.98	0.73	3.08	0.11
18903	Boisson au soja, aromatisée, sucrée, enrichie en calcium, préemballée	Soy drink, flavoured, with sugar(s), fortified in calcium, prepacked	1	43.2	1.8	0.28	2.89	2.7	1.1	3.01	0.12
18904	Boisson au riz, nature, préemballée	Rice drink, plain, prepacked	1	52.2	1	0.11	10.8	5.6	0	0.23	0.074
18906	Boisson à la châtaigne, nature, préemballée	Chestnut drink, plain, prepacked	1	67.9	1.4	0.18	13.5	9.01	0.61	0.21	0.077
18907	Boisson à la noix de coco, nature, préemballée	Coconut drink, plain, prepacked	1	29.9	2.1	1.87	2.75	2.46	0	0.21	0.089
19000	Lait de grand mélange, en vrac	Milk, bulk	0	64.4	3.66	2.28	4.65		0	3.28	0.12
19012	Lait de croissance infantile, liquide (aliment lacté destiné aux enfants en bas âge)	Baby milk, growing-up milk, ready to drink	0	60.9	2.71	1.1	7.77	5.98	0	1.28	0.06
19013	Lait 1er âge, prêt à consommer (préparation pour nourrissons)	Baby milk, infant formula, ready to drink	0	71.3	3.79	1.48	8.04	6.72	0	1.21	0.06
19014	Lait 2e âge, prêt à consommer (préparation de suite)	Baby milk, follow-on formula, ready to drink	0	65.1	2.9	1.14	8.23	5.63	0.5	1.21	0.055
19016	Lait entier (aliment moyen)	Milk, whole (average)	0	63.9	3.49	2.12	4.78	4.29	0	3.42	0.12
19021	Lait en poudre, entier	Milk powder, whole	0	508	26.2	16.4	42	39.9	0	26.6	0.91
19023	Lait entier, UHT	Milk, whole, UHT	0	64.6	3.55	2.08	4.77	4.64	0	3.46	0.093
19024	Lait entier, pasteurisé	Milk, whole, pasteurised	0	61.8	3.3	2.25	4.8	3.2	0	3.3	0.2
19026	Lait concentré sans sucres ajoutés, entier	Condensed milk, no added sugars, whole	0	119	5.9	3.96	9.91	9.47	0	6.44	0.24
19027	Lait concentré sucré, entier	Condensed milk, with sugar(s), whole	0	327	7.87	5.23	56.5	56.5	0	7.7	0.21
19033	Lait demi-écrémé (aliment moyen)	Milk, semi-skimmed (average)	0	47.5	1.55	0.98	4.97	4.91	0	3.46	0.087
19037	Lait demi-écrémé, UHT, enrichi en vitamine D	Milk, semi-skimmed, UHT, fortified with vitamin D	0	46.6	1.52	0.98	4.8	4.5	0	3.38	0.09
19038	Lait à 1,2% MG, UHT, enrichi en vitamines	Milk, 1,2% fat, UHT, fortified with vitamins	0	44.1	1.25	0.81	4.79	4.5	0	3.38	0.088
19039	Lait, sans précision sur la teneur en matière grasse, UHT (aliment moyen)	Milk, fat content unknown, UHT (average)	0	47.7	1.57	0.98	4.97	4.89	0	3.48	0.088
19041	Lait demi-écrémé, UHT	Milk, semi-skimmed, UHT	0	47.7	1.56	0.97	5	4.96	0	3.48	0.088
19042	Lait demi-écrémé, pasteurisé	Milk, semi-skimmed, pasteurised	0	46.4	1.54	1.06	4.9	4.81	0	3.19	0.078
19044	Lait en poudre, demi-écrémé	Milk powder, semi-skimmed	0	459	17.5	11.6	43.4	43.4	0	31.5	0.78
19050	Lait écrémé, UHT	Milk, skimmed, UHT	0	34.4	0.021	0	5.01	4.68	0	3.6	0.085
19051	Lait écrémé, pasteurisé	Milk, skimmed, pasteurised	0	32.7	0.08	0.051	4.7	4.7	0	3.37	0.11
19054	Lait en poudre, écrémé	Milk powder, skimmed	0	361	0.7	0.48	54	53.1	0	35.3	1.32
19060	Lait demi-écrémé (ou à teneur en matière grasse légèrement inférieure), UHT, à teneur réduite en lactose	Milk, semi-skimmed, UHT, reduced lactose	0	44.4	1.29	0.86	4.69	4.66	0	3.45	0.088
19114	Boisson lactée aromatisée à la vanille, sucrée, au lait partiellement écrémé, enrichie en vitamine D	Vanilla flavoured milk, with sugar(s), partially skimmed, fortified with vitamin D	1	57.4	0.6	0.4	11	11	0	2.04	0.1
19116	Boisson lactée aromatisée au café, sucrée, au lait partiellement écrémé, enrichie en vitamine(s) et/ou minéraux	Coffee flavoured milk beverage, with sugar(s), partially skimmed fortified with vitamin(s) and/or mineral(s)	1	50.6	0.38	0.24	8.9	8.9	0	2.96	0.19
19117	Boisson lactée aromatisée au café, sucrée, au lait partiellement écrémé, non enrichie	Coffee flavoured milk beverage, with sugar(s), partially skimmed, not fortified	1	70.3	2.33	1.51	8.84	8.6	0.88	3.12	0.13
19118	Boisson lactée aromatisée au chocolat, sucrée, au lait partiellement écrémé, non enrichie	Chocolate flavoured milk beverage, with sugar(s), partially skimmed, not fortified	1	72.8	1.58	1	11	10.5	0.5	3.49	0.12
19119	Boisson lactée aromatisée au chocolat, sucrée, au lait partiellement écrémé, enrichie en vitamine(s) et/ou minéraux	Chocolate flavoured milk beverage, with sugar(s), partially skimmed, fortified with vitamin(s) and/or mineral(s)	1	66.5	1.15	0.71	10.8	10.3	0.58	3.02	0.12
19120	Boisson lactée aromatisée (sans précision sur l'arôme), sucrée, au lait partiellement écrémé, enrichie et/ou restaurée en vitamine(s) et/ou minéraux (aliment moyen)	Flavoured milk beverage, with sugar(s), partially skimmed, fortified with vitamins and/ormineral(s) (average)	1	61	0.84	0.56	10.7	10.4	0.2	2.65	0.11
19127	Boisson lactée aromatisée à la fraise, sucrée, au lait partiellement écrémé, enrichie en vitamine D	Strawberry flavoured milk, with sugar(s), partially skimmed, fortified with vitamin D	1	58.8	0.72	0.5	10.7	10.4	0.033	2.53	0.1
19200	Lait de chèvre, entier, UHT	Goat milk, whole, UHT	0	64.6	4.02	2.52	4.2	4.2	0	2.96	0.1
19201	Lait de chèvre, demi-écrémé, UHT	Goat milk, half skimmed, UHT	0	45.8	1.57	1.06	4.13	4.13	0	3.77	0.15
19202	Lait de chèvre, entier, cru	Goat milk, whole, raw	0	57.4	3.2	2.16	4.01	4.01	0	3.22	0.091
19225	Lait de jument, entier	Mare's milk, whole	0	50	1.73	0.82	6.22	6.17	0	2.41	0.05
19250	Lait de brebis, entier	Sheep milk, whole	0	103	6.97	4.8	4.5	4.5	0	5.68	0.11
19402	Crème ou spécialité à base de crème légère, sans précision sur la teneur en matière grasse (aliment moyen)	Cream and similar, fat content unknown (average)	0	248	25	16.1	2.86	2.36	0.93	2.45	0.077
19403	Crème ou spécialité à base de crème légère, sans précision sur la teneur en matière grasse, fluide (aliment moyen)	Cream and similar, fat content unknown, fluid (average)	0	244	24.2	14.9	3.97	3.4	0	2.49	0.094
19404	Crème ou spécialité à base de crème légère, sans précision sur la teneur en matière grasse, épaisse ou semi-épaisse (aliment moyen)	Cream and similar, fat content unknownthick or semi-thick (average)	0	165	14.7	9.87	4.53	2.92	0.96	2.67	0.078
19410	Crème 30% MG, épaisse, rayon frais	Cream 30% fat, thick, refrigerated	0	285	29.9	19.5	1.38	1.38	0	2.32	0.065
19411	Crème d'Isigny, >= 35% MG	Cream, from Isigny, >= 35% fat	0	382	40	28.9	3	2.56	0	2.55	0.076
19415	Crème 30% MG, semi-épaisse, UHT	Cream 30% fat, semi-thick, UHT	0	294	30.7	21.4	1.94	1.94	0	2.49	0.073
19417	Crème 30% MG, fluide, UHT	Cream 30% fat, liquid, UHT	0	293	30	18.6	3.69	2.93	0	2.2	0.068
19420	Crème chantilly, sous pression, UHT	Whipped cream, aerosol, UHT	0	305	28.2	18.9	10.6	10.4	0	2.11	0.065
19430	Crème 12 à 25% MG, légère, semi-épaisse, UHT	Cream, 12-25% fat, light, semi-thick, UHT	0	189	17.6	11.8	4.34	3.41	1.5	2.78	0.088
19431	Crème 12 à 25% MG, légère, épaisse, rayon frais	Cream, 12-25% fat, light, thick, refrigerated	0	162	14.4	9.66	4.55	2.87	0.9	2.65	0.078
19432	Spécialité à base de crème légère 4-5% MG, fluide ou épaisse	Cream based preparation, light, 5% fat, fluid or thick	0	75	5	3	4.5	4.5	0	3.06	0.1
19433	Spécialité à base de crème légère 4% MG environ, fluide ou épaisse	Cream based preparation, light, about 4% fat, fluid or thick	0	73.2	4.3	2.88	5.28	4.44	0	3.25	0.11
19434	Spécialité culinaire à base de crème et d'aromates 19% MG, à cuisiner	Cream based preparation with aromatic herbs 19% fat, to cook	0	195	19	13	3	3	0	3.06	1.28
19435	Spécialité culinaire à base de crème légère et d'aromates 12% MG, à cuisiner	Cream based preparation with aromatic herbs 12% fat, to cook	0	128	12	8.5	2	2	0	3.06	1.28
19436	Crème 12 à 20% MG, légère, fluide, rayon frais	Cream, 12-20% fat, light, fluid, refrigerated	0	173	16	9.4	4.3	4.2	0	2.96	0.15
19500	Lait fermenté à boire, aromatisé, avec édulcorants, allégé en sucres, 0% MG, au L Casei	Fermented milk drink, flavoured, with sweetener(s), reduced sugar, 0% fat, with L Casei	0	27.5	0.1	0.018	3.64	3.56	0.35	2.9	0.11
19501	Fromage blanc, nature ou aux fruits (aliment moyen)	Quark, plain or with fruits (average)	0	80	2.83	1.83	6.34	6.05	0.02	7.02	0.09
19508	Lait fermenté ou yaourt à boire, aromatisé, sucré	Fermented milk drink, flavoured, with sugar(s)	0	65.9	0.89	0.59	10.7	9.67	0.14	3.16	0.093
19516	Lait fermenté à boire, aromatisé, sucré, au L Casei	Fermented milk drink, flavoured, with sugar(s), with L Casei	0	69.7	1.6	1	10.8	10.8	0.033	3.06	0.1
19534	Lait fermenté ou yaourt à boire, aromatisé, sucré, enrichi en vitamine D	Fermented milk drink, flavoured, with sugar(s), fortified with vitamin D	0	73.3	1.39	0.9	12.3	12.1	0.083	2.98	0.1
19535	Lait fermenté ou yaourt à boire, aux fruits, sucré	Fermented milk drink, with fruits, with sugar(s)	0	84.6	2.49	1.66	11.9	11.5	0.079	2.91	0.11
19536	Lait fermenté ou yaourt à boire, aux fruits, sucré, enrichi en vitamine D	Fermented milk drink, with fruits, with sugar(s), fortified with vitamin D	0	74	1.42	0.91	12.4	11.7	0.1	2.9	0.1
19538	Lait fermenté à boire, nature, sucré, au L Casei	Fermented milk drink, plain, with sugar(s), with L Casei	0	69.6	1.6	1	10.8	10.8	0	3.06	0.1
19539	Lait fermenté type yaourt au bifidus, aromatisé, sucré	Fermented milk, yogurt type with bifidus, flavoured, with sugar(s)	0	86.5	2.81	1.83	10.8	10.7	0.75	3.85	0.095
19541	Lait fermenté type yaourt au bifidus, aux fruits, 0% MG, avec édulcorants	Fermented milk, yogurt type with bifidus, with fruits, 0% fat, with sweetener(s)	0	48.1	0.094	0.039	6.71	6.37	1.08	4.67	0.18
19542	Lait fermenté type yaourt au bifidus, aux fruits, sucré	Fermented milk, yogurt type with bifidus, with fruits, with sugar(s)	0	87.7	2.83	1.81	10.8	10.5	0.7	3.76	0.1
19543	Lait fermenté type yaourt aux esters de stérol, aux fruits, 0% MG, avec édulcorants	Fermented milk, yogurt type with sterol esters, with fruits, 0% fat, with sweetener(s)	0	47	0.5	0.1	6.6	5.7	0.45	3.88	0.16
19544	Lait fermenté type yaourt au bifidus, nature, 0% MG	Fermented milk, yogurt type with bifidus, plain, 0% fat	0	42.9	0.3	0.17	5.75	5.75	0	4.39	0.14
19546	Lait fermenté type yaourt au bifidus, nature	Fermented milk, yogurt type with bifidus, plain	0	92.3	2.38	1.46	10.8	10.2	0	6.35	0.068
19550	Yaourt à la grecque nature, au lait de brebis	Yogurt, Greek-style, ewe's milk	0	124	9.78	7.12	4.28	3.06	0	4.82	0.12
19551	Lait fermenté à boire, aromatisé, sucré, enrichi en vitamine D, au L Casei	Fermented milk drink, flavoured, with sugar(s), fortified with vitamin D, with L Casei	0	73.3	1.53	1.02	12.1	12	0	2.84	0.1
19552	Yaourt à la grecque sur lit de fruits, sucré	Yogurt, Greek-style, on a fruit layer, with sugar(s)	0	126	6.53	4.32	14.4	13.5	0.27	2.34	0.1
19553	Yaourt au lait de brebis, aromatisé, sucré	Yogurt, ewe's milk, flavoured, with sugar(s)	0	93.1	3.7	2.52	9.16	8.3	0.17	5.04	0.12
19554	Yaourt au lait de brebis, nature, 3% MG environ	Yogurt, ewe's milk, plain, around 3% fat	0	66.5	3.01	2.13	3.48	3.31	0.13	5.61	0.13
19555	Yaourt au lait de brebis, sur lit de fruits, sucré	Yogurt, ewe's milk, on a fruit layer, with sugar(s)	0	112	3.73	2.49	15.2	13.6	0.47	4.34	0.097
19556	Yaourt au lait de chèvre, nature	Yogurt, goat's milk, plain	0	74.4	4.9	3.24	2.53	2.53	0.25	4.28	0.096
19557	Yaourt ou lait fermenté, sur lit de fruits, sucré	Yogurt or fermented milk, on a fruit layer, with sugar(s)	0	97.6	2.77	1.84	14	12.9	0.3	4.08	0.11
19559	Yaourt ou lait fermenté, aromatisé, 0% MG, avec édulcorants	Yogurt or fermented milk, flavoured, 0% fat, with sweetener(s)	0	54.4	0.063	0.007	7.73	5.08	0	5.09	0.13
19572	Fromage frais type petit suisse, aromatisé chocolat, sucré	Fresh cream cheese, petit-suisse type, chocolate flavoured, with sugar(s)	0	165	6.48	4.3	22.5	19.7	0.2	4.21	0.28
19574	Yaourt ou lait fermenté, aromatisé, 0% MG, avec édulcorants, enrichi en vitamine D	Yogurt or fermented milk, flavoured, 0% fat, with sweetener(s), fortified with vitamin D	0	52.3	0.39	0.25	7.75	7.12	0	4.58	0.15
19575	Yaourt ou lait fermenté, aromatisé, sucré	Yogurt or fermented milk, flavoured, with sugar(s)	0	86.1	2.25	1.39	12.7	12.5	0.017	3.15	0.083
19577	Yaourt ou lait fermenté, aromatisé, à la crème, sucré	Yogurt or fermented milk, flavoured, with cream, with sugar(s)	0	123	6.59	4.16	13	12	0.013	2.98	0.11
19578	Yaourt ou lait fermenté, aromatisé, sucré, enrichi en vitamine D	Yogurt or fermented milk, flavoured, with sugar(s), fortified with vitamin D	0	71.4	1.06	0.66	11.7	11.4	0.067	3.16	0.083
19579	Yaourt ou lait fermenté, aux céréales	Yogurt or fermented milk, with cereals	0	111	3.43	2.22	16	14.6	1	3.64	0.11
19580	Yaourt ou lait fermenté, aux copeaux de chocolat, à la crème, sucré	Yogurt or fermented milk, with chocolate flakes, with cream, with sugar(s)	0	126	5.52	3.57	14.9	14.8	0.2	3.62	0.093
19581	Yaourt ou lait fermenté, aux fruits, 0% MG, avec édulcorants	Yogurt or fermented milk, with fruits, 0% fat, with sweetener(s)	0	45.1	0	0	5.66	5.4	0.7	4.38	0.12
19582	Yaourt ou lait fermenté, aux fruits, 0% MG, avec édulcorants, enrichi en vitamine D	Yogurt or fermented milk, with fruits, 0% fat, with sweetener(s), fortified with vitamin D	0	45.5	0	0	6	5.42	0.6	4.31	0.12
19584	Mascarpone	Mascarpone cheese, from cow's milk	0	369	37	25.9	3.1	2.99	0	6	0.13
19587	Yaourt ou lait fermenté, aux fruits, sucré	Yogurt or fermented milk, with fruits, with sugar(s)	0	88.9	2.41	1.58	12.6	11.6	0.6	3.23	0.095
19589	Yaourt ou lait fermenté, aux fruits, à la crème, sucré	Yogurt or fermented milk, with fruits, with cream, with sugar(s)	0	113	5.1	3.33	13.4	12.8	0.14	2.73	0.11
19590	Mozzarella au lait de vache	Mozzarella cheese, from cow's milk	0	227	17.7	11.7	0.7	0.7	0	16.5	0.6
19591	Mozzarella au lait de bufflonne ou buflesse ("di bufala")	Mozzarella cheese, from buffala's milk	0	260	22.3	15	0.18	0	0.063	14.5	0.49
19592	Yaourt ou lait fermenté, aux fruits, sucré, enrichi en vitamine D	Yogurt or fermented milk, with fruits, with sugar(s), fortified with vitamin D	0	89.5	2.65	1.76	12.3	11.6	0.2	3.32	0.088
19593	Yaourt ou lait fermenté, nature	Yogurt or fermented milk, plain	0	50.1	1.68	1.08	4.26	4	0	3.83	0.1
19594	Yaourt ou lait fermenté, nature, 0% MG	Yogurt or fermented milk, plain, 0% fat	0	39.1	0	0	4.89	4.63	0.031	4.16	0.11
19596	Yaourt ou lait fermenté, nature, 0% MG, enrichi en vitamine D	Yogurt or fermented milk, plain, 0% fat, fortified with vitamin D	0	38.5	0.19	0.072	4.86	4.79	0.12	4.58	0.14
19598	Yaourt ou lait fermenté, nature, à la crème	Yogurt or fermented milk, plain, with cream	0	107	8.5	5.49	3.8	3.56	0	3.22	0.085
19599	Yaourt ou lait fermenté, nature, sucré	Yogurt or fermented milk, plain, with sugar(s)	0	81.7	2.81	1.81	10.7	10.1	0.031	2.92	0.075
19600	Yaourt ou lait fermenté, nature, sans précision sur teneur en matière grasse et sucre (aliment moyen)	Yoghurt or fermented milk, plain (average)	0	62.3	2.3	1.49	5.85	5.5	0.029	3.93	0.093
19624	Yaourt ou lait fermenté, nature ou aux fruits (aliment moyen)	Yoghurtor fermented milk, plain or with fruits (average)	0	72.9	2.6	1.69	7.98	7.51	0.18	3.7	0.097
19628	Yaourt ou lait fermenté, aux fruits (aliment moyen)	Yoghurt or fermented milk, with fruits (average)	0	91.2	3.12	2.04	11.7	11	0.43	3.29	0.1
19638	Faisselle au coulis de fruits	Drained soft fresh cheese, with fruit sauce	0	93	5	3.6	8.5	8.5		3.57	0.077
19639	Faisselle, 0% MG	Drained soft fresh cheese, 0% fat	0	36.8	0.05	0.025	4.65	3.71	0.083	4.52	0.13
19641	Faisselle, 6% MG environ	Drained soft fresh cheese, around 6% fat	0	83.6	5.5	3.74	3.36	3.36	0.21	4.47	0.088
19643	Fromage blanc et crème fouettée, sur lit de fruits, sucré	Quark and whipped cream, on a fruit layer, with sugar(s)	0	145	7	4.5	16	15	0	4.59	0.09
19644	Fromage blanc, nature, 0% MG	Quark, plain, 0% fat	0	48.4	0	0	4.22	3.29	0.042	7.34	0.09
19645	Fromage blanc, nature, 0% MG, enrichi en vitamine D	Quark, plain, 0% fat, fortified with vitamin D	0	49.6	0.1	0.06	4.76	4.76	0	7.57	0.12
19646	Fromage blanc, nature, 2-3% MG	Quark, plain, 2-3% fat	0	75.7	3.23	2.07	3.86	3.86	0.019	7.28	0.088
19648	Fromage blanc, nature, 2-3% MG, enrichi en vitamine D	Quark, plain, 2-3% fat, fortified with vitamin D	0	75.5	3.12	2.01	4.87	4.75	0.03	6.3	0.09
19650	Fromage blanc et crème fouettée, nature	Quark and whipped cream, plain	0	133	9.94	6.53	3.8	3.8	0	6.72	0.078
19654	Fromage blanc ou spécialité laitière, aux copeaux de chocolat, 7-8% MG, sucré	Quark or dairy specialty, with chocolate flakes, 7-8% fat, with sugar(s)	0	152	6.93	4.83	16.3	15.4	0.1	6.1	0.073
19656	Fromage blanc ou spécialité laitière, aux fruits, 0% MG, sucré	Quark or dairy specialty, with fruits, 0% fat, with sugar(s)	0	80.3	0	0	12.8	12	0	7.42	0.088
19657	Fromage blanc ou spécialité laitière, aux fruits, 2-3% MG, sucré	Quark or dairy specialty, with fruits, 2-3% fat, with sugar(s)	0	98.3	2.86	1.94	12	11.6	0.28	6.15	0.098
19659	Fromage blanc ou spécialité laitière, aux fruits, 6-7% MG, sucré	Quark or dairy specialty, with fruits, 7-8% fat, with sugar(s)	0	139	6.55	3.57	14.4	13.6	0.34	5.57	0.097
19660	Fromage blanc ou spécialité laitière, sur lit de fruits, 7-8% MG, sucré	Quark or dairy specialty, on a fruit layer, 7-8% fat, with sugar(s)	0	129	6.91	4.69	12.8	12.2	0	4.13	0.093
19663	Fromage frais type petit suisse, nature, 0% MG	Fresh cream cheese, petit-suisse type, plain, 0% fat	0	56.5	0.1	0	4.2	4.2	0	9.9	0.14
19664	Fromage frais type petit suisse, nature, 4% MG environ	Fresh cream cheese, petit-suisse type, plain, around 4% fat	0	88	3.9	2.66	3.11	3.11	0	9.71	0.095
19665	Mousse de fromage blanc sur lit de fruits, 0% MG, avec édulcorants, enrichie en calcium et vitamine D	Fresh cream cheese mousse, on a fruit layer, 0% fat, with sweetener(s), fortified with calcium and vitamin D	0	56.2	0.45	0.26	6	5.05	1.35	6.48	0.15
19666	Fromage frais type petit suisse, nature, 10% MG environ	Fresh cream cheese, petit-suisse type, plain, around 10% fat	0	137	9.89	6.55	2.61	2.61	0.78	9.19	0.075
19669	Spécialité laitière riche en protéines, sur lit de fruits, sucrée	Yoghurt, rich in protein, on a fruit layer, with sugar(s)	0	97.6	2.29	1.56	11.5	11.3		7.46	0.083
19671	Yaourt ou lait fermenté, aromatisé ou aux fruits, 0% MG (aliment moyen)	Yogurt or fermented milk, with fruits or flavoured, 0% fat (average)	0	47.2	0.053	0.06	6.14	5.32	0.54	4.54	0.12
19672	Yaourt ou lait fermenté, aromatisé ou aux fruits, non allégé en matière grasse (aliment moyen)	Yogurt or fermented milk, with fruits or flavoured, no reduced fat (average)	0	91.6	2.92	1.87	12.5	12	0.23	3.15	0.093
19673	Crème dessert, allégée en matière grasse, rayon frais	Custard dessert, reduced fat, refrigerated	0	78.2	1.1	0.72	12.6	11.4	1.5	3.66	0.13
19674	Flan aux oeufs, rayon frais	Flan with eggs, refrigerated	0	113	2.74	1.52	17.7	16	0.38	4.23	0.15
19675	Yaourt ou lait fermenté, aromatisé ou aux fruits, avec édulcorants (aliment moyen)	Yogurt or fermented milk, with fruits or flavoured, with sweetener(s) (average)	0	47.2	0.053	0.06	6.14	5.32	0.54	4.54	0.12
19676	Yaourt ou lait fermenté, aromatisé ou aux fruits, sucré (aliment moyen)	Yogurt or fermented milk, with fruits or flavoured, with sugar(s) (average)	0	91.9	2.94	1.89	12.6	12.1	0.23	3.16	0.094
19677	Yaourt ou lait fermenté, aromatisé ou aux fruits, non allégé en matière grasse, sucré (aliment moyen)	Yogurt or fermented milk, with fruits or flavoured, no reduced fat, with sugar(s) (average)	0	91.8	2.94	1.88	12.6	12.1	0.23	3.16	0.094
19678	Lait emprésuré aromatisé, rayon frais	Renneted milk, flavoured, refrigerated	0	111	3.03	2.05	16	14.9	0.6	4.65	0.15
19679	Lait gélifié aromatisé, nappé caramel, rayon frais	Milk jelly, flavoured, covered with caramel sauce, refrigerated	0	91.4	1.05	0.69	16.8	14.3	2.2	2.55	0.098
19680	Lait gélifié aromatisé, rayon frais	Milk jelly, flavoured, refrigerated	0	124	3.53	2.15	19.5	17.6	0.52	3.39	0.14
19681	Liégeois ou viennois (chocolat, café, caramel ou vanille), rayon frais	Custard (chocolate, coffee, caramel or vanilla) topped with whipped cream, refrigerated	0	139	6.48	4.27	16.1	14.6	2	3.09	0.12
19682	Yaourt ou lait fermenté, aromatisé ou aux fruits (aliment moyen)	Yogurt or fermented milk, with fruits or flavoured (average)	0	87.5	2.65	1.7	11.9	11.4	0.26	3.29	0.097
19684	Oeufs au lait, rayon frais	Egg custard, refrigerated	0	124	5.08	2.88	14.7	14.4	0	5.03	0.16
19685	Panna cotta, avec préparations de fruits ou caramel, rayon frais	Panna cotta, with fruit preparation or caramel, refrigerated	0	192	12.1	8.21	15.9	15.8	1.44	2.69	0.099
19686	Spécialité laitière ou dessert lacté, aromatisé, à faible teneur en matière grasse, sucré, avec édulcorants, rayon frais	Dairy specialty or milk-based desert, flavoured, reduced fat, with sugar(s) and sweetener(s), refrigerated	0	75.5	1.05	0.68	11.9	9.76	1.73	3.8	0.2
19688	Baba au rhum, rayon frais	Rum baba, refrigerated	0	174	2.35	1.8	28.3	28.3	0.76	2.8	0.33
19691	Fromage blanc ou spécialité laitière, aux fruits, 0% MG, avec édulcorants, sucré, enrichi en vitamine D	Quark or dairy specialty, with fruits, 0% fat, with sweetener(s), with sugar(s), fortified with vitamin D	0	53.7	0.1	0.06	6.45	6.15	0.7	6.53	0.14
19692	Dessert au soja, aux fruits, sucré, enrichi en calcium, fermenté, rayon frais	Soy dessert, with fruits, with sugar(s), fortified with calcium, fermented, refrigerated	0	86.2	2.3	0.79	12.9	11.6	0	2.74	0.07
19693	Dessert au soja, nature, sans sucres ajoutés, non enrichi, fermenté, rayon frais	Soy dessert, plain, no added sugars, not fortified, fermented, refrigerated	0	44.7	1.9	0.22	2.05	0.69	0.8	3.76	0.085
19694	Dessert au soja, nature, sans sucres ajoutés, enrichi en calcium, fermenté, rayon frais	Soy dessert, plain, no added sugars, fortified with calcium, fermented, refrigerated	0	42	2.1	0.34	1.1	0.27	0.6	3.59	0.053
19695	Dessert au soja, aux fruits, sucré, non enrichi, fermenté, rayon frais	Soy dessert, with fruits, with sugar(s), not fortified, fermented, refrigerated	0	78	1.7	0.34	11	10.6	1.1	3.31	0.085
19696	Dessert au soja, aux amandes, sucré, enrichi en vitamines et minéraux, fermenté, rayon frais	Soy dessert, with almonds, with sugar(s), fortified with vitamins and minerals, refrigerated	0	56	2.8	0.38	2.85	1.09	0.6	3.65	0.19
19697	Fromage blanc ou spécialité laitière, aromatisé, 0% MG, avec édulcorants, sucré, enrichi en vitamine D	Quark or dairy specialty, flavoured, 0% fat, with sweetener(s), with sugar(s), fortified with vitamin D	0	53.7	0.1	0.055	6.7	6.3	0	6.64	0.12
19698	Tiramisu au café, rayon frais	Tiramisu with coffee, refrigerated	0	242	9.8	6.41	30.2	19.5	1.2	4.25	0.19
19699	Tiramisu aux fruits, rayon frais	Tiramisu with fruits, refrigerated	0	220	8.27	6.18	32.1	21.7	1.39	3.62	0.14
19705	Fromage blanc ou spécialité laitière, aromatisé, 0% MG, avec édulcorants, sucré	Quark or dairy specialty, flavoured, 0% fat, with sweetener(s), with sugar(s)	0	47.3	0.05	0	6	5.2	0.2	5.72	0.13
19707	Fromage blanc ou spécialité laitière, sur lit de fruits, 0% MG, avec édulcorants, sucré, enrichi en vitamine D	Quark or dairy specialty, on a fruit layer, 0% fat, with sweetener(s), with sugar(s), fortified with vitamin D	0	52.8	0.4	0.3	6	5.4		6.43	0.12
19708	Fromage blanc ou spécialité laitière, sur lit de fruits, 0% MG, avec édulcorants, sans sucres ajoutés, enrichi en vitamine D	Quark or dairy specialty, on a fruit layer, 0% fat, with sweetener(s), no added sugars, fortified with vitamin D	0	53	0.17	0.033	5.63	3.73	1.7	6.91	0.09
19709	Fromage blanc ou spécialité laitière, aromatisé, 0% MG, avec édulcorants, sans sucres ajoutés	Quark or dairy specialty, flavoured, 0% fat, with sweetener(s), no added sugars	0	45.6	0	0	3.9	3.5	0	7.66	0.1
19711	Fromage blanc, nature, 7-8% MG	Quark, plain, 7-8% fat	0	116	7.63	5.19	5.87	3.69	0.05	5.55	0.11
19712	Fromage blanc, nature, au lait de brebis, 5% MG environ	Quark from ewe's milk, plain, around 5% fat	0	92.5	5.61	3.91	4.29	2.93	0	6.35	0.1
19713	Fromage blanc, nature, au lait de chèvre, 7% MG environ	Quark from goat's milk, plain, around 7% fat	0	98.3	6.73	4.61	3.04	2.65	0	6.55	0.077
19714	Fromage blanc ou spécialité laitière, aromatisé, 0% MG, sucré	Quark or dairy specialty, flavoured, 0% fat, with sugar(s)	0	76.9	0.05	0.038	12.3	11.9	0	7.01	0.1
19715	Fromage blanc ou spécialité laitière, aromatisé, 2-3% MG, sucré	Quark or dairy specialty, flavoured, 2-3% fat, with sugar(s)	0	98.7	2.59	1.67	12.8	12.4	0	6.2	0.093
19716	Fromage blanc, nature, 2-3% MG, sucré	Quark, plain, 2-3% fat, with sugar(s)	0	101	3.09	2.03	10.9	10.8	0	7.66	0.099
19718	Fromage blanc ou spécialité laitière, aromatisé, 7-8% MG, sucré	Quark or dairy specialty, flavoured, 7-8% fat, with sugar(s)	0	131	6.57	4.22	12.8	12.5	0.1	5.29	0.088
19719	Fromage frais type petit suisse, aux fruits, 2-3% MG, sucré	Fresh cream cheese, petit-suisse type, with fruits, 2-3% fat, with sugar(s)	0	101	2.64	1.71	12.9	12.3	0.067	6.39	0.092
19720	Fromage frais type petit suisse, aux fruits, 2-3% MG, sucré, enrichi en vitamine D	Fresh cream cheese, petit-suisse type, with fruits, 2-3% fat, with sugar(s), fortified with vitamin D	0	57.6	2.44	1.52	4.68	3.6	0.4	3.43	0.1
19721	Fromage frais type petit suisse, aromatisé, 2-3% MG, sucré	Fresh cream cheese, petit-suisse type, flavoured, 2-3% fat, with sugar(s)	0	92.7	2.23	1.46	12.3	11.8	0	5.96	0.1
19722	Fromage frais type petit suisse, aromatisé, 2-3% MG, sucré, enrichi en vitamine D	Fresh cream cheese, petit-suisse type, flavoured, 2-3% fat, with sugar(s), fortified with vitamin D	0	90.2	2.48	1.67	12.2	11.4	0.036	4.89	0.12
19723	Yaourt ou lait fermenté, nature, enrichi en vitamine D	Yogurt or fermented milk, plain, fortified with vitamin D	0	63.4	2.85	1.85	4.4	4.19	0.007	4.32	0.1
19724	Spécialité laitière riche en protéines, nature	Yoghurt, rich in protein, plain	0	74.5	2.7	1.9	3.45	3.45	0	9.29	0.12
19725	Fromage blanc ou spécialité laitière, sur lit de fruits, 0% MG, sucré	Quark or dairy specialty, on a fruit layer, 0% fat, with sugar(s)	0	78.6	0.089	0.05	11.5	10.9	0.13	8.08	0.11
19726	Yaourt ou lait fermenté, nature, sucré, enrichi en vitamine D	Yogurt or fermented milk, plain, with sugar(s), fortified with vitamin D	0	85.4	3.02	1.93	10.9	10.8	0.017	3.09	0.078
19727	Yaourt au lait de chèvre, aux fruits, sucré	Yogurt, goat's milk, with fruits, with sugar(s)	0	99.9	4.29	2.97	11.6	11.2		3.83	0.088
19728	Yaourt au lait de chèvre, sur lit de fruits, sucré	Yogurt, goat's milk, on a fruit layer, with sugar(s)	0	107	4.38	3.05	13.2	12.4		3.85	0.093
19733	Yaourt ou lait fermenté, sur lit de fruits, à la crème, sucré	Yogurt or fermented milk, on a fruit layer, with cream, with sugar(s)	0	126	6.47	4.08	14.2	13.6	0.52	2.56	0.1
19801	Lait fermenté à boire ou lait ribot, nature, maigre	Fermented milk drink, plain, skimmed milk	0	36.2	0.54	0.34	3.87	3.87	0.05	3.33	0.11
19805	Lait fermenté à boire ou lait ribot, nature, au lait entier	Fermented milk drink, plain, whole milk	0	52.7	3.2	2.24	1.99	1.99	0	3.38	0.088
19852	Mousse à la crème de marrons, rayon frais	Chestnut mousse, refrigerated	0	207	6.5	4.52	34.4	28.3	1.1	2.17	0.04
19860	Yaourt à la grecque nature	Yogurt, Greek-style, plain	0	103	8.16	5.26	3.73	3.11	0.071	3.02	0.08
19862	Yaourt à la grecque aromatisé, sucré	Yogurt, Greek-style, flavoured, with sugar(s)	0	134	7.49	5	14.2	13.5	0.15	2.39	0.1
19863	Tzatziki à base de yaourt, préemballé	Tzatziki, with yogurt, prepacked	0	138	10.9	0.81	3.8	2.7		6.19	0.88
19864	Tzatziki à base de fromage frais, préemballé	Tzatziki, with quark, prepacked	0	132	10.2	1.01	2.98	2.25	1.15	6.46	0.96
19865	Kéfir de lait	Milk kefir	0	61.1	3.4	2.33	4.5	3.42	0	3.19	0.12
19882	Yaourt au lait de brebis, nature, 6% MG environ	Yogurt, ewe's milk, plain, around 6% fat	0	98.9	6.77	4.76	3.98	2.54	0.49	5.42	0.13
19999	Poivron, vert, jaune ou rouge, cuit (aliment moyen)	Sweet pepper, green , yellow or red, cooked (average)	0	33	0.33	0.088	5.42	5.1	1.99	1.11	0.005
20000	Artichaut, cuit	Artichoke, globe, cooked	0	33.2	0.28	0.069	0.99	0.99	8.3	2.53	0.15
20002	Aubergine, cuite	Eggplant, cooked	0	27.1	0.23	0.044	4.17	3.2	2.5	0.83	0.003
20003	Betterave rouge, cuite	Beetroot, cooked	0	41.5	0.4	0.15	7.13	6.7	2.5	1.44	0.23
20004	Bette ou blette, côte (sans feuille), crue	Swiss chard, stalk without leaves, raw	0	12.8	0	0	1.63	1.2	1.8	1	0.57
20005	Bette ou blette, côte (sans feuille), cuite	Swiss chard, stalk without leaves, cooked	0	11.2	0	0	1.23	0.8	2.5	0.7	0.25
20007	Carotte, appertisée, égouttée	Carrot, canned, drained	0	21.8	0.19	0.068	3.29	2.49	1.88	0.7	0.57
20009	Carotte, crue	Carrot, raw	0	30.2	0	0	5.16	4.85	2.9	0.78	0.12
20010	Champignon, tout type, cru	Mushroom, all types, raw	0	24.3	0.34	0.05	2.25	1.74	1.63	2.42	0.012
20011	Champignon, tout type, appertisé, égoutté	Mushroom, all types, canned, drained	0	24.9	0.29	0.038	2.56	2.19	2.4	1.87	1.06
20012	Salade ou chicorée frisée, crue	Curly endive, raw	0	26	0.3	0.073	2.13	0.7	4	1.7	0.11
20014	Chou rouge, cru	Red cabbage, raw	0	26.4	0	0	4.33	3.9	2.8	1.13	0.035
20015	Chou vert, cuit	Green cabbage, cooked	0	24.1	0.45	0.14	3.04	2.79	2.4	1.03	0.098
20016	Chou-fleur, cru	Cauliflower, raw	0	24.9	0.7	0.24	2.13	1.7	2.2	1.81	0.015
20017	Chou-fleur, bouilli/cuit à l'eau	Cauliflower, boiled	0	20.9	0.46	0.097	1.6	0	2	1.6	0
20018	Coeur de palmier, appertisé, égoutté	Palm heart, canned, drained	0	41.5	0.56	0.13	5.5	1.5	2.2	2.51	0.81
20019	Concombre, chair et peau, cru	Cucumber, flesh and skin, raw	0	16.8	0.11	0.037	2.87	1.67	0.5	0.65	0.012
20020	Courgette, chair et peau, crue	Courgette or zucchini, flesh and skin, raw	0	16.7	0.32	0.084	1.75	1.74	1	1.21	0.02
20021	Courgette, chair et peau, cuite	Courgette or zucchini, flesh and skin, cooked	0	15.5	0.36	0.1	1.4	0	1.5	0.93	0.098
20022	Cresson de fontaine, cru	Watercress, raw	0	15.5	0.1	0.027	1.11	0.2	0.5	2.3	0.1
20023	Céleri branche, cru	Celery stalk, raw	0	15.4	0	0	2.41	1.3	2.2	0.63	0.2
20025	Céleri-rave, cuit	Celeriac, cooked	0	36.5	0.86		4.6	2.8	2.6	1.3	0.15
20026	Endive, crue	Chicory, raw	0	16.6	0	0	2.83	2.4	1.1	1.19	0
20027	Épinard, cuit	Spinach, cooked	0	19.6	0.14	0.054	0.25	0	2.7	3.2	0.069
20028	Fenouil, cru	Fennel, raw	0	18.2	0	0	2.63	2.2	2.6	1	0.055
20029	Graine germée de haricot mungo ou pousse de "soja", appertisée, égouttée	Mung bean, sprouted, canned, drained	0	22.4	0.15	0.03	2.57	2.09	1.8	1.48	0.5
20030	Haricot vert, cuit	French bean, cooked	0	29.4	0.17	0.048	3	0	4	2	0.4
20031	Laitue, crue	Lettuce, raw	0	14.7	0.2	0.022	1.22	0.73	1.1	1.35	0.021
20033	Navet, cuit	Turnip, cooked	0	25	0.2	0.008	3.8	2.9	2.2	0.9	0.073
20034	Oignon, cru	Onion, raw	0	39	0.62	0.2	6.25	4.8	1.7	1.1	0.098
20035	Oignon, cuit	Onion, cooked	0	34.6	0.2	0.024	6.2	4	1.4	1.3	0.021
20036	Petits pois, appertisés, égouttés	Garden peas, canned, drained	0	92.5	0.8	0.15	13.7	3.59	5.75	4.87	0.65
20037	Petits pois, cuits	Garden peas, cooked	0	61.4	0.87	0.21	4.7	1.7	5.8	5.8	0.018
20038	Pissenlit, cru	Dandelion, raw	0	48.5	0.7	0.17	6.1	0.71	3.5	2.7	0.22
20039	Poireau, cru	Leek, raw	0	30.4	0.3	0.04	4.55	3.9	1.8	1.5	0.05
20041	Poivron, vert, jaune ou rouge, cru	Sweet pepper, green, yellow or red, raw	0	22.6	0.27	0.071	3.5	1.5	1.5	0.8	0.021
20044	Potiron, cru	Pumpkin, raw	0	20.1	0.1	0.051	3.5	1.93	0.5	1.05	0.003
20045	Radis rouge, cru	Radish, raw	0	11	0	0	1.53	1.1	1.4	0.94	0.04
20046	Salsifis, cuit	Salsify, cooked	0	67.7	0.17	0.041	12.3	2.9	3.1	2.73	0.04
20048	Tomate, pelée, appertisée, égouttée	Tomato, peeled, canned, drained	0	16.4	0.28	0.034	1.61	1.6	1.27	0.9	0.33
20049	Maïs doux, en épis, cuit	Corn, on the cob, cooked	0	106	1.5	0.2	18.6	4.54	2.4	3.41	0.003
20050	Topinambour, cuit	Jerusalem artichoke, cooked	0	69.3	0.01	0	14.4	1.7	2.2	1.8	0.09
20051	Macédoine de légumes, appertisée, égouttée	Mixed diced vegetables, canned, drained	0	40.4	0.28	0.076	5.59	1.73	3.16	2.32	0.61
20052	Artichaut, cru	Artichoke, globe, raw	0	45.4	0.15	0.036	4.84	0.99	5.4	3.27	0.24
20053	Aubergine, crue	Eggplant, raw	0	22.9	0.18	0.034	2.7	2.7	3	0.98	0.005
20054	Cardon, cru	Cardoon, raw	0	13.7	0.1	0.011	1.7	1.5	1.6	0.7	0.43
20055	Céleri-rave, cru	Celeriac, raw	0	26.3	0	0	3.98	1.6	4.5	1.38	0.085
20056	Champignon de Paris ou champignon de couche, cru	Button mushroom or cultivated mushroom, raw	0	21	0.36	0.067	1.83	1.55	1	2.11	0.098
20057	Brocoli, cru	Broccoli, raw	0	31.9	0.36	0.047	2.15	1.7	2.6	2.9	0.075
20058	Chou de Bruxelles, cru	Brussels sprout, raw	0	43.9	0.3	0.062	4.59	2.2	3.8	3.38	0.063
20059	Épinard, cru	Spinach, raw	0	33.3	0.39	0.063	3.06	0.46	2.6	2.68	0.2
20060	Épinard, appertisé, égoutté	Spinach, canned, drained	0	24.5	0.5	0.081	0.93	0.4	2.4	2.81	0.81
20061	Haricot vert, cru	French bean, raw	0	31.9	0.22	0.05	4.14	3.26	2.7	1.83	0.015
20062	Haricot vert, appertisé, égoutté	French bean, canned, drained	0	23.2	0.32	0.083	2.07	0.77	3.36	1.34	0.65
20063	Haricot beurre, appertisé, égoutté	Butter bean or yellow bean, canned, drained	0	23.2	0.2	0.022	3.25	0.86	1.78	1.2	0.67
20064	Navet, pelé, cru	Turnip, peeled, raw	0	25.6	0.1	0.011	4.39	3.71	1.8	0.9	0.17
20065	Chou-rave, cru	Kohlrabi, raw	0	25.1	0.1	0.013	2.44	2.44	3.6	1.7	0.05
20066	Maïs doux, appertisé, égoutté	Corn, sweet, canned, drained	0	105	1.68	0.26	18.3	2.37	3.1	2.66	0.59
20067	Artichaut, appertisé, égoutté	Artichoke, canned, drained	0	39.8	0.2	0	6.5	1.5	3	1.5	0.8
20068	Tomate, concentré, appertisé	Tomato paste, concentrated, canned	0	99.2	0.53	0.1	17.1	13.3	4.2	4.4	0.27
20069	Chou vert, cru	Green cabbage, raw	0	24.4	0.14	0.023	2.74	2.74	2.55	1.43	0.051
20070	Haricot vert, surgelé, cru	French bean, frozen, raw	0	33.1	0.21	0.047	4.76	2.21	2.6	1.79	0.007
20071	Haricot vert, surgelé, cuit	French bean, frozen, cooked	0	33.7	0.17	0.042	5.1	1.23	3	1.49	0.003
20072	Petits pois, crus	Garden peas, raw	0	81.2	0.4	0.071	11.4	5.67	5.1	5.42	0.013
20074	Artichaut, cuit à la vapeur sous pression	Artichoke, globe, steamed	0	46.4	0	0	3.24	1.9	10.9	2.63	0.068
20076	Asperge, appertisée, égouttée	Asparagus, canned, drained	0	20.3	0.65	0.15	1.2	1.03	1.55	1.57	0.72
20077	Chou de Bruxelles, appertisé, égoutté	Brussels sprout, canned, drained	0	37.8	0.53	0.097	4.1	2.5	3.3	2.5	0.57
20078	Céleri branche, appertisé, égoutté	Celery stalk, canned, drained	0	13.1	0.15	0.1	1.38	0.8	2	0.63	0.54
20079	Champignon de Paris ou champignon de couche, appertisé, égoutté	Button mushroom or cultivated mushroom, canned, drained	0	18.3	0.37	0.065	0.64	0	2.5	2	0.63
20081	Salsifis, appertisé, égoutté	Salsify, canned, drained	0	29.2	0.17	0.07	4.33	1	2.5	1.33	0.64
20082	Chou-fleur, surgelé, cru	Cauliflower, frozen, raw	0	25.1	0.27	0.041	2.5	2.22	2.3	2.01	0.06
20083	Epinard, haché ou purée ou en branches, surgelé, cru	Spinach, frozen, raw	0	28	0.54	0.041	1	0.83	2.95	3.32	0.14
20084	Petits pois, surgelés, crus	Garden peas, frozen, raw	0	77.9	0.4	0.066	9.5	3.75	6.45	5.86	0.18
20085	Poivron vert, cru	Sweet pepper, green, raw	0	22.5	0	0	3.43	3	3.2	0.81	0
20086	Poivron vert, cuit	Sweet pepper, green, cooked	0	17.3	0.2	0.029	2.36	2.36	1.2	0.92	0.005
20087	Poivron rouge, cru	Sweet pepper, red, raw	0	33.6	0	0	5.98	4.8	3.2	1.06	0
20088	Poivron rouge, cuit	Sweet pepper, red, cooked	0	37.9	0.35	0.1	6.41	6	2.2	1.17	0.005
20089	Radis noir, cru	Radish, black, raw	0	28.2	0	0	5.52	4.3	1.2	0.94	0.058
20090	Scarole, crue	Escaroles, raw	0	20.5	0.23	0.049	2	0.7	2.3	1.44	0.036
20091	Betterave rouge, crue	Beetroot, raw	0	40.2	0.17	0.027	6.34	6.34	2.8	1.61	0.2
20092	Carotte, déshydratée	Carrot, dehydrated	0	317	1.49	0.26	56	38.8	23.6	8.1	0.69
20093	Petits pois et carottes, appertisés, égouttés	Garden peas and carrots, canned, drained	0	53.8	0.37	0.074	8.58	3.32	3.08	2.52	0.62
20094	Chou-rave, bouilli/cuit à l'eau	Kohlrabi, boiled/cooked in water	0	28	0.11	0.014	4.4	2.8	1.1	1.8	0.053
20095	Chou rouge, bouilli/cuit à l'eau	Red cabbage, boiled/cooked in water	0	25.3	0.09	0.011	3.32	3.32	2.6	1.51	0.07
20096	Potiron, cuit	Pumpkin, cooked	0	26.1	0.07	0.037	4.47	3.1	2	0.81	0
20097	Échalote, crue	Shallot, raw	0	61.7	0	0	12.2	3.3	2.6	1.81	0.013
20099	Mâche, crue	Lamb's lettuce, raw	0	15	0	0	0.5	0	2.3	2	0
20101	Légumes, mélange surgelé, crus	Mixed vegetables, frozen, raw	0	65.1	2.65	0.84	5.71	2.18	4.7	2.26	0.6
20102	Champignon de Paris ou champignon de couche, bouilli/cuit à l'eau	Button mushroom or cultivated mushroom, boiled/cooked in water	0	28.7	0.47	0.061	3	2.34	2.2	2.17	0.005
20103	Champignon, chanterelle ou girolle, crue	Chanterelle or girolle mushroom, raw	0	24.7	0.53	0.5	1.77	1.16	3.8	1.49	0.023
20105	Champignon, morille, crue	Morel, raw	0	23.5	0.57	0.065	0.1	0.057	2.8	3.12	0.053
20108	Maïs doux, en épis, surgelé, cru	Corn, on the cob, frozen, raw	0	97.4	1.19	0.19	17	2.74	2.65	3.36	0.01
20111	Oseille, crue	Sorrel, raw	0	23.4	0.65	0.1	1.6	1.54	1.8	1.89	0.009
20114	Champignon, pleurote, crue	Oyster mushroom, raw	0	26.8	0.41	0.062	1.5	1.07	2.3	3.31	0.045
20116	Chou blanc, cru	White cabbage, raw	0	35.2	0.6	0.27	4.63	4.2	3.5	1.38	0.033
20118	Fenouil, bouilli/cuit à l'eau	Fennel, boiled/cooked in water	0	11.7	0	0	0.8	0.5	2	1.13	0.15
20119	Tomate verte, crue	Tomato, green, raw	0	24.8	0.2	0.028	4	4	1.1	1.2	0.033
20123	Batavia, crue	Lettuce, var. batavia, raw	0	14.9	0	0	1.78	1.1	2.1	1.25	0.015
20124	Petits pois, surgelés, cuits	Garden peas, frozen, cooked	0	65.8	0.27	0.049	7.95	4.65	5.5	5.15	0.18
20125	Champignon de Paris ou champignon de couche, sauté/poêlé, sans matière grasse	Button mushroom or cultivated mushroom, sautéed/pan-fried, without added fat	0	38.4	0.6	0.18	4.53	0	0.9	4.44	0.028
20128	Courge musquée, chair sans peau, crue	Pumpkin (cucurbita moschata), flesh without skin, raw	0	23.5	0.1		4.6		1	0.55	
20132	Potimarron, chair sans peau, cru	Red kuri squash, flesh without skin, raw	0	22.1	0.28	0.027	3.1	1.69	1.7	0.95	0.074
20134	Courge hokkaïdo, chair sans peau, crue	Sweet green hokkaido squash, flesh without skin, raw	0	56.1	0.6		9.98		2.6	1.4	
20135	Fondue de poireau, préemballée	Leeks fondue or slow-simmered leeks, prepacked	0	58.4	5.2	3.6			3.6	1.1	0.5
20136	Courge melonnette, chair sans peau, crue	Squash, melonnette jaspée from Vendée, flesh without skin, raw	0	30.8	0.13		5.98		1.35	0.75	
20137	Tomate, pelée, appertisée, au jus, non égouttée	Tomato, peeled, canned, in juice, solids and liquids	0	21.8	0.25	0.034	3.15	2.55	1.9	0.79	0.025
20138	Courge butternut (doubeurre), chair sans peau, crue	Squash, butternut, flesh without skin, raw	0	30.5	0.1	0.021	5.4	2.2	2	1	0.01
20139	Courge, crue	Squash, all types, raw	0	14.4	0.13	0.027	1.6	1.6	1.5	0.95	0.01
20141	Courge butternut (doubeurre), chair sans peau, bouillie/cuite à l'eau	Squash, butternut, flesh without skin, boiled	0	28.2	0.2	0.052	4.56	4.51	2.4	0.69	0.01
20143	Courge spaghetti, chair sans peau, cuite	Squash, spaghetti, flesh without skin, cooked	0	28	0.26	0.062	5.06	2.53	1.4	0.66	0.045
20145	Courge spaghetti, chair sans peau, crue	Squash, spaghetti, flesh without skin, raw	0	32.3	0.57	0.12	5.41	2.76	1.5	0.64	0.043
20151	Piment, cru	Chili pepper, raw	0	37.4	0.44	0.042	5.75	4.01	1.5	1.87	0.023
20155	Artichaut, coeur, appertisé, égoutté	Artichoke, globe, heart, canned, drained	0	24.2	0	0	2.31	1.2	3.2	1.8	0.78
20156	Artichaut, fond, appertisé, égoutté	Artichoke, globe, base, canned, drained	0	23.4	0	0	3.02	0.8	2.6	1.2	0.73
20158	Tétragone cornue, cuite	New Zealand spinach, cooked	0	13.5	0.17	0.027	1	0.25	1.4	1.3	0.27
20160	Champignon, cèpe, cru	Cep or boletus mushroom, raw	0	28.8	0.49	0.12	2	1.28	2.12	3.23	0.048
20162	Chicorée rouge, crue	Red endive, raw	0	18.9	0.1	0.02	1.6	1.6	3	1.4	0.018
20163	Chicorée verte, crue	Green endive, raw	0	16.1	0.5	0.12	0.5	0.5	1	1.9	0.041
20165	Rutabaga, cuit	Rutabaga or Swede, cooked	0	26	0.18	0.029	4.26	3.95	1.8	0.93	0.013
20166	Citrouille, chair sans peau, crue	Pumpkin, flesh without skin, raw	0	29.7	0.1	0.052	5.79	2.76	0.5	1	0.003
20167	Chou chinois pé-tsaï, cru	Chinese cabbage (nappa cabbage), raw	0	16.4	0.2	0.042	2.1	0.82	0.73	1.25	0.023
20168	Poivron jaune, cru	Sweet pepper, yellow, raw	0	29.4	0.3	0.11	4.73	4.3	1.2	0.94	0
20169	Tomate, chair, appertisée	Tomato flesh without skin, canned	0	22.6	0	0	3.63	3.2	1.8	1.2	0.068
20170	Tomate, purée, appertisée	Tomato puree, canned	0	47.6	0.2	0.052	8.42	3.3	1.6	1.5	0.42
20171	Laitue romaine, crue	Cos or romaine lettuce, raw	0	17.2	0.3	0.039	1.35	1.19	2.1	1.23	0.02
20172	Tomate cerise, crue	Tomato, cherry, raw	0	31.8	0	0	5.62	4.8	1.2	1.31	0
20173	Pois mange-tout ou pois gourmand, cru	Snow pea, raw	0	43	0.2	0.039	6.2	4	2.6	2.8	0.01
20180	Oignon, séché	Onion, dried	0	355	0.46	0.078	74.1	37.4	9.2	8.95	0.053
20181	Panais, cru	Parsnip, raw	0	67.9	0.3	0.05	12.6	4.8	4.9	1.2	0.025
20183	Graine germée de haricot mungo ou pousse de "soja", crue	Mung bean, sprouted, raw	0	28.3	0	0	3.4	3.4	1.7	2.57	0.043
20188	Bambou, pousses, appertisées, égouttées	Bamboo shoots, canned, drained	0	19.3	0.31	0.072	1.9	1.89	1.2	1.63	0.19
20192	Tomate côtelée ou coeur de boeuf, crue	Tomato, beef heart, raw	0	17.4	0	0	3.4	2.98	0.9	0.5	0
20194	Haricots blancs à la sauce tomate, appertisés	Haricot beans with tomato sauce, canned	0	80.5	0.5	0.16	11.7	3	5	4.83	0.87
20195	Haricot beurre, cru	Butter bean or yellow bean, raw	0	37.6	0.12	0.026	5.6		3.4	1.82	0.015
20196	Topinambour, cru	Jerusalem artichoke, raw	0	74.7	0.01	0	15.8	9.6	1.6	2	0.01
20197	Salsifis noir, ou scorsonère d'Espagne, cru	Salsify, black, raw	0	83	0.3	0	15.3		3.3	3.13	0.011
20198	Bambou, pousse, crue	Bamboo shoots, raw	0	29.1	0.3	0.069	2.57	2.57	2.2	2.6	0.01
20199	Cresson alénois, cru	Garden cress, raw	0	23.8	0.7	0.023	1.22	1.22	1.1	2.6	0.035
20200	Laitue iceberg, crue	Iceberg lettuce, raw	0	17.3	0.14	0.018	2.5	1.24	1.1	0.95	0.016
20201	Rutabaga, cru	Rutabaga or Swede, raw	0	33.2	0.16	0.027	5.7	4.46	2.3	1.08	0.03
20203	Haricot beurre, surgelé, cru	Butter bean or yellow bean, frozen, raw	0	33.1	0.21	0.047	4.59	2.5	2.8	1.8	0.007
20204	Brocoli, surgelé, cru	Broccoli, frozen, raw	0	26.4	0.42	0.076	1.5	1.24	2.75	2.78	0.046
20206	Chou de Bruxelles, surgelé, cru	Brussels sprout, frozen, raw	0	45.2	0.41	0.084	4.69	2.35	3.8	3.78	0.025
20208	Carotte, surgelée, crue	Carrot, frozen, raw	0	33.6	0.46	0.047	4.95	4.69	3.3	0.78	0.17
20210	Concombre, chair sans peau, cru	Cucumber, flesh without skin, raw	0	11.1	0	0	2.23	1.8	0.8	0.56	0
20211	Champignon, lentin comestible ou shiitaké, séché	Shiitake mushroom, dried	0	316	0.99	0.23	63.9	2.21	11.5	9.58	0.033
20212	Champignon, lentin comestible ou shiitaké, cuit	Shiitake mushroom, cooked	0	60.9	0.22	0.05	12.3	3.84	2.1	1.56	0.01
20214	Petits pois et carottes, surgelés, crus	Garden peas and carrots, frozen, raw	0	53	0.47	0.084	7.1	3.43	3.4	3.4	0.2
20216	Pois mange-tout ou pois gourmand, bouilli/cuit à l'eau	Snow pea, boiled/cooked in water	0	30.9	0.3	0.08	3.39	2.3	2.8	2.25	0.013
20217	Roquette, crue	Roman rocket, raw	0	27.9	0.66	0.086	2.1	2.05	1.6	2.58	0.068
20218	Chou frisé, cru	Curly kale, raw	0	49.5	0.93	0.091	4.2	2.26	3.6	4.28	0.095
20219	Chou frisé, cuit	Curly kale, cooked	0	29.7	0.4	0.052	3.63	1.25	2	1.9	0.058
20221	Chou chinois pé-tsaï, sauté/poêlé	Chinese cabbage (nappa cabbage), sautéed/pan-fried, without added fat	0	18.9	0	0	2.77	2.72	1.6	1.06	0.043
20228	Champignon de Paris ou champignon de couche, surgelé, cru	Button mushroom or cultivated mushroom, frozen, raw	0	16.1	0.2	0.1	0.93	0.25	1.97	1.87	0.02
20230	Courgette, chair et peau, surgelée, crue	Courgette or zucchini, flesh and skin, frozen, raw	0	16.5	0.13	0.027	2	1.11	1.48	1.08	0.028
20231	Crosne, surgelé, cru	Chinese or Japanese artichokes, frozen, raw	0	51.8	0.03	0	5.51	0.5	0	7.38	0.003
20232	Artichaut, fond, surgelé, cru	Artichoke globe, base, frozen, raw	0	54.5	0.42	0.1	7.02	1.89	7.54	1.89	0.18
20233	Maïs doux, surgelé, cru	Corn, frozen, raw	0	105	0.78	0.12	19.8	3.78	2.8	3.28	0.013
20234	Navet, surgelé, cru	Turnip, frozen, raw	0	20.4	0.16	0.017	2.8	1.9	1.8	1.04	0.063
20235	Oignon, surgelé, cru	Onion, frozen, raw	0	30.3	0.06	0.011	5.22	3.81	2.65	0.89	0.025
20236	Poireau, surgelé, cru	Leek, frozen, raw	0	26.6	0.26	0.25	3.37	2.95	2.55	1.48	0.018
20237	Salsifis, surgelé, cru	Salsify, frozen, raw	0	41.1	0.16	0	4.68	2.5	5.8	2.34	0.043
20238	Oignon rouge, cru	Red onion, raw	0	35	0.4	0.14	5.63	5.2	2.5	1.31	0
20239	Oignon jaune, cru	Yellow onion, raw	0	35.9	0	0	6.39	0.2	2.6	1.19	0
20240	Piperade basquaise, préemballée	Piperade, Basque-style (fondue of sweet peppers and tomatoes with onions and garlic), prepacked	0	67.8	3.8	2	5.38	4.9	3.4	1.1	0.76
20241	Cardon, cuit	Cardoon, cooked	0	22	0.11	0.012	3.63		1.7	0.76	0.44
20242	Tomate, chair et peau, bouillie/cuite à l'eau	Tomato, flesh and skin, boiled/cooked in water	0	17.4	0.11	0.015	2.8	2.49	0.7	0.95	0.028
20243	Pois mange-tout ou pois gourmands, cuits	Snow pea, cooked	0	47.3	0.38	0.073	5.92	4.82	3.1	3.5	0.013
20246	Petit pot légumes, dès 4-6 mois	Baby food jar with vegetables, from 4-6 months	0	24	0	0	3.8	3.7	2.6	0.9	0.042
20247	Petit pot légumes, avec féculent, dès 4/6 mois	Baby food jar with vegetables and starchy food, from 4-6 months	0	41.7	0.8	0.088	6.45	0.5	1.75	1.3	0.022
20248	Plat légumes, avec féculent, dès 6-8 mois	Baby meal, vegetables and starchy food, from 6-8 months	0	42.9	0.7	0.066	6.9	2.8	2.1	1.2	0.24
20249	Plat légumes, avec féculent et lait/crème, dès 6/8 mois	Baby meal, vegetable with milk/cream and starchy food, from 6-8 months	0	70.2	2.3	0.29	9.12	4.62	1.5	2.38	0.075
20250	Plat légumes, avec féculent et lait/crème, dès 8/12 mois	Baby meal, vegetable with milk/cream and starchy food, from 8-12 months	0	77.5	3.5	1.31	8.1	3.4	2.6	2.1	0.27
20251	Plat légumes, avec féculent et lait/crème, dès 12 mois	Baby meal, vegetable with milk/cream and starchy food, from 12 months	0	71.6	2.3	0.26	8.53	2.37	2.4	2.88	0.2
20252	Soupe pour bébé légumes et pomme de terre	Baby soup, with vegetables and potatoes	0	38.1	0.91	0.16	5.88	1.32	1.4	1	0.18
20253	Soupe pour bébé légumes, céréales et lait	Baby soup, with vegetables, cereals and milk	0	59.5	2.5	0.41	7.19	3.23	0.9	1.5	0.21
20254	Plat légumes, avec féculent et lait/crème, dès 18 mois	Baby meal, vegetable with milk/cream and starchy food, from 18 months	0	70.3	2.4	0.77	8.59	2.71	1.4	2.56	0.2
20255	Échalote, cuite	Shallot, cooked	0	69.3	0	0	13.5	6.3	3.4	2.13	0.031
20257	Haricots verts, purée	French bean, puree	0	56.3	2.9	1.9	4.2	1.5	3.3	1.7	0.36
20258	Légumes (3-4 sortes en mélange), purée	Vegetables (3-4 types), mashed	0	61.2	3.4	2.17	4.25	2.4	3.3	1.94	0.63
20259	Brocoli, purée	Broccoli, puree	0	29	0.38		2.75	1.65	2.39	2.5	0.02
20260	Tomate, coulis, appertisé (purée de tomates mi-réduite à 11%)	Tomato coulis, canned (tomato puree semi-reduced 11%)	0	45.5	0.2	0.08	7.57	5.5	2.6	2.05	0.88
20261	Carotte, purée	Carrots, puree	0	30.1	0	0	5.06	4.8	3.1	0.88	0.13
20262	Poêlée de légumes assaisonnés sans champignon, surgelée, crue	Vegetables, pan-fried without mushrooms, seasonned, frozen, raw	0	50.4	1.5	0.4	5	1.5	3.6	2.6	1.25
20263	Légumes pour potages, surgelés, crus	Mixed vegetables for soups, frozen, raw	0	33.9	0	0	5.83	3.17	2.67	1.33	0.038
20264	Courgette, purée	Courgette or zucchini, puree	0	57.3	1.9	1.3	6.5	2.3	1.5	2.8	0.6
20265	Julienne ou brunoise de légumes, surgelée, crue	Thinly-shredded or diced vegetables, frozen, raw	0	27.9	0.25	0.1	4.08	3.13	2.28	1.19	0.1
20266	Légumes pour ratatouille, surgelés	Mixed vegetables for ratatouille, frozen	0	21	0.089	0	3.23	2.88	1.67	1.01	0.082
20267	Printanière ou jardinière de légumes, surgelée, crue (petits pois, pommes de terre, haricots verts, carottes, oignon)	Spring vegetables, frozen, raw (green peas, potatoes, green beans, carrots, onions)	0	51.3	0.078	0	8.48	2.62	3.62	2.4	0.042
20268	Tomate, double concentré, appertisé	Tomato paste, double concentrate, canned	0	99.5	0.47	0	19.3	19.3	1.5	3.75	0.93
20269	Haricot plat, cru	Flat bean, raw	0	32.4	0.12	0	4.47	1.3	2.97	1.93	0.035
20270	Épinard, jeunes pousses pour salades, cru	Spinach, young leaves for salad, raw	0	17	0.4	0.09	0	0	2.4	2.06	0.063
20271	Macédoine de légumes, précuite, à finir de cuire, surgelée	Mixed diced vegetables, pre-cooked, to be recooked, frozen	0	62.4	0.5	0	7.5	3.5	6	4	0.045
20272	Mesclun ou salade, mélange de jeunes pousses	Mesclun or salads, mix of baby leaves	0	22	0	0	2.5	0	2	2	0.048
20273	Poêlée de légumes assaisonnés à l'asiatiques ou wok de légumes, surgelée, crue	Vegetables, pan-fried or stir-fried, seasonned, Asian-style, frozen, raw	0	73.5	5	0.5	4	3.25	2.75	1.75	0.18
20274	Poêlée de légumes assaisonnés grillée, méridionale ou méditerranéenne, surgelée, crue	Vegetables, pan-fried or stir-fried, seasonned, Mediterranean-style, frozen, raw	0	48	1.77	0.15	4.33	2.66	4.14	1.61	0.25
20275	Poivron rouge, appertisé, égoutté	Sweet pepper, red, canned, drained	0	26.3	0.2	0.029	4.5	3.2	1.35	0.96	0.17
20276	Tomate ronde, crue	Tomato, round, raw	0	17.5	0	0	3.42	3	1	0.5	0
20277	Asperge blanche, bouillie/cuite à l'eau	Asparagus, white, boiled/cooked in water	0	17.3	0.3	0.1	1.63	1.2	1.3	1.44	0.013
20278	Céleri-rave, purée	Celeriac, puree	0	26.2	0.18	0	2.83	2.11	4.01	1.37	0.12
20279	Asperge, verte, crue	Asparagus, green, raw	0	24.7	0.27	0.069	2.03	1.5	2.15	2.46	0.014
20280	Chou romanesco ou brocoli à pomme, cru	Romanesco cauliflower or romanesco broccoli, raw	0	29.7	0.3	0.047	2.2	2.2	3.2	2.95	0.058
20282	Asperge, blanche ou violette, pelée, crue	Asparagus, white or purple, peeled, raw	0	21	0.12	0.04	1.62	1.62	2.1	2.2	0.005
20283	Salicorne (Salicornia sp.), crue	Glasswort (Salicornia sp.), fresh, raw	0	13.1	0.17		0.98	0.021	1.79	1.02	2.96
20284	Petits pois, purée	Garden peas, puree	0	86	2.8	1.7	8	3	4.8	4.8	0.74
20288	Salade sucrine, crue	Lettuce, sucrine, raw	0	16.6	0	0	2.58	1.78	0.8	1.13	0
20289	Tomate, chair et peau, rôtie/cuite au four	Tomato, flesh and skin, roasted/baked	0	24	0.4	0.11	3.53	3.1	1.9	1	0
20290	Chou romanesco ou brocoli à pomme, cuit	Romanesco cauliflower or romanesco broccoli, cooked	0	34.5	0.8	0.27	2.03	1.6	4.3	3	0
20291	Potimarron, chair sans peau, cuit à l'étouffée	Red kuri squash, flesh without skin, braised	0	44.2	0.5	0.14	7.05	4.5	3.3	1.31	0
20292	Courge butternut (doubeurre), chair sans peau, cuite	Pumpkin (cucurbita moschata), flesh without skin, cooked	0	28.9	0	0	5.24	4	1.8	1.06	0
20293	Haricot coco, bouilli/cuit à l'eau	Coco bean, boiled/cooked in water	0	130	0.5	0.11	13.7	1.1	15.8	9.63	0.023
20295	Salade feuille de chêne, crue	Lettuce, oak-leaf, raw	0	10.7	0	0	1.03	0.6	1.8	1.13	0.023
20296	Brèdes chou de Chine ou bok choy ou pak choï, tiges et feuilles, cuites à la vapeur, prélevées à La Réunion (Brassica rapa subsp. Chinensis)	Chinese cabbageor bok choï bredes, rods and leafs, steamed, from the island La Réunion (Brassica rapa subsp. Chinensis)	0	16.4	0	0	1.7	0.4	1.3	1.69	0.038
20297	Chayote ou christophine ou chouchou, chair sans peau, sans noyau, cuite à la vapeur, prélevée à La Réunion (Sechium edule)	Chayote, without skin, pitted, steamed, sampled in the island La Réunion (Sechium edule)	0	20.9	0	0	3.5	2.8	1.4	0.63	0.018
20298	Carotte, purée cuisinée à la crème, préemballée	Carrots, , seasoned puree with cream, prepacked	0	43.7	1.6	0.99	4.57	4.39	3	1.44	0.53
20299	Asperge verte, bouillie/cuite à l'eau	Asparagus, green, boiled/cooked in water	0	25.3	0.3	0.07	1.73	1.3	2.2	2.69	0
20300	Aubergine, chair et peau, rôtie/cuite au four	Eggplant, flesh and skin, roasted/baked	0	31.1	0	0	3.83	3.4	1.9	1.31	0
20301	Bette ou blette, côte et feuille, bouillie/cuite à l'eau	Swiss chard, leaf and stalk, boiled/cooked in water	0	15.6	0.3	0.1	1.43	1	2.5	0.88	0.19
20302	Brocoli, bouilli/cuit à l'eau, croquant	Broccoli, boiled/cooked in water, crunchy	0	22.2	0.4	0.1	1.23	0.8	2.6	2.5	0.043
20303	Brocoli, bouilli/cuit à l'eau, fondant	Broccoli, boiled/cooked in water, tender	0	21.8	0.5	0.14	1.03	0.6	3	2.19	0.033
20304	Brocoli, cuit à la vapeur	Broccoli, steamed	0	38	0.7	0.25	2.53	1.5	2.2	4.13	0.04
20305	Carotte, bouillie/cuite à l'eau, croquante	Carrot, boiled/cooked in water, crunchy	0	33.1	0	0	6.33	5.9	3.2	0.75	0.11
20306	Carotte, bouillie/cuite à l'eau, fondante	Carrot, boiled/cooked in water, tender	0	29.6	0	0	5.73	5.1	3.3	0.25	0.12
20307	Carotte, cuite à la vapeur	Carrot, steamed	0	40.3	0.3	0.07	7.33	6.9	3.7	0.63	0.11
20308	Chou blanc, bouilli/cuit à l'eau	White cabbage, boiled/cooked in water	0	20.8	0	0	3.23	2.8	2.7	1	0.018
20309	Chou de Bruxelles, bouilli/cuit à l'eau	Brussels sprout, boiled/cooked in water	0	44.4	0	0	5.4	4.1	4.8	3.19	0.023
20310	Chou rouge, cuit à l'étouffée	Red cabbage, braised	0	33.9	0	0	5.7	4.5	3	1.19	0.033
20311	Chou vert, bouilli/cuit à l'eau	Green cabbage, boiled/cooked in water	0	19	0	0	1.83	1.4	3.3	1.63	0.013
20312	Chou-fleur, cuit à la vapeur	Cauliflower, steamed	0	30.5	0.3	0.09	3.41	2.4	1.8	2.56	0.013
20313	Courgette, chair et peau, rôtie/cuite au four	Courgette or zucchini, flesh and skin, roasted/baked	0	20.3	0	0	3.13	2.7	1.7	1.5	0
20314	Céleri branche, cuit à l'étouffée	Celery stalk, braised	0	14.7	0	0	2.48	1.7	1.5	0.75	0.35
20315	Céleri rave, bouilli/cuit à l'eau	Celeriac, boiled/cooked in water	0	26.2	0.3	0.09	4.32	1.2	2.6	0.94	0.093
20316	Endive, rôtie/cuite au four	Chicory, roasted/baked	0	22	0	0	4.38	3.2	0	1.13	0
20317	Fenouil, cuit à l'étouffée	Fennel, braised	0	11.8	0	0	1.94	1.3	1.8	0.25	0.028
20318	Haricot beurre, bouilli/cuit à l'eau	Butter bean or yellow bean, boiled/cooked in water	0	35	0.3	0.09	4.45	2.2	2.7	2.19	0
20320	Haricot vert, bouilli/cuit à l'eau	French bean, boiled/cooked in water	0	27	0	0	3.39	2.5	3.2	1.75	0
20321	Navet, bouilli/cuit à l'eau	Turnip, boiled/cooked in water	0	18.4	0	0	3.23	2.8	2.1	0.75	0.025
20322	Oignon blanc ou jaune, sauté/poêlé sans matière grasse	Onion, white or yellow, sautéed/pan-fried, without added fat	0	39.2	0	0	6.73	5	2.8	1.56	0
20323	Oignon nouveau ou oignon frais ou cébette, sauté/poêlé sans matière grasse	Spring onion, sautéed/pan-fried, without added fat	0	28	0.3	0.09	3.56	2.8	3.1	1.13	0
20324	Oignon rouge, sauté/poêlé	Onion, red, sautéed/pan-fried, without added fat	0	41.5	0	0	7.55	6.7	2.1	1.69	0
20325	Panais, cuit à l'étouffée	Parsnip, braised	0	91.2	0.5	0.13	16.6	6.2	5.6	1.94	0.018
20326	Petits pois, bouillis/cuits à l'eau	Garden peas, boiled/cooked in water	0	80.7	0.6	0.15	9.93	1.6	4.8	6.38	0.023
20327	Poireau, bouilli/cuit à l'eau	Leek, boiled/cooked in water	0	24.7	0	0	2.23	1.8	3.4	2.56	0
20328	Poivron jaune, sauté/poêlé	Sweet pepper, yellow, sautéed/pan-fried, without added fat	0	34.5	0.6	0.19	5.33	4.9	2.2	1	0
20329	Poivron rouge, sauté/poêlé	Sweet pepper, red, sautéed/pan-fried, without added fat	0	33	0	0	6.53	6.1	2	0.94	0
20330	Poivron vert, sauté/poêlé	Sweet pepper, green, sautéed/pan-fried, without added fat	0	27.3	0.3	0.1	3.53	3.1	3	1.25	0
20331	Potimarron, chair sans peau, bouilli/cuit à l'eau	Red kuri squash, flesh without skin, boiled/cooked in water	0	38.6	0.3	0.08	6.88	3.5	1.8	1.06	0
20332	Potiron, rôti/cuit au four	Pumpkin, roasted/baked	0	28.2	0	0	5.66	4.8	2	0.25	0
20333	Salsifis, bouilli/cuit à l'eau	Salsify, boiled/cooked in water	0	56.9	0	0	9.29	2.3	4.5	2.63	0.02
20335	Échalote, sautée/poêlée sans matière grasse	Shallot, sautéed/pan-fried, without added fat	0	67.3	0.4	0.12	12.3	3.8	2.9	2	0
20336	Épinard, bouilli/cuit à l'eau	Spinach, boiled/cooked in water	0	26.8	0.7	0.13	0	0	3.5	3.38	0.03
20337	Saucisse végétale au tofu (convient aux véganes ou végétaliens), préemballée	Plant-based sausage with tofu (vegan), prepacked	0	228	16.3	1.95	5.69	0.5	0	13.4	1.68
20338	Quenelle au tofu (ne convient pas aux véganes ou végétaliens), préemballée	Plant-based sausage with tofu (not vegan), prepacked	0	133	7.2	1.13	4.97	0.97	0	11	1.01
20339	Chou chinois pak choï ou pak choy (feuilles vertes ressemblant à des blettes), cuit	Chinese cabbage, pak choï ou pak choy, cooked	0	12.8	0.16	0.021	0.78	0.78	1	1.56	0.085
20340	Chou chinois pak choï ou pak choy (feuilles vertes ressemblant à des blettes), cru	Chinese cabbage, pak choï ou pak choy, raw	0	14.6	0.2	0.027	1.2	1.18	1	1.5	0.16
20345	Tomate allongée, crue	Tomato, long, raw	0	18.8	0		3.29	3.29	2.1		
20346	Chou kale, cru	Kale, raw	0	34.6	1.49	0.18	0.32	0.32	4.1	2.92	0.13
20349	Asperge, bouillie/cuite à l'eau (aliment moyen)	Asparagus, boiled/cooked in water (average)	0	20.7	0.3	0.087	1.67	1.24	1.69	1.97	0.01
20350	Brocoli, bouilli/cuit à l'eau (aliment moyen)	Broccoli, boiled/cooked in water (average)	0	21.8	0.5	0.14	1.03	0.6	3	2.19	0.033
20351	Brocoli, cuit (aliment moyen)	Broccoli, cooked (average)	0	30	0.6	0.2	1.79	1.06	2.59	3.17	0.036
20352	Carotte, bouillie/cuite à l'eau (aliment moyen)	Carrot, boiled/cooked in water (average)	0	29.6	0	0	5.73	5.1	3.3	0.25	0.12
20353	Carotte, cuite (aliment moyen)	Carrot, cooked (average)	0	33	0.2	0.026	6.24	5.67	3.43	0.37	0.11
20354	Céleri branche, cuit (aliment moyen)	Celery stalk, cooked (average)	0	13.1	0.15	0.1	1.38	0.8	2	0.63	0.54
20355	Chou rouge, cuit (aliment moyen)	Red cabbage, cooked (average)	0	31.8	0.14	0.006	5.13	4.22	2.9	1.26	0.041
20356	Fenouil, cuit (aliment moyen)	Fennel, cooked (average)	0	11.8	0	0	1.8	1.2	1.83	0.36	0.043
20357	Potimarron, chair sans peau, cuit (aliment moyen)	Red kuri squash, flesh without skin, cooked (average)	0	38.6	0.3	0.08	6.88	3.5	1.8	1.06	0
20358	Tomate, chair et peau, cuite (aliment moyen)	Tomato, flesh and skin, cooked (average)	0	19.8	0.21	0.049	3.06	2.71	1.13	0.97	0.02
20359	Lentille, sèche (aliment moyen)	Lentil, dried (average)	0	327	1.8	0.24	44.5	1.1	16.3	25.1	0
20360	Lentille, bouillie/cuite à l'eau (aliment moyen)	Lentil, boiled/cooked in water (average)	0	125	0.57	0.092	16.2	0.2	8.45	10.1	0.015
20385	Tomate sans précision, crue (aliment moyen)	Tomato, raw (average)	0	19.2	0	0	3.69	3.22	1.02	0.6	0
20496	Légumes pour couscous, surgelés, crus	Mixed vegetables for couscous, frozen, raw	0	44.3	0.63	0.1	6.47	3.05	2.53	1.93	0.12
20497	Légumes pour couscous, cuits	Mixed vegetables for couscous, cooked	0	29.6	0.42	0.049	3.87	2.09	2.33	1.58	0.59
20498	Poêlée de légumes assaisonnés aux champignons ("champêtre"), surgelée	Vegetables with mushrooms, pan-fried or stir-fried, seasonned, country-style, frozen	0	31.5	0.5	0.031	4	1.5	2.5	1.5	0.51
20499	Légume cuit (aliment moyen)	Vegetable, cooked (average)	0	28.7	0.3	0.09	3.67	2.03	2.6	1.68	0.11
20500	Fève, bouillie/cuite à l'eau	Broad bean, boiled/cooked in water	0	83.3	0.8	0.16	9.35	0.4	3.1	8.06	0.025
20501	Haricot blanc, sec	Haricot bean, dried	0	307	0.85	0.22	43.9		15.2	23.4	0.04
20502	Haricot blanc, bouilli/cuit à l'eau	Haricot bean, boiled/cooked in water	0	112	1.1	0.25	12	0.3	13.8	6.75	0.023
20503	Haricot rouge, bouilli/cuit à l'eau	Red kidney bean, boiled/cooked in water	0	116	0.6	0.19	12.3	0.5	11.6	9.63	0.021
20506	Pois cassé, bouilli/cuit à l'eau	Split pea, boiled/cooked in water	0	129	1.49	0.16	16.3	3.85	7.95	8.6	0.011
20507	Pois chiche, bouilli/cuit à l'eau	Chick pea, boiled/cooked in water	0	148	3	0.46	17.7	0.3	8.2	8.31	0.027
20508	Haricot flageolet, appertisé, égoutté	Flageolet bean, canned, drained	0	92.9	0.79	0.11	12.2	0	6.3	6.1	0.73
20510	Lentille, cuisinée, appertisée, égouttée	Lentil, seasoned, canned, drained	0	90.4	0.64	0.1	12.3	0.67	4	6.83	0.65
20511	Haricot blanc, appertisé, égoutté	Haricot bean, canned, drained	0	85.5	0.5	0.15	10.9	0.75	7	5.88	0.69
20513	Haricot flageolet, bouilli/cuit à l'eau	Flageolet bean, boiled/cooked in water	0	112	1.1	0.25	12	0.3	13.8	6.75	0.023
20515	Pois cassé, sec	Split pea, dried	0	347	1.16	0.16	47.5	2.56	25.5	23.8	0.038
20516	Pois chiche, sec	Chick pea, dried	0	350	6.04	0.6	47.5	2.3	12.2	20.5	0.06
20517	Fève à écosser, fraîche, crue	Broad bean, to shell, fresh, raw	0	61.5	0.67	0.13	4.2	0.37	5.85	6.76	0.094
20518	Fève, sèche	Broad bean, dried	0	301	1.53	0.25	33.3	5.7	25	26.1	0.033
20521	Graine germée de lentille, fraîche, crue	Lentils seeds, sprouted, fresh, raw	0	123	0.55	0.057	19		3.1	8.96	0.028
20524	Haricot rouge, appertisé, égoutté	Red kidney bean, canned, drained	0	108	0.97	0.41	13	1	7	8.31	0.68
20525	Haricot rouge, sec	Red kidney bean, dried	0	314	1.06	0.15	46.1	2.1	15.2	22.5	0.03
20527	Pois d'Angole vert, frais, cru	Pigeon-pea, immature, fresh, raw	0	129	1.64	0.35	18.8	3	5.1	7.2	0.013
20529	Haricot de Lima ou pois savon ou pois du Cap ou pois souche, cru	Lima bean, raw	0	105	0.86	0.2	15.3	1.48	4.9	6.84	0.02
20530	Haricot mungo, sec	Beans, mung, mature, seeds, dried	0	343	1.64	0.11	47.6		18.3	25.2	0.095
20531	Haricot mungo, frais, bouilli/cuit à l'eau	Mung bean, fresh, boiled/cooked in water	0	95.7	0.55	0.038	11.9	2.01	6.4	7.54	0.018
20532	Pois chiche, appertisé, égoutté	Chick pea, canned, drained	0	122	2.68	0.3	15	0.5	5.45	6.74	0.54
20534	Lupin, graine, sec	Lupin, seed, dried	0	356	9.74	1.16	21.5		18.9	36.2	0.038
20535	Lentille corail, sèche	Lentil, pink or red, dried	0	328	0.8	0.14	44.9	1.29	15.4	27.7	0
20537	Haricot flageolet, frais, surgelé, cru	flageolet bean, fresh, frozen, raw	0	153	0.52	0.1	25.6	0.4	4.4	9.32	0.78
20539	Haricot flageolet, vert, sec	Flageolet bean, green, dried	0	315	2.6	0.35	42.1		23.4	19.1	0.02
20540	Haricot flageolet, vert, bouilli/cuit à l'eau	Flageolet bean, green, boiled/cooked in water	0	115	0.91	0.18	13	0.71	10.2	8.5	0.038
20541	Fève, pelée, fraîche, surgelée, crue	Broad bean, peeled, fresh, frozen, raw	0	99.3	0.26	0.1	12.2	2.08	5.05	9.55	0.03
20542	Fève, pelée, fraîche, surgelée, bouillie/cuite à l'eau	Broad bean, peeled, fresh, frozen, boiled/cooked in water	0	71.9	0.5	0.11	9	0	2.9	6.4	0.018
20543	Fève, fraîche, surgelée, bouillie/cuite à l'eau	Broad bean, fresh, frozen, boiled/cooked in water	0	63.6	0	0	7.4	1	5.8	5.6	0.02
20584	Tomate grappe, crue	Tomato, bunch, raw	0	19.8	0	0	3.67	3.25	1.5	0.5	0
20585	Lentille verte, sèche	Lentil, green, dried	0	327	1.8	0.24	44.5	1.1	16.4	25.1	0
20586	Lentille blonde, sèche	Lentil, blond, dried	0	339	1.9	0.32	48.3	1.4	12.1	26.1	0
20587	Lentille verte, bouillie/cuite à l'eau	Lentil, green, boiled/cooked in water	0	125	0.58	0.093	16.2	0.2	8.45	10.1	0.015
20588	Lentille blonde, bouillie/cuite à l'eau	Lentil, blond, boiled/cooked in water	0	122	0.7	0.13	16.3	0.4	6	9.7	0
20589	Lentille corail, bouillie/cuite à l'eau	Lentil, pink or red, boiled/cooked in water	0	123	0.5	0.09	15	0.26	8.2	10.6	0
20590	Crosne, cuit	Chinese or Japanese artichokes, cooked	0	49	0	0	9.11	0.2	1.9	2.13	0.013
20591	Protéine de soja texturée, réhydratée	Soy protein, textured, rehydrated	0	150	2.9	0.47	7.03	3.65	5.61	18.6	0
20700	Légume sec, cuit (aliment moyen)	Legume, cooked (average)	0	113	0.78	0.15	13.8	0.24	9.52	8.22	0.16
20812	Farine de pulpe de patate douce, prélevée à la Martinique	Sweet potato flour, sampled in the island of La Martinique	0	223			50.1	0.018	11.3		
20823	Igname cousse-couche, pulpe, cuit à la vapeur, prélevé à la Martinique	Yam cousse-couche, pulp, steamed, sampled in the island of La Martinique	0	88.9	0.3		17.9		3.9	1.65	
20824	Igname jaune, pulpe, cuit à la vapeur, prélevé à la Martinique	Yam yellow, pulp, steamed, sampled in the island of La Martinique	0	127	0.37		27.6		2.67	2.04	
20825	Igname saint martin, pulpe, cuit à la vapeur, prélevé à la Martinique	Yam St Martin, pulp, steamed, sampled in the island of La Martinique	0	93.3	0.3		18.4		3.9	2.25	
20832	Patate douce, pulpe, cuite à la vapeur, prélevée à la Martinique	Sweet potatoes, pulp, steamed, sampled in the island of La Martinique	0	126	0.067		25.2		9.2	1.48	
20901	Soja, graine entière	Soybean, seed, whole	0	441	19.9	2.88	20.9	7.33	9.3	36.5	0.005
20903	Isolat de soja	Soy protein	0	402	3.39	0.42	1.76	0	5.6	80.5	2.51
20904	Tofu nature, préemballé	Tofu, plain, prepacked	0	147	8.5	1.35	2.87	0.57	0	13.4	0.025
20906	Tofu soyeux, préemballé	Tofu, silky, prepacked	0	54.3	2.9	0.47	1.53	1.13	0.6	4.57	0
20911	Dessert au soja, aromatisé, sucré, enrichi en calcium, rayon frais	Soy dessert, flavoured, with sugar(s), fortified with calcium, refrigerated	0	95	1.9	0.48	15.3	13.2	1.1	3.25	0.13
20912	Tofu fumé, préemballé	Tofu, smoked, prepacked	0	164	9.5	1.53	2.91	0.85	0	14.9	0.74
20914	Galette ou pavé au soja	Plant-based burger or steak from soybean	0	252	14.7	0.65	8.5	2.1	8.8	15.5	1.75
20915	Farine de soja complète	Soya flour, wholegrain	0	457	20.7	2.99	25.7	7.5	9.6	34.5	0.033
20916	Miso	Miso	0	188	6.01	1.14	18.1	6.2	5.4	11.7	9.32
20917	Tempeh	Tempeh	0	157	4.7	0.57	7.89	0.24	6.2	16.1	0.098
20918	Sirop pour fruits appertisés au sirop	Syrup for canned fruits	0	73	0		17.7	14.9	0	0.25	0.019
20919	Sirop léger pour fruits appertisés au sirop	Light syrup for canned fruits	0	58.9	0		14.3	13.6	0	0.34	0.011
20921	Dessert au soja, aromatisé, sucré, non enrichi, rayon frais	Soy dessert, flavoured, with sugar(s), not fortified, refrigerated	0	93.1	1.7	0.47	16	12.5	0.8	2.74	0.11
20922	Dessert végétal sans soja (amande, avoine, chanvre, coco, riz), aromatisé, sucré, non enrichi, rayon frais	Plant-based dessert (almond, oat, hemp, coconut, rice), flavoured, with sugar(s), not fortified, refrigerated	0	148	8	4.92	15.8	12.4	2.1	1.66	0.065
20923	Dessert végétal sans soja (coco, riz), aux fruits, sucré, enrichi en calcium, fermenté, rayon frais	Plant-based dessert (coconut, rice), with fruits, with sugar(s), fortified with calcium, fermented, refrigerated	0	75.1	1	0.83	16	10.8	0	0.21	0.095
20924	Sirop léger pour poire appertisée	Light syrup for canned pears	0	57.9	0		14.6	12.5	0	0.25	0.004
20925	Dessert au soja, aromatisé, sucré, enrichi en calcium et vitamine D, rayon frais	Soy dessert, flavoured, with sugar(s), fortified with calcium and vitamin D, refrigerated	0	95.6	2.05	0.55	15.3	11.1	1.45	2.96	0.12
20926	Dessert au soja, aux fruits, sucré, enrichi en calcium et vitamine D, fermenté, rayon frais	Soy dessert, with fruits, with sugar(s), fortified with calcium and vitamin D, fermented, refrigerated	0	85.1	1.68	0.3	13.8	12.5	1.31	2.76	0.088
20927	Dessert végétal sans soja (amande, avoine, chanvre, coco, riz), nature, sans sucres ajoutés, non enrichi, rayon frais	Plant-based dessert (almond, oat, hemp, coconut, rice), plain, no added sugars, not fortified, refrigerated	0	150	13	12	6.7	3.25		1.2	0.04
20928	Dessert végétal sans soja, rayon frais (aliment moyen)	Plant-based dessert without soy, refrigerated (average)	0	148	8	4.92	15.8	12.4	2.1	1.66	0.065
20929	Dessert au soja, rayon frais (aliment moyen)	Soy dessert, refrigerated (average)	0	67.2	1.8	0.33	8.19	7.13	0.93	3.38	0.082
20982	Spiruline (algue), fraîche, crue	Seaweed, Spirulina (spirulina sp.), fresh, raw	0	36.1	0.39	0.14	2.02	0.3	0.4	5.92	0.25
20983	Criste marine, fraîche, crue	Seaweed, Sea fennel, fresh, raw	0	39.4	0.66	0.048	3.43	1.66	4.72	2.57	0.62
20985	Laitue de mer (Ulva sp.), séchée ou déshydratée	Sea lettuce (Ulva sp.), dried or dehydrated	0	203	1.95	0.47	13.8	0.22	33.5	15.7	5.63
20986	Kombu royal (Saccharina latissima), séché ou déshydraté	Sea belt (Saccharina latissima), dried or dehydrated	0	205	1.39	0.21	23.1	0.23	30.2	9.94	8.25
20987	Nori (Porphyra sp., Pyropia), séchée ou déshydratée	Laver (Porphyra sp.), dried or dehydrated	0	257	1.77	0.46	11.7	0	36.8	30.2	4.75
20988	Dulse (Palmaria palmata), séchée ou déshydratée	Dulse (Palmaria palmata), dried or dehydrated	0	221	1.35	0.26	20.8	0.015	29.2	16.9	4.68
20990	Kombu ou kombu japonais (Saccharina japonica), séché ou déshydraté	Kombu or Japanese kelp (Saccharina japonica), dried or dehydrated	0	222	2.56	0.72	24.9		34.1	7.89	6.12
20991	Kombu breton (Laminaria digitata), séché ou déshydraté	Tangle (Laminaria digitata), dried or dehydrated	0	211	1.01	0.15	22.9		37.3	8.89	8.03
20992	Haricot de mer (Himanthalia elongata), séchée ou déshydratée	Sea thong (Himanthalia elongata), dried or dehydrated	0	227	2.28	0.25	26.4	0.03	30.8	9.9	8.93
20993	Gracilaire ou ogonori (Gracilaria verrucosa), séchée ou déshydratée	Gracilaria seaweeds (Gracilaria sp.), dried or dehydrated	0	232	1.75	0.14	23.4		25.4	17.8	7.14
20994	Fucus vésiculeux (Fucus serratus ou Fucus vesiculosus), séché ou déshydraté	Toothed wrack or bladder wrack (Fucus serratus et vesiculosus), dried or dehydrated	0	194	1.71	0.19	12.4		46.3	9.11	8.51
20995	Ao-nori (Ulva sp., ex Enteromorpha sp.), séchée ou déshydratée	Gut weed (Ulva sp.), dried or dehydrated	0	225	2.5	0.55	19.5	1.35	35.1	13.6	10.2
20996	Lichen de mer ou pioca ou goémon rouge (Chondrus crispus), séché ou déshydraté	Carragheen mosses (Chondrus crispus), dried or dehydrated	0	215	1.95	0.15	15	0.44	35.5	16.7	8.22
20998	Ascophylle noueux ou goémon noir (Ascophyllum nodosum), séché ou déshydraté	North Atlantic rockweed (Ascophyllum nodosum), dried or dehydrated	0	206	2.7	0.11	16.3		43.6	7.4	7.18
20999	Wakamé atlantique (Alaria esculenta), séché ou déshydraté	Atlantic wakame (Alaria esculenta), dried or dehydrated	0	201	1.5	0.31	13.3	0.04	42.9	12.2	9.13
21001	Mouton, viande crue	Mutton, meat, raw	0	137	6.11		0	0	0	20.6	0.22
21003	Mouton, épaule crue	Mutton, shoulder, raw	0	228	17.6	8.13	0.1	0	0	17.3	0.21
21004	Mouton, pied cru	Sheep, foot, raw	0	204	14.6		0	0	0	18.1	0.19
21005	Mouton, tête crue	Sheep, head, raw	0	204	14.6		0	0	0	18.1	0.19
21006	Mouton, gigot cru	Mutton, leg, raw	0	225	17		0	0	0	18	0.2
21500	Agneau, côtelette crue	Lamb, cutlet, raw	0	333	30.1	14	0	0	0	15.4	0.17
21501	Agneau, côtelette grillée/poêlée	Lamb cutlet, grilled/pan-fried	0	240	15.2	6.65	0	0	0	25.7	0.31
21502	Agneau, gigot cru	Lamb, leg, raw	0	128	5.13	1.97	0.48	0	0	20	0.12
21503	Agneau, gigot rôti/cuit au four	Lamb, leg, roasted/baked	0	169	6.85	2.63	0	0	0	26.8	0.19
21504	Agneau, épaule crue	Lamb, shoulder, raw	0	170	10.6	3.87	0.45	0	0	18.3	0.2
21505	Agneau, épaule maigre crue	Lamb, shoulder, lean, raw	0	139	6.76	2.42	0	0	0	19.6	0.18
21506	Agneau, épaule rôtie/cuite au four	Lamb, shoulder, roasted/baked	0	252	14.5	5.26	0	0	0	30.5	0.24
21507	Agneau, épaule maigre rôtie/cuite au four	Lamb, shoulder, lean, roasted/baked	0	197	10.8	4.08	0	0	0	24.9	0.17
21508	Agneau, collier braisé ou bouilli	Lamb, neck, braised or boiled	0	365	25.6		0	0	0	33.6	
21509	Agneau, côte filet grillée/poêlée	Lamb, chop fillet, grilled/pan-fried	0	157	5.78	2.21	0	0	0	26.3	
21512	Agneau, côte première grillée/poêlée	Lamb, rib chop, grilled/pan-fried	0	185	9.01	3.67	0	0	0	26.1	0.18
21513	Agneau, selle, partie maigre rôtie/cuite au four	Lamb, saddle, lean, roasted/baked	0	153	5.45	2.01	0	0	0	26.1	0.16
21514	Agneau, collier cru	Lamb, neck, raw	0	195	13.7	5.79	0	0	0	18	0.2
21515	Agneau, selle crue	Lamb, saddle, raw	0	236	18.4	7.95	0	0	0	17.5	0.14
21516	Agneau, côte filet crue	Lamb, chop fillet, raw	0	232	18	7.75	0	0	0	17.6	0.18
21517	Agneau, côte première crue	Lamb, rib chop, raw	0	276	23.1	10	0	0	0	16.9	0.2
21518	Agneau, gigot grillé/poêlé	Lamb, leg, grilled/pan-fried	0	174	7.08	2.63	0	0	0	27.6	
21519	Agneau, gigot braisé	Lamb, leg, braised	0	222	9.03	3.46	0	0	0	35.2	
21520	Agneau, selle, partie maigre grillée/poêlée	Lamb, saddle, lean, grilled/pan-fried	0	153	5.45	2.05	0	0	0	26.1	
21521	Agneau, côte ou côtelette, crue (aliment moyen)	Lamb, chop, raw (average)	0	262	21.5	9.37	0.35	0	0	16.6	0.19
21522	Agneau, côte ou côtelette, cuite (aliment moyen)	Lamb, chop, cooked (average)	0	157	5.78	2.21	0	0	0	26.3	
21523	Agneau, viande, cuite (aliment moyen)	Lamb, meat, cooked (average)	0	193	8.78	3.14	0	0	0	28.5	
21524	Agneau, côte ou côtelette, grillée/poêlée (aliment moyen)	Lamb, chop, grilled/pan-fried (average)	0	157	5.78	2.21	0	0	0	26.3	
21525	Agneau, côte découverte crue	Lamb, spare rib, raw	0	205	15	5.69	1.38	0	0	16.3	0.21
21800	Chevreau, viande crue	Kid meat, raw	0	103	2.31	0.71	0	0	0	20.6	0.21
21801	Chevreau, viande cuite	Kid meat, cooked	0	136	3.03	0.93	0	0	0	27.1	0.22
22000	Oeuf cru	Egg, raw	0	140	9.83	2.64	0.06	0.06	0	12.8	0.31
22001	Oeuf, blanc (blanc d'oeuf), cru	Egg white, raw	0	48.1	0.17	0	0.73	0.71	0	10.9	0.42
22002	Oeuf, jaune (jaune d'oeuf), cru	Egg yolk, raw	0	307	26.7	9.55	1.09	0.56	0	15.5	0.048
22003	Oeuf, jaune (jaune d'oeuf), en poudre	Egg yolk, powder	0	667	58.1	18.1	2.11	0.07	0	33.7	0.41
22004	Oeuf, blanc (blanc d'oeuf), en poudre	Egg white, powder	0	356	0	0	7.8	5.4	0	81.1	3.2
22008	Oeuf, blanc (blanc d'oeuf), cuit	Egg white, cooked	0	47.3	0.17	0	1.12	0.7	0	10.3	0.39
22009	Oeuf, jaune (jaune d'oeuf), cuit	Egg yolk, cooked	0	340	30.1	8.49	1.31	0.55	0	16	0.035
22010	Oeuf dur	Egg, hard-boiled	0	134	8.62	3.22	0.52	0.52	0	13.5	0.31
22011	Oeuf poché	Egg, poached	0	139	9.47	2.99	0.89	0.37	0	12.5	0.2
22013	Oeuf, en poudre	Egg, powder	0	587	43	13.5	1.52	0.3	0	48.4	1.2
22014	Oeuf à la coque	Egg, soft-boiled	0	142	9.82	3.11	1.08	0.77	0	12.2	0.2
22050	Oeuf de caille, cru	Quail egg, raw	0	154	11.1	3.56	0.41	0.4	0	13.1	0.35
22060	Oeuf de cane, cru	Duck egg, raw	0	181	13.8	3.68	1.45	0.93	0	12.8	0.37
22070	Oeuf d'oie, cru	Goose egg, raw	0	180	13.3	3.6	1.35	0.94	0	13.9	0.35
22080	Oeuf de dinde, cru	Turkey egg, raw	0	166	11.9	3.63	1.13	1	0	13.7	0.38
22500	Omelette nature, faite maison	Omelette, plain, homemade	0	196	15.3	3.32	0.9	0.31	0	13.8	0.6
22502	Oeuf brouillé, avec matière grasse	Egg, scrambled, with added fat	0	167	13	4.46	0.44	0.44	0	11.9	0.48
22505	Oeuf au plat, sans matière grasse	Egg, fried, without added fat	0	157	10.4	3.25	1.4	0.35	0	14.6	0.42
22506	Omelette au fromage, faite maison	Omelette with cheese, homemade	0	255	19.3	10.1	2.56	0.4	0	17.7	0.58
22507	Omelette aux lardons, faite maison	Omelette with lardoons, homemade	0	267	23.5	9.41	1.46	0.68	0	12.5	0.98
22508	Omelette aux champignons, faite maison	Omelette with mushrooms, homemade	0	125	9.2	2.97	2.28	0.7	0.45	8.09	0.35
22509	Omelette à la ciboulette, faite maison	Omelette with herbs, homemade	0	147	11.2	3.6	1.98	0.8	0.55	9.5	0.43
22510	Tortilla espagnole aux oignons (omelette aux pommes de terre et oignons), préemballée	Spanish-style tortilla with onions (omelette with potatoes and onions), prepacked	0	165	9.9	1.55	11.7	1.22	2.7	5.56	1.06
22511	Omelette, garnitures diverses : légumes, fromages, viandes... (aliment moyen)	Omelette with vegetables, cheese or meat (average)	0	179	13.2	4.65	4.83	0.81	0.96	9.61	0.69
23000	Gâteau (aliment moyen)	Cake (average)	0	410	19.6	5.13	51.8	29.3	2.38	5.49	0.72
23001	Cheesecake, préemballé	Cheesecake, prepacked	0	337	19.7	11.4	34.1	21.3	0.7	5.44	0.44
23005	Gâteau Paris-Brest (pâte à choux crème mousseline praliné)	Chou pastry with praline flavoured custard	0	327	20.5	12.5	29.1	18.6	1.1	5.42	0.29
23006	Forêt noire, pâtisserie type génoise au chocolat et crème multi-couches, avec ou sans cerises	Sponge cake with chocolate with or without cherry "black forest cake"	0	317	14.8	9.71	39.1	26.4	1.85	3.66	0.17
23007	Gâteau mousse de fruits sur génoise, type miroir, bavarois	Sponge cake with fruit mousse	0	265	14.5	8.89	30.8	24.3	0	2.79	0.16
23008	Entremets type Opéra	Dessert, Opera cake type	0	392	24	13.4	37.6	33.3	2.3	5.19	0.11
23009	Fraisier ou framboisier	Sponge sandwich cake filled and topped with strawberries or raspberries	0	221	12	7.5	25	21	1.5	2.6	0.14
23022	Canelé	Canelé cake	0	298	3.2	2.11	61	41.2	2.6	5	0.1
23023	Kouign amann, préemballé	Kouign amann, Buttered and caramelized milkbread cake, prepacked	0	489	28.8	19.9	53.2	27.8	1.45	3.64	0.86
23024	Macaron moelleux fourré à la confiture ou à la crème	Macaroon filled with jam or cream	0	448	19	2.5	56.5	51.3	2.9	11	0.16
23027	Macaron sec	Macaroon, biscuit, dry	0	436	10.2	0.6	77.7	74	3	6.9	0.2
23030	Bûche de Noël pâtissière	Christmas log cake	0	363	20.4	11.1	39.8	31.8	1	4.25	0.24
23031	Brownie au chocolat et aux fruits à coques, préemballé	Brownie (chocolate cake), with nuts, prepacked	0	466	27.7	6.71	45.9	32	3.18	6.58	0.47
23032	Brownie au chocolat, préemballé	Brownie (chocolate cake), prepacked	0	458	25.4	7.32	50.6	35.1	3.4	5.94	0.35
23033	Rocher coco ou congolais (petit gâteau à la noix de coco), préemballé	Rock-shaped coconut cake, prepacked	0	459	23	19.7	56.1	49.3	5.62	3.98	0.15
23050	Biscuit de Savoie	Savoy-style sponge cake	0	260	0.8	0.12	56.3		1.5	5.9	1.87
23080	Quatre-quarts (beurre, oeufs, sucre, farine), artisanal	Butter pound cake, traditional	0	440	25.6	15.8	46	26.8	1.1	5.94	0.52
23081	Quatre-quarts (beurre, oeufs, sucre, farine), préemballé	Butter pound cake, prepacked	0	434	23.9	15.2	48.2	26.4	1.1	5.94	1.07
23082	Barre pâtissière, préemballée	Pound cake, prepacked	0	378	14.9	1.59	54.7	26.8	1.4	5.38	1.28
23103	Gâteau moelleux au citron, préemballé	Soft cake, with lemon, prepacked	0	411	20.4	7.93	49.6	30.5	1	6.81	0.43
23120	Gâteau breton fourré à la crème de pruneaux, préemballé	Breton pudding cake with prunes filling, prepacked	0	453	21.3	12.7	59.3	37.7	1.5	5.17	0.63
23121	Far breton aux pruneaux	Breton pudding cake with prunes	0	229	8	4.79	32	21.5	3.4	5.13	0.23
23122	Kouign Amann, artisanal	Kouign amann, Buttered and caramelized milkbread cake, from bakery	0	449	25.1	16.7	48.7	20.5	2.2	5.81	0.85
23200	Pain d'épices, préemballé	Gingerbread, prepacked	0	318	1.15	0.24	71.8	40.8	3.78	3.14	0.62
23220	Pain d'épices fourré aux fruits ou nonnette, préemballé	Gingerbread with filling, prepacked	0	338	2.15	0.35	75	45.4	1.74	3.85	0.47
23300	Baklava ou baklawa (pâtisserie orientale aux amandes et sirop)	Baklava (oriental pastry with almonds and syrup)	0	459	24.5	4.7	49.2	39.6	0	10.4	0.075
23301	Corne de gazelle (pâtisserie orientale aux amandes en forme de croissant recouverte de sucre glace)	Gazelle horn (oriental pastry with almonds, crescent shaped and covered with icing sugar)	0	474	22.1	7.78	60.2	32	0	8.55	0.15
23399	Pâte brisée, préemballée, cuite (aliment moyen)	Short crust pastry, prepacked, cooked (average)	0	473	26.4	4.14	46.4	4.9	8.5	7.47	1.73
23402	Pâte à pizza fine, préemballée, crue	Thin-crust pizza dough, prepacked, raw	0	285	6.6	1.29	47.4	2.9	1.6	7.57	1.81
23410	Pâte brisée, matière grasse végétale, préemballée, crue	Short crust pastry, with vegetal fat, prepacked, raw	0	392	21.7	11.3	42.7	3	1.67	5.17	1.15
23412	Pâte brisée, matière grasse végétale, préemballée, cuite	Short crust pastry, with vegetal fat, prepacked, cooked	0	473	26.4	4.14	46.4	4.9	8.5	7.47	1.73
23414	Pâte brisée, pur beurre, préemballée, crue	Short crust pastry, pure butter, prepacked, raw	0	390	20	13	45	2.5	2	5.93	1.69
23415	Pâte brisée, pur beurre, surgelée, préemballée, crue	Short crust pastry, pure butter, frozen, prepacked, raw	0	387	20.7	11.5	43.3	7.55	1.6	5.65	0.83
23416	Pâte brisée, pur beurre, préemballée, cuite	Short crust pastryt, pure butter, prepacked, cooked	0	497	23.9	16.1	61.1	3.22	1.7	7.58	1.25
23420	Pâte feuilletée, matière grasse végétale, crue	Puff pastry, with vegetal fat, prepacked, raw	0	385	21.4	10.5	41	2.3	1.5	5.75	1.13
23424	Pâte feuilletée, pur beurre, préemballée, crue	Puff pastry, pure butter, prepacked, raw	0	370	20	14	40	3	3	5.47	1.68
23425	Pâte feuilletée, pur beurre, surgelée, préemballée, crue	Puff pastry, pure butter, frozen, prepacked, raw	0	398	25.8	17.7	35.3	1.33	1.4	4.99	0.86
23426	Pâte feuilletée, pur beurre, préemballée, cuite	Puff pastry, pure butter, prepacked, cooked	0	560	40.5	28.3	42	1.05	1.2	5.73	1.11
23430	Feuille de brick ou khatfa, préemballée, cuite à sec sans matière grasse	Khatfa (phyllo or filo pastry sheets), prepacked, dry cooked, without fat	0	277	1.76	0.28	57.1	7	3	6.16	
23440	Pâte sablée, préemballée, crue	Shortbread dough, prepacked, raw	0	419	21.8	9.94	50	13	0.95	5.31	0.25
23442	Pâte sablée, préemballée, cuite	Shortbread dough, prepacked, cooked	0	504	24.6	11.8	64.3	22.9	1.5	5.7	0.27
23444	Pâte sablée, pur beurre, préemballée, crue	Shortbread dough, pure butter, prepacked, raw	0	383	15.8	10.6	53.6	13.4	1.65	5.95	0.035
23445	Pâte phyllo ou pâte filo, crue	Phyllo or filo dough, raw	0	289	6	1.47	50.7	0.18	1.9	7.1	1.21
23446	Pâte sablée, pur beurre, surgelée, préemballée, crue	Shortbread dough, pure butter, frozen, prepacked, raw	0	423	17.5	12	60.9	21.3	1.2	4.9	0.17
23448	Pâte sablée, pur beurre, préemballée, cuite	Shortbread dough, pure butter, prepacked, cooked	0	469	20.9	13.7	63	20.1	1.9	6.2	0.47
23455	Chou à la crème, sans précision (chantilly ou pâtissière)	Chou pastry filled cream (whipped or custard)	0	325	22.9	14.5	25.1	16.7	0	4.5	0.28
23456	Chou à la crème chantilly, Saint-honoré	Chou pastry filled with whipped cream	0	337	25	13.6	22.9	8.9	1	4.63	0.37
23457	Chou à la crème pâtissière	Chou pastry filled with custard cream	0	225	7.3	3.38	34.9	10.7	1	4.31	0.25
23467	Chouquette	Chou pastry, sugar coated	0	408	22.9	11	40.6	18.4	1.5	9.13	1.06
23472	Profiterole avec glace vanille et sauce chocolat	Profiteroles (chou pastry), with vanilla ice cream and chocolate sauce	0	286	14.9	8.39	31.4	19	1.6	5.38	0.24
23474	Profiteroles (crème pâtissière et sauce chocolat), rayon frais	Profiteroles (chou pastry) with custard and chocolate sauce, refrigerated	0	251	11.4	7.78	31.1	19	2	5.06	0.26
23477	Éclair	Eclair	0	264	11.8	6.11	31.6	18.9	3.9	5.78	0.23
23479	Tarte aux fruits et crème pâtissière	Fruit pie with custard cream	0	205	7.7	4.8	30	18.7	1.3	2.94	0.26
23480	Chausson aux pommes	Apple turnover	0	360	18.7	10.3	42.2	11.2	3.1	4.17	0.87
23481	Tarte normande aux pommes (garniture farine, oeufs, crème, sucre, calvados), artisanale	Apple pie with custard (flour, eggs, cream, sugar, apple alcohol), from bakery	0	313	15	8.37	38.7	25.8	2.5	4.44	0.23
23485	Tarte au citron	Lemon tart	0	319	13.6	7.65	43.1	34.1	0.97	5.56	0.3
23490	Tarte ou tartelette aux pommes	Apple tart	0	227	8.79	4.66	32.7	20.7	3.3	2.52	0.31
23491	Tarte aux fraises, artisanale	Strawberries tart, from bakery	0	318	19.8	9.04	31	12.9	1.5	3.19	0.14
23493	Crumble aux pommes, préemballé	Apple crumble, prepacked	0	226	8.17	5.43	35.4	19	1.9	1.71	0.11
23494	Tarte aux abricots	Apricots tart	0	285	10.7	6.43	41	17.5	5.9	3.18	0.22
23495	Tarte aux fruits rouges	Red berries tart	0	231	6.87	3.85	36.5	20.8	4.5	3.5	0.21
23496	Tarte tatin aux pommes	Tatin tart (caramelized upside-down apple tart)	0	245	9.25	5.79	38.1	28.5	1.25	1.76	0.15
23497	Tarte au chocolat, fabrication artisanale	Chocolate tart, from bakery	0	469	30.7	18.9	40.9	22.7	2.9	5.94	0.19
23498	Tarte ou tartelette aux fruits (aliment moyen)	Fruit tart (average)	0	245	9.99	5.52	34.1	21.6	2.4	3.18	0.26
23525	Flan pâtissier aux oeufs ou à la parisienne	Flan tart with eggs	0	211	6.85	4.08	33.2	17.5	0.48	3.97	0.2
23531	Charlotte aux fruits	Fruit charlotte	0	200	6.64	3.34	28.2	21.7	2.8	5.16	0.038
23534	Gâteau de semoule aux raisins et caramel, rayon frais	Semolina pudding with raisins and caramel sauce, refrigerated	0	146	3.57	2.21	24.5	18.8	0.3	3.79	0.089
23536	Gâteau de riz au caramel, rayon frais	Rice pudding with caramel sauce, refrigerated	0	144	3.17	1.95	25.4	16.1	0.057	3.3	0.089
23540	Gâteau moka ou gâteau au café	Moka cake	0	386	30.8	11	23	17	0.4	4.1	0.19
23585	Gâteau au chocolat, préemballé	Chocolate cake, prepacked	0	445	24	5.71	51	28.6	3.7	5.88	0.42
23586	Gâteau au chocolat type fondant ou mi-cuit, préemballé	Chocolate soft cake, prepacked	0	467	29.7	6.22	43	34.1	1.85	6	0.25
23588	Gâteau ou cake au yaourt, préemballé	Yogurt cake, prepacked	0	409	19.1	2.23	52	27.7	2.7	5.88	0.89
23594	Gâteau moelleux nature type génoise, préemballé	Soft cake, plain, sponge cake type, prepacked	0	378	13.2	2.3	57.6	30.5	0.8	6.7	0.76
23680	Galette des rois feuilletée, fourrée à la pomme	Twelfth Night cake (puff pastry filled with applesauce)	0	289	17.2	11.6	29.1	10.2	2	3.4	0.59
23684	Galette des rois feuilletée, fourrée frangipane, et Pithiviers	Twelfth Night cake (puff pastry filled with almond paste)	0	438	30	14	33.4	12.3	2	7.6	0.7
23799	Crêpe, nature, préemballée, rayon frais	Crepe, plain, prepacked, refrigerated	0	257	6.8	3.6	41.6	19.1	2.2	6.31	0.52
23800	Crêpe, nature, préemballée, rayon température ambiante	Crepe, plain, prepacked, room temperature	0	389	12.8	6.48	59.9	28.8	1.61	7.65	1.77
23801	Galette de sarrasin, nature, souple (à garnir) préemballée	Buckwheat crepe, plain, to be filled, prepacked	0	161	1.74	0.51	30.5	0	0	5.32	1.36
23802	Gâteau basque à la crème pâtissière	Basque cake (shortbread), with custard cream	0	340	13	7.55	51.5	28.1	1	3.75	0.47
23803	Gâteau basque aux cerises	Basque cake (shortbread), with cherries	0	395	13.5	9.1	63.3	42	1.4	4.3	0.43
23804	Crêpe fourrée au chocolat et aux billes de céréales croustillantes, préemballée	Crepe filled chocolate and cerels balls, prepacked	0	448	20.3	7.39	58.3	35	2.52	6.81	0.96
23805	Blinis	Blinis	0	270	11.5	1.51	34.6	4.57	2.23	5.94	1.26
23815	Crêpe fourrée au sucre, préemballée	Crepe filled with sugar, prepacked	0	406	15.8	9.38	58.7	31	1.04	6.62	1.44
23820	Crêpe fourrée à la confiture, faite maison	Crepe filled with jam, home-made	0	296	5.74	3.36	54	19.4	1	6.51	0.89
23821	Crêpe fourrée au chocolat ou à la pâte à tartiner chocolat et noisettes, faite maison	Crepe filled with chocolate or chocolate and hazelnut spread, home-made	0	388	15.1	6.06	54.3	20.4	2.22	7.76	0.61
23827	Pancake (petite crêpe épaisse), sucrée, préemballée	Pancake, with sugar(s), prepacked	0	358	16.6	2.11	45.3	25.6	2.2	5.5	1.37
23828	Pancake (petite crêpe épaisse), fourrée à la pâte à tartiner chocolat noisette, préemballée	Pancake filled with chocolate and hazelnut spread, prepacked	0	331	11	2.13	50.1	28.1	2.2	6.83	0.56
23829	Crêpe fourrée au chocolat, préemballée	Crepe filled with chocolate, prepacked	0	439	19.1	5.73	58.6	39.1	2.43	6.83	0.95
23830	Crêpe fourrée fraise, préemballée	Crepe with strawberry filling, prepacked	0	351	7.91	3.93	64.3	39.9	1.5	4.96	1.06
23849	Gaufre fine fourrée au miel, au caramel ou à la vergeoise, préemballée	Wafer biscuit, thin, filled with honey, caramel or soft brown sugar, prepacked	0	455	18.3	8	67	37	1.9	4.56	0.77
23850	Gaufre bruxelloise ou liégeoise nature, artisanale	Waffle, from bakery, plain, from bakery	0	301	13.4	5.12	36.1	4.8	1.9	8	0.99
23851	Gaufre moelleuse (type bruxelloise ou liégeoise), nature ou sucrée, préemballée	Soft waffle (Brussels-style), plain or with sugar(s), prepacked	0	455	24.1	10.5	52.1	26.9	2.4	6.19	0.75
23852	Gaufre moelleuse (type bruxelloise ou liégeoise), au chocolat, préemballée	Soft waffle (Brussels-style), with chocolate, prepacked	0	460	23.9	12	54.4	27.7	2.36	5.59	0.76
23853	Gaufre croustillante (fine ou sèche), nature ou sucrée, préemballée	Wafer biscuit, crunchy (thin or dried), plain or with sugar(s), prepacked	0	477	19.7	12.6	67.6	33.1	1.78	6.22	0.74
23880	Beignet ou donut rond moelleux, sans fourrage, saupoudré de sucre	Doughnut, plain, sprinkled with sugar	0	404	23.7	9.46	39.4	10.7	2	7.25	1.11
23881	Beignet ou donut fourré aux fruits (fourrage type confiture), préemballé	Doughnut filled with fruit filling (e.g. jam), prepacked-> ARCHIVE	0	391	19	3.1	49.5	19	0.9	5.1	0.9
23885	Beignet ou donut fourré ou nappé goût chocolat ou chocolat noisette, préemballé	Doughnut filled or covered with chocolate or with chocolate and hazelut paste, prepacked	0	407	21	4.2	48	20	2.6	5.3	0.83
23900	Pâtisserie (aliment moyen)	Pastry (average)	0	279	12.9	6.8	35.5	21.2	1.98	4.14	0.27
23909	Cake aux fruits (confits et/ou raisins secs), préemballé	Fruit cake (candied fruits and/or raisins), prepacked	0	360	12.6	1.6	55.2	35.8	2.1	4.19	0.59
23925	Gâteau marbré au chocolat, préemballé	Marble cake, prepacked	0	438	23.2	4.65	50.5	27.2	1.83	5.68	0.67
23935	Gâteau moelleux nature, préemballé	Soft cake, plain, prepacked	0	438	22.4	4.41	53.1	27.3	1.23	5.42	0.76
23937	Gâteau moelleux aux fruits, préemballé	Soft cake, with fruits, prepacked	0	382	10	6	69	52	2	3	0.13
23938	Gâteau moelleux aux fruits à coque, type gâteau creusois, préemballé	Soft cake with nuts, prepacked	0	418	21.5	11.4	48.8	36.5	1.9	6.35	0.53
23939	Gâteau moelleux fourré au chocolat, type mini-cake, mini-roulé, ourson…, préemballé	Soft cake filled with chocolate, prepacked	0	414	18.2	4.21	55.4	30.4	3.2	5.44	0.56
23941	Gâteau moelleux fourré aux fruits type mini-roulé ou mini-cake fourré, préemballé	Soft cake filled with fruits, mini sponge roll type, prepacked	0	374	12.8	2.35	57.7	33.9	4.5	4.63	0.61
23943	Gâteau moelleux aux pépites de chocolat, type mini-cake, préemballé	Soft cake, with chocolate chips, prepacked	0	442	23.6	8.45	50.2	28.7	3.7	5.38	0.82
23944	Gâteau moelleux fourré au chocolat et enrobé ou nappé de chocolat, préemballé	Soft cake filled with chocolate and with chocolate coating, prepacked	0	440	21.8	8.8	53.8	31.3	2.7	5	0.31
23945	Gâteau moelleux fourré au chocolat et au lait, enrobé de chocolat, préemballé	Soft cake filled with chocolate and milk, with chocolate coating prepacked	0	446	23.1	16.3	52.9	35.3	1.58	5.81	0.35
23951	Muffin, aux fruits (myrtilles et autres), préemballé	Muffin, with fruits (e.g. blueberries), prepacked	0	397	19.9	5.22	49.1	31.7	1.34	4.81	0.92
23952	Muffin, au chocolat, préemballé	Muffin, with chocolate, prepacked	0	444	23	5.34	52.5	30.2	2.42	5.58	0.93
24000	Biscuit sec, sans précision	Biscuit (cookie)	0	433	13.8	3.46	67.8	25	3	7.83	1.02
24001	Biscuit sec nature	Biscuit (cookie), plain	0	438	11.5	5.31	74.9	25.4	3.3	7.13	0.74
24002	Biscuit sec à teneur garantie en vitamines	Biscuit (cookie), vitamin content guaranteed	0	457	14.2	6.07	72.3	23.3	0.75	9.63	0.16
24003	Biscuit sec à teneur garantie en vitamines et minéraux	Biscuit (cookie), vitamin and mineral content guaranteed	0	472	19.8	8.44	61.1	22.1	3.5	10.8	0.44
24004	Biscuit sec aux fruits, hyposodé ou à teneur réduite en sel	Biscuit (cookie) with fruits, low salt	0	448	16	1.45	64	17.9	5.4	8.88	0.02
24006	Biscuit sec au soja, enrichi en vitamines et minéraux	Soja biscuit, fortified with vitamins and minerals	0	444	16.1	2.22	60.3	20.3	6.6	10.9	0.71
24008	Biscuit sec fourré aux fruits, allégé en matière grasse	Biscuit (cookie) filled with fruits, reduced fat	0	391	7.2	2.82	75.3	39.9	3	4.69	0.58
24009	Spéculoos	Speculoos biscuit	0	476	18.1	7.81	71.2	32.5	3	5.63	0.92
24010	Biscuit sec, avec matière grasse végétale	Biscuit (cookie), with vegetal fat	0	436	11.7	5.4	74	23.4	3.1	7.23	0.75
24011	Biscuit sec, assortiment	Biscuit (cookie), assortment	0	515	26.4	6.21	61.4	39.4	2.9	6.44	0.46
24012	Biscuit sec au chocolat, sans sucres ajoutés, avec édulcorants, enrichi en vitamines	Biscuit (cookie), with chocolate, no added sugars and with sweetener(s), fortified with vitamins	0	448	21.8	8.99	64.6	1.72	3.71	6.78	0.57
24013	Biscuit sec, sans sucres ajoutés, avec édulcorant	Biscuit (cookie), no added sugars and with sweetener(s)	0	429	15.7	3.3	72.1	0.11	3.93	6.23	0.79
24014	Biscuit sec avec tablette de chocolat et fourrage au lait	Biscuit (cookie), with a chocolate bar covering, milk filling	0	512	25.6	14.9	62.3	35.6	2.7	6.75	0.45
24015	Biscuit sec petit beurre	Butter biscuit (cookie)	0	450	13.3	8.61	73.4	22	2.54	7.78	1.04
24016	Biscuit sec avec tablette de chocolat	Biscuit (cookie), with a chocolate bar covering	0	485	20	11.3	68.8	40.8	3.5	5.56	0.35
24017	Biscuit sec petit beurre au chocolat (tablette ou pépites)	Butter biscuit (cookie), with chocolate (chocolate chips or covering)	0	496	22.8	14.2	63.8	35.4	4	6.88	0.59
24018	Biscuit sec sans gluten, petit beurre	Butter biscuit (cookie), gluten free	0	460	14	8.5	79.3	21	0.9	3.8	1.1
24019	Biscuit sec sans gluten, au chocolat	Biscuit, with chocolate, gluten free	0	504	24.7	12.2	64	27.5	2.95	5.04	0.5
24020	Biscuit sec aux céréales complètes	Biscuit (cookie) from whole grain cereals	0	462	18.4	4.97	63	19.5	6.6	7.75	0.37
24021	Biscuit sec petit beurre au blé complet	Butter biscuit (cookie), whole wheat	0	439	13.4	2.01	66.6	18.8	7.2	9.25	0.37
24028	Biscuit sec au sésame, non enrichi	Biscuit (cookie), with sesame, not fortified	0	496	23.3	6.27	60	21	4.84	9.19	0.55
24029	Biscuit sec au sésame, enrichi en vitamines et minéraux	Biscuit (cookie), with sesame, fortifed with vitamins and minerals	0	485	21	2.05	60	18.5	4.9	11.5	0.68
24031	Biscuit sec sans chocolat, allégé en matière grasse	Biscuit (cookie), without chocolate, reduced fat	0	388	6	2.5	71	35	13	6	0.34
24034	Biscuit sec pour petit déjeuner, sans chocolat, non enrichi	Breakfast biscuit (cookie), without chocolate, not fortified	0	452	16.3	2.83	65.8	21	5.5	7.81	1.19
24035	Biscuit sec pour petit déjeuner, allégé en sucres	Breakfast biscuit (cookie), reduced sugar	0	444	15	5	66.2	19.5	6.7	7.78	0.69
24036	Biscuit sec au chocolat, non enrichi	Biscuit (cookie), with chocolate, not fortified	0	507	25.6	9.7	59.5	44.2	3.9	7.75	0.39
24037	Biscuit sec fourré à la pâte ou purée de fruits (ex : figue)	Biscuit (cookie) filled with fruit paste or fruit puree	0	421	12.3	5.19	71.6	27.2	2	4.93	0.38
24038	Biscuit sec, sablé, nappé de chocolat	Biscuit (cookie), with chocolate covering	0	495	22.9	12.4	63.5	27.7	4.1	6.56	0.74
24040	Biscuit sec pour petit déjeuner, au chocolat, non enrichi	Breakfast biscuit (cookie), with chocolate, not fortified	0	447	16.4	6.15	62.9	27.3	7.6	8.06	0.86
24041	Biscuit sec pour petit déjeuner, tous parfums, enrichi en vitamines et minéraux	Breakfast biscuit (cookie), fortified with vitamins and minerals	0	454	16.1	6.21	67.3	27.2	5.8	7.06	0.53
24042	Biscuit sec au chocolat, enrichi en vitamines et minéraux	Biscuit (cookie) with cereals, fortified with vitamins and minerals	0	461	18.3	3.78	61.9	20.1	6.54	8.96	0.6
24048	Biscuit sec, sablé, galette ou palet, autre que pur beurre	Biscuit (cookie), shortbread, commercial, whith vegetal fat	0	495	23.1	10.9	64.5	25.8	3.34	5.71	0.72
24049	Biscuit sec, sablé, galette ou palet, au beurre	Biscuit shortbread, with butter	0	481	20	12	66.8	22.2	3.2	6.81	0.96
24050	Biscuit sec, sablé, galette ou palet, au beurre, au chocolat	Biscuit shortbread, with butter and chocolate	0	499	23.7	11.9	63.5	33.6	3.11	6.33	0.5
24051	Biscuit (génoise), nappé de chocolat, type barquette	Biscuit sponge cake, with chocolate covering, pre-packed	0	489	23.9	3.01	59.5	42.4	3.1	7.38	0.31
24052	Biscuit sec (tartelette), nappé au chocolat, préemballé	Biscuit (small tart), with chocolate covering, prepacked	0	504	25.6	15.2	59.7	31.5	3.71	6.58	0.51
24054	Biscuit sec, sablé, galette ou palet, aux fruits	Biscuit shortbread, with fruits	0	482	21	12.2	66.3	30.9	2.37	5.8	0.56
24056	Florentin (biscuit sec au chocolat et aux amandes)	Florentine biscuit (chocolate biscuit or cookie with almonds)	0	514	28.7	10.8	50.7	44.1	7.6	9.31	0.13
24057	Biscuit sec, sablé, fourré aux fruits type lunette de Romans	Biscuit shortbread, with fruit filling, "lunette" type	0	449	16	9.47	69.2	31.9	2.04	6.06	0.2
24061	Biscuit meringué fourré (chocolat, noisette, noix de coco…), nappé ou sur base de chocolat	biscuit with meringue, filled (chocolate, hazelut, coconut…) with chocolate covering or chocolate base	0	540	31.5	20	54.5	45.9	3.95	7.65	0.24
24070	Biscuit sec à la noix de coco	Biscuit (cookie) with coconut	0	493	22.1	13.1	65.4	25.3	3.51	6.32	0.71
24071	Sablé pâtissier, artisanal	Shortbread pastry biscuit, from bakery	0	484	22.9		59.4	22	3.3	8.38	0.41
24224	Biscuit au chocolat fourré ("sandwiché") parfum vanille, rond, noir et blanc	Chocolate biscuit (cookie), with vanilla filling, round, black and white	0	480	19.6	5.88	69.2	35.7	3.2	5.06	0.65
24225	Goûter sec fourré ("sandwiché") parfum lait ou vanille	Biscuit (cookie), snack with dairy or vanilla filling	0	478	19	7.89	70	31.3	3.6	5	0.44
24230	Goûter sec fourré ("sandwiché") parfum chocolat, au blé complet	Biscuit (cookie), snack with chocolate filling, whole wheat whole wheat	0	465	17.2	5.5	69.3	31.9	4.8	5.94	0.54
24231	Goûter sec fourré ("sandwiché") parfum chocolat	Biscuit (cookie), snack with chocolate filling	0	471	18.5	8.81	67.5	29.2	4.7	6.31	0.46
24240	Goûter sec fourré ("sandwiché") parfum fruits	Biscuit (cookie), snack with fruits filling	0	407	9.4	4.27	73.6	30.3	3.7	5.13	0.52
24300	Gaufrette (éventail, cigarette…), sans fourrage	Wafer biscuit without filling	0	437	9.7	6.23	80	34.6	2.05	6.51	0.48
24311	Gaufrette fourrée et/ou enrobée de chocolat	Wafer biscuit, filled or coated with chocolate	0	534	30.5	18.8	56.6	37.8	3.5	6.63	0.25
24312	Gaufrette fourrée, aux fruits à coque (noisette, amande, praliné, etc.), avec ou sans chocolat	Wafer biscuit, with nuts (hazelnut, almond, praliné, etc.) filling, with chocolate or not, prepacked	0	562	36.1	15.4	49	34	2.5	9	0.26
24313	Gaufrette, fourrée vanille	Wafer biscuit, with vanilla filling	0	538	30.1	19.9	60.1	32.9	1.6	5.75	0.36
24320	Gaufrette fourrée, aux fruits	Wafer biscuit, with fruit filling	0	355	0.8	0.3	81	46.6	2.7	4.13	0.15
24370	Crêpe dentelle nature	Wafer cookie or crepe dentelle, plain	0	467	16.2	11.1	73.1	36.6	1.7	6.37	0.65
24371	Crêpe dentelle, nappée de chocolat	Wafer cookie, crepe dentelle, with chocolate covering	0	498	22.1	11.5	67.4	43.2	3.5	5.75	0.57
24430	Biscuit sec aux oeufs à la cuillère (cuiller) ou boudoir	Biscuit (cookie), sponge fingers or lady fingers	0	366	3.4	1.17	74.5	48.8	2.9	7.75	0.3
24441	Biscuit sec, type langue de chat ou cigarette russe	Biscuit (cookie), cat tongue type	0	475	17.8	9.45	72.7	39.7	1.55	5.27	0.49
24520	Meringue	Meringue	0	396	0.52	0	93.2	87.6	0	4.82	0.23
24614	Biscuit sec croquant aux amandes (ex. canistrelli)	Biscuit (cookie), hard, with almonds (e.g. canistrelli)	0	454	15.4	2.94	68.2	37.6	3.2	9.04	0.27
24615	Biscuit sec fin ou tuile, aux amandes	Biscuit (cookie), thin, with almonds	0	471	18.1	5.65	68	49.1	2.1	7.8	0.21
24616	Biscuit sec fin ou tuile, saveur citron ou orange	Biscuit (cookie), thin, lemon or orange lavour	0	419	9.73	4.17	69.7	31.6	13.6	6.37	0.55
24630	Madeleine, pur beurre, préemballée	Madeleine cake, pure butter, prepacked	0	453	24.1	15.3	52.4	27.3	1.27	5.88	0.92
24631	Madeleine au chocolat (nappage, pépites ou fourrage…), préemballée	Madeleine cake, with chocolate, prepacked	0	447	22.7	5.25	53.7	28.5	2.05	5.45	0.83
24632	Madeleine ordinaire, préemballée	Madeleine cake, prepacked	0	441	21.6	2.8	55.3	28.4	1.4	5.55	0.83
24654	Biscuit sec ou galette à l'avoine, nappée de chocolat	Biscuit, oat, with chocolate covering	0	509	26	14.6	61.3	39.6	3.58	5.73	0.59
24655	Biscuit sec ou galette à l'avoine	Biscuit, oat, plain	0	491	22.9	11.7	63.9	34.6	3.41	5.64	0.74
24656	Cookie aux cranberries et au chocolat blanc, préemballé	Biscuit, cookie, cranberries and white chocolate, prepacked	0	488	22.4	10.9	65.9	41	2.1	4.76	1.2
24657	Biscuit sec, type batonnet, stick, vrille ou torsade, nappé de chocolat	Biscuit, stick, with chocolate covering	0	510	25.1	14.1	63.1	34.6	2.42	6.86	0.42
24658	Biscuit sec feuilleté, type palmier ou autres, nappé de chocolat	Biscuit puff pastry, with chocolate covering	0	532	29.4	16.6	59.7	30.3	2.33	5.93	1.02
24659	Biscuit sec feuilleté, type palmier ou autres, préemballé	Biscuit puff pastry, prepacked	0	528	30	15.4	56.8	18.8	3.4	6.06	1.15
24660	Biscuit sec feuilleté, type palmier ou autres, artisanal	Biscuit (puff pastry), palmier, from bakery	0	499	30.4	14.4	47.8	21.8	5.3	5.93	1.16
24663	Tarte aux poires amandine	Pear tart with almonds	0	310	14.9	7.2	37.7	21.2	2.3	4.9	0.14
24664	Gâteau aux amandes type financier, préemballé	Almond cake, financier, prepacked	0	447	25.7	12.2	44.3	34.6	2.3	8.26	0.32
24666	Mille-feuille	Mille-feuille pastry	0	292	11.3	5.27	43.7	21.1	0.24	3.88	0.42
24674	Gâteau moelleux sans gluten (cake, madeleine…), préemballé	Soft cake, without chocolate, gluten free, prepacked	0	443	24.2	7.6	50.7	24.3	1.62	4.74	0.74
24675	Gâteau moelleux sans gluten (cake, brownie…), au chocolat, préemballé	Soft cake, with chocolate, gluten free, prepacked	0	434	24.4	7.78	49.6	28.9	2.18	5.38	0.53
24676	Cookie au chocolat et aux fruits à coque (noisettes, amandes, noix de pécan…), préemballé	Biscuit (cookie), with chocolate and nuts, prepacked	0	507	27.1	11.2	57	30.5	4.02	6.78	0.77
24678	Biscuit (génoise), nappé aux fruits, type barquette	Biscuit sponge cake with fruits covering, pre-packed	0	341	2.1	0.75	74.4	51.1	2.8	4.44	0.12
24679	Biscuit sec (tartelette), nappé aux fruits, préemballé	Biscuit (small tart), with fruit covering, prepacked	0	424	13	6.75	71.3	34.5	1.94	4.63	0.43
24680	Biscuit moelleux fourré à l'orange et enrobé de sucre glace	Soft cake, filled with orange paste and sugar icing coating	0	359	2.1	0.4	80	47	1.7	4.1	0
24684	Cookie au chocolat, préemballé	Biscuit (cookie), with chocolate, prepacked	0	493	23.8	11.4	61	31.4	4.3	6.44	0.86
24685	Cône ou cornet classique, pour glace	Cone, wafer for ice cream	0	401	5	4.1	80.4	25.6	2	7.5	0.54
24686	Biscuit (génoise), fourré aux fruits (ex : orange, cerise…), nappé de chocolat	Biscuit sponge cake, filled with fruits and with chocolate covering	0	395	11.7	5.75	66.6	45.2	3.2	3.88	0.31
24687	Cookie aux pépites de chocolat et à la noix de coco, préemballé	Biscuit (cookie), with chocolate chips and coconut, prepacked	0	519	29.8	16.3	54.5	28.3	4.85	5.93	0.83
24689	Biscuit pour bébé	Baby biscuit	0	439	12.3	4.35	73.3	24.8	2.4	7.5	0.36
24998	Poisson blanc en sauce, préemballé (aliment moyen)	White fish with sauce, prepacked (average)	0	147	8.1	1.85	4.67	1.6	1.14	13.2	1.12
24999	Dessert (aliment moyen)	Dessert (average)	0	255	11.3	4.96	32.9	21.3	1.7	4.41	0.33
25001	Blanquette de veau, préemballée	Veal stew in white sauce, prepacked	0	113	4	2.03	3.1	0.3	0.8	15.4	0.74
25002	Cassoulet, appertisé	White bean stew, canned	0	129	5.77	2.07	9.41	1.06	3.55	8.06	0.97
25003	Choucroute garnie, préemballée	Sauerkraut, with garnish (cooked meats), prepacked	0	109	8.06	3.22	2.8	0.66	2.71	5.06	1.39
25009	Hachis parmentier à la viande, préemballé	Shepherd's pie or cottage pie with meat, prepacked	0	138	8.22	4.7	9.39	1.47	1.43	5.99	0.83
25010	Petit salé ou saucisse aux lentilles, préemballé	Salt-cured pork belly with lentils, prepacked	0	118	4.87	1.89	8.89	1.51	2.83	8.24	0.98
25013	Pot-au-feu, préemballé	Boiled meat with vegetables, prepacked	0	77.5	2.02	0.82	3.2	1.5	1.5	10.9	0.32
25018	Ratatouille cuisinée, préemballée	Ratatouille, seasoneded, prepacked	0	57.1	3.15	0.47	4.97	3.91	2.03	1.22	0.94
25019	Ravioli au boeuf, sauce tomate, appertisé	Ravioli filled with meat, in tomato sauce, canned	0	95.3	2.83	1.14	12.5	2.23	1.41	4.22	0.96
25020	Soufflé au fromage	Cheese soufflé	0	185	13.4	8.15	4.75	2.15	1.15	10.9	0.95
25026	Épinard à la crème, préemballé	Spinach with cream sauce, prepacked	0	57.3	2.9	1.82	4.1	1.19	1.9	2.5	0.72
25029	Couscous au mouton	Couscous with mutton	0	149	7.2		12.2	1.38	1.3	8.31	0.81
25031	Paëlla, préemballée	Paëlla, prepacked	0	148	4.9	1.28	17.1	1.2	1.85	7.86	0.87
25033	Boeuf bourguignon, préemballé	Burgundy-style beef stew, prepacked	0	84.3	2.61	0.88	4.17	2	1.5	10.3	0.88
25037	Gratin ou cassolette de poisson et / ou fruits de mer, préemballé, cru	Fish or seafood au gratin, intended to be cooked, prepacked, raw	0	105	5.1	3.18	8.39	2.48	0.5	6.13	0.82
25038	Gratin ou cassolette de poisson et / ou fruits de mer, préemballé, cuit	Fish and shrimp au gratin, prepacked, cooked	0	117	7.5	4.82	5.28	1.6	0.7	6.69	0.92
25043	Couscous à la viande ou au poulet, allégé en matière grasse, préemballé,	Couscous with meat or chicken, reduced fat, prepacked	0	90.7	1.9	0.4	11.5	2.1	2	5.9	0.7
25052	Gratin d'aubergine, préemballé	Eggplant au gratin, prepacked	0	105	8	1	5.5	3.5	2.5	1.5	0.43
25056	Gratin dauphinois, préemballé	Dauphiné-style creamed potatoes au gratin, prepacked	0	113	4.2	2.67	14.5	2.08	1.5	3.38	0.81
25057	Poêlée de pommes de terre préfrites, lardons ou poulet, et autres, sans légumes verts, préemballée	Pre-fried potatoes, pan-fried, with bacon bits or chicken, without green vegetables, prepacked	0	171	9.6	2.9	17	1.7	2.1	3.2	0.6
25058	Canard en sauce (poivre vert, chasseur, etc.), préemballé	Duck with sauce (green pepper sauce, hunter-style sauce, etc.) , prepacked	0	145	7.3		10.2		0	9.55	
25063	Lapin à la moutarde, préemballé	Rabbit with mustard sauce, prepacked	0	108	5	2.1	0.5	0.5	0.8	14.9	1.2
25065	Boeuf aux carottes, préemballé	Beef stew with carrots, prepacked	0	95	3.15	1.21	2.91		1.1	13.2	0.58
25071	Potée auvergnate (chou et porc)	Pork sausage stew with cabbage, carrots and potatoes	0	115	6.9	2.46	4.85	1.23	2.1	7.28	0.72
25073	Endive au jambon, préemballée	Chicory with ham in sauce, prepacked	0	109	6.3	3.77	4.71	1.98	1.5	7.44	0.65
25077	Saumon sauce à l'oseille, préemballé	Salmon with sorrel, prepacked	0	157	9.5	4	8.23	0.5	0.5	9.5	0.59
25081	Lasagnes ou canellonis à la viande (bolognaise), préemballés	Lasagna or cannelloni with meat (bolognese sauce), prepacked	0	134	5.72	2.55	13.5	2.84	1.91	6.29	0.97
25085	Pâtes à la bolognaise (spaghetti, tagliatelles…), préemballées	Bolognese-style pasta (spaghetti, tagliatelle…), prepacked	0	116	4.07	1.42	13.6	2.64	1.9	5.32	0.83
25086	Poisson blanc à la bordelaise (chapelure, huile…), préemballé	White fish with bordelaise sauce, prepacked	0	176	10.4	2.3	5.3	1.25	1	14.8	1.28
25088	Riz cantonais, préemballé	Cantonese rice, prepacked	0	164	4.94	0.75	23.6	1.28	1.74	5.46	0.86
25089	Cordon bleu de volaille, préemballé	Veal escalope cordon bleu (escalope topped with a ham slice and cheese, breaded, prepacked	0	226	12.2	3.2	14.6	2.2	0.78	14	1.73
25098	Cassoulet au porc, appertisé	White bean stew, with pork, canned	0	132	6.3	2.2	8.6	1.8	4	8.3	1.1
25099	Cassoulet au canard ou oie, appertisé	White bean stew, with duck or goose, canned	0	161	7.86	2.43	10.1	1.09	3.86	10.5	1.05
25101	Gratin de chou-fleur, préemballé	Cauliflower au gratin, prepacked	0	86.3	6.5	4	3.3	0.88	1.3	3	1.07
25103	Tomate farcie, préemballée	Stuffed tomatoes, prepacked	0	127	9.67	3.24	2.95	1.38	2.1	6	0.7
25106	Chou farci, préemballé	Stuffed cabbage, prepacked	0	94.9	6.6		2	2	3.13	5.3	0.87
25107	Couscous au poisson	Couscous with fish	0	105	1.6	0.2	14.2	1.7	1.7	7.5	0.84
25108	Samossa ou samoussa ou brick garni, préemballé, cuit	Samosas or samoosas or filled filo pastry, prepacked, cooked	0	230	13.7	2.78	16.5	2.45	1.8	9.33	1.26
25110	Ravioli chinois à la vapeur à la crevette, cuit	Dumplings, steamed, with shrimps, cooked	0	172	5.5	1.55	23.2	1.1	3.6	5.5	0.96
25111	Chili con carne, préemballé	Chili con carne, prepacked	0	118	3.35	1.13	13	2.58	3.56	7.13	0.93
25121	Coq au vin	Cockerel in red wine sauce	0	133	7	1	4	1	1	13	0.75
25122	Gratin de pâtes au jambon, préemballé	Pasta with ham au gratin, prepacked	0	179	9.2	4.85	16.4	2.19	1	7.06	0.85
25123	Moussaka, préemballée	Moussaka, prepacked	0	147	10.8	3.37	5.16	3.01	2.84	5.82	0.97
25124	Navarin d'agneau aux légumes	Stewed lamb garnished with potatoes and other vegetables	0	135	8.61	4.82	3.85	1.29	1.53	9.72	0.42
25125	Paupiette de veau	Veal paupiette	0	181	11.3	4.58	4.67	2.4	0.69	14.6	1.03
25126	Paupiette de volaille	Poultry paupiette	0	163	6.19	2.44	8.8		1.17	17.4	0.84
25127	Couscous royal (avec plusieurs viandes), préemballé	Couscous royal (with different meats), prepacked	0	132	4.53	1.54	14	1.57	2.1	7.69	0.88
25128	Poisson blanc à la provençale ou niçoise (sauce tomate), préemballé	White fish with Provencal-style sauce (tomato sauce), prepacked	0	73.4	2.3	0.69	3.1	2.5	1.5	9.31	0.7
25131	Lasagnes ou cannellonis aux légumes, préemballées, cuits	Lasagna or cannelloni with vegetables, prepacked	0	120	5.9	1.91	10.1	3.68	2.25	4.38	0.6
25135	Pâtes à la carbonara (spaghetti, tagliatelles…), préemballées	Carbonara-style pasta (spaghetti, tagliatelle…), prepacked	0	161	8.7	4.34	14.2	1.79	1.18	5.91	0.86
25137	Tartiflette (pommes de terre, reblochon, lardons…), préemballée	Tartiflette (cheese fondue with potatoes, reblochon cheese, bacon bits…), prepacked	0	161	8.9	4.47	13.5	1.25	0.8	6	0.75
25138	Couscous au poulet	Couscous with chicken	0	130	3.85	1.17	15.6	2.87	1.47	7.5	0.79
25139	Lasagnes ou cannellonis au poisson, préemballées	Lasagna or cannelloni with fish, prepacked	0	148	7.1	2.5	13	2.03	1.68	7.28	1.02
25140	Poisson blanc à la florentine (sauce aux épinards), préemballé	White fish with Florentine-style sauce (spinach sauce), prepacked	0	96	4	2.5	2	2	2	12	0.58
25141	Poisson blanc à la marinière (sauce aux oignons, vin blanc, moules), préemballé	White fish with shallots, mussels and white wine sauce, prepacked	0	80	2.8		2.2		0	11.5	
25142	Poisson blanc à la sauce moutarde, préemballé	White fish with mustard sauce, prepacked	0	90.8	3.6		5.4		0	9.2	
25143	Poisson blanc à la parisienne (sauce aux champignons), préemballé	White fish with Parisian-style sauce (mushrooms sauce), prepacked	0	81.5	3.5	2.02	3	1.5	1	9	0.58
25145	Poisson blanc à l'estragon, préemballé	White fish with tarragon sauce, prepacked	0	77.2	2.8		4.2		0	8.8	
25146	Poisson blanc sauce oseille, préemballé	White fish with sorrel sauce, prepacked	0	111	5.5	3.31	3	2	1	11.8	0.88
25149	Pâtes fraîches farcies (ex : raviolis, tortellinis, ravioles du Dauphiné), au fromage, préemballées, cuites	Fresh pasta, stuffed with cheese (e.g. ravioli), prepacked, cooked	0	226	8.3	4.64	26.8	4.4	1.9	10	0.79
25150	Couscous de légumes, préemballé	Couscous with vegetables, prepacked	0	108	2.25	0.8	16.4	2.54	2.24	4.32	0.73
25151	Feuilleté ou friand au poisson et/ou fruits de mer, préemballé, à cuire	Fish or seafood in puff pastry, prepacked, to cook	0	260	13	9.7	27.9	4.3	2.9	6.55	1.02
25152	Couscous à la viande, préemballé	Couscous with meat, prepacked	0	128	4.73	1.24	12.5	1.97	2.53	7.59	0.78
25154	Gratin de poisson et purée ou brandade aux pommes de terre ou parmentier de poisson, préemballé	Fish brandade or fish shepherd's pie, prepacked	0	117	6.15	3.68	8.57	1.62	1.1	6.39	0.81
25155	Pâtes fraîches farcies (ex : raviolis, tortellinis), au fromage et aux légumes, préemballées, cuites	Fresh pasta, stuffed with cheese and vegetables (e.g. ravioli), cooked, prepacked	0	219	7.5	2.36	27.8	3.53	3.4	7.94	1.05
25157	Pâtes fraîches farcies (ex : raviolis, tortellinis), au boeuf (ex : bolognaise), préemballées, crues	Fresh pasta, stuffed with meat (e.g. bolognese-style ravioli), prepacked, raw	0	265	5.79	2.45	40.3	3.91	3.15	11.4	1.28
25158	Pâtes fraîches farcies (ex : raviolis, tortellinis), au boeuf (ex : bolognaise), préemballées, cuites	Fresh pasta, stuffed with meat (e.g. bolognese-style ravioli), prepacked, cooked	0	174	4.65	1.65	25.1	1	2.15	6.94	0.52
25159	Tajine de mouton, préemballé	Mutton tagine, prepacked	0	131	6.83	2.73	4.5	2.4	0	12.8	0.99
25162	Gratin de légumes, préemballé	Vegetables au gratin, prepacked	0	106	6.7	3.41	6.91	3.42	1.7	3.44	0.57
25163	Boulettes au boeuf, cuites	Meat balls, beef, cooked	0	217	13.3	4.8	5.65	2	0.63	18.5	1.13
25164	Osso buco de veau à la milanaise (jarret de porc , légumes, vin blanc)	Osso buco from veal (with vegetables and white wine), homemade	0	102	4.06	0.8	3.5	1.1	0.6	12.5	1.47
25169	Spécialité chinoise type bouchée à la vapeur, préemballée, cuite	Chinese specialty or dumplings, prepacked	0	149	1.4	0.31	28	3.9	0.21	5.9	1.26
25172	Viande en sauce (aliment moyen)	Meat in sauce (average)	0	109	4.7	1.82	4.23	1.9	1.22	11.7	0.92
25173	Escalope panée, viennoise ou milanaise, veau, cuite	Milanese-style veal escalope or breaded veal escalope	0	271	14.1	2.42	12.6	0.49	0.94	22.9	0.98
25174	Poulet au curry et au lait de coco, préemballé	Chicken with curry and coconut milk sauce, prepacked	0	125	6.9	3.03	4.07	1.9	1.1	10.6	1.07
25175	Meloukhia, plat à base de boeuf et corète, fait maison	Molokhia,beef-based mdish with jute mallow (or nalta jute), home-made	0	189	14.7		1.2	1.2	4.7	10.6	0.93
25181	Pâtes fraîches farcies (ex : raviolis, tortellinis, ravioles du Dauphiné), au fromage, préemballées, crues	Fresh pasta, stuffed with cheese (e.g. ravioli, prepacked, raw	0	268	7.69	4.28	37.3	3.83	2.23	11.3	1.13
25182	Pâtes fraîches farcies (ex : raviolis, tortellinis), au fromage et aux légumes, préemballées, crues	Fresh pasta, stuffed with cheese and vegetables (e.g. ravioli), prepacked, raw	0	262	5.69	2.74	41.4	3.46	2.87	9.98	1.07
25183	Nouilles aux crevettes, préemballées, sautées/poêlées	Noodles with shrimps, prepacked, sautéed/pan-fried, without added fat	0	104	3.4	1.16	12.6	1.7	1.6	4.88	0.84
25186	Boulettes au porc et au boeuf (à la suédoise), préemballées, crues	Meat balls, pork and beef (Swedish-style), prepacked, raw	0	254	18.2	7.5	4.8	1.5	0.8	17.4	1.05
25187	Risotto, aux légumes, préemballé	Risotto, with vegetables, prepacked	0	120	3.8	2	18.4	0.85	0	2.74	0.76
25188	Risotto, aux fruits de mer, préemballé	Risotto, with seafood, prepacked	0	130	6.07	2.92	12.5	2.02	1.15	5.47	0.85
25189	Risotto, aux fromages, préemballé	Risotto, with cheeses, prepacked	0	195	5.16	2.49	30.9	0.58	0.7	5.65	0.82
25190	Poulet basquaise, préemballé	Chicken, Basque-style, prepacked	0	107	6.4	1.7	2.5	2	1.3	9.3	0.89
25192	Ravioli aux légumes, à la sauce tomate, appertisés	Ravioli filled with vegetables, in tomato sauce, canned	0	91.1	2.45	0.48	13.5	2.83	1.7	2.88	0.76
25193	Pâtes fraîches farcies (ex : raviolis, tortellinis), aux légumes, préemballées, cuites	Fresh pasta, stuffed with vegetables (e.g. ravioli), prepacked, cooked	0	156	4.9	1.93	20.9	1.9	3.7	5.19	0.49
25194	Boulettes au boeuf et à l'agneau (type kefta), préemballées, crues	Meat balls, beef and lamb (kefta type), prepacked, raw	0	220	13.3	6.8	9.7	5	0.8	14.9	1.08
25195	Parmentier de canard, préemballé, à cuire	Shepherd's pie with duck, prepacked, to cook	0	146	9.06	4.5	8.51	1.96	1.55	6.82	0.81
25196	Riste d'aubergines (aubergines, tomates, oignons), préemballée	Riste (Eggplant, tomatoes, onions), prepacked	0	145	10.4	2	10.6	5.2	2.6	1.05	1.19
25198	Pâtes en sauce aux fromages (spaghetti, tagliatelles…), préemballées	Pasta with cheese sauce (spaghetti, tagliatelle…), prepacked	0	163	7.4	4.35	15.9	5.85	1.85	7.17	0.8
25199	Palet ou galette de légumes, préfrit, surgelé	Vegetable rosti, pre-fried, frozen	0	101	5.67	1.33	8.67	3	3	2.33	0.76
25200	Palette à la diable, préemballée	Devilled pork shoulder in mustard sauce, prepacked	0	102	4.5	1.5	1	1	2.5	13	2.29
25201	Langue de boeuf sauce madère, préemballée	Beef tongue with Madeira wine sauce, prepacked	0	180	13.5	6	4.5	2.5	1	9.5	1.08
25203	Pâtes fraîches farcies (ex : raviolis, tortellinis), aux légumes, préemballées, crues	Fresh pasta, stuffed with vegetables (e.g. ravioli), prepacked, raw	0	255	5.06	1.74	41.4	3.14	3.02	9.4	0.81
25204	Tajine de poulet, préemballé	Chicken tagine, prepacked	0	127	3.7	0.4	14.4	6.8	3	7.54	1.17
25205	Chop suey (porc ou poulet, légumes), préemballé	Chop suey (pork or chicken, vegetables), prepacked	0	78.2	3		7.8		0	5	
25207	Porc au caramel, préemballé	Pork with caramel sauce, prepacked	0	136	5.4	1.58	11.4	7.9	0.7	10	1.34
25208	Palet ou galette de légumes, préfrit, surgelé, cuit	Vegetable rosti, pre-fried, frozen, cooked	0	105	5.7	0.64	8.45	3	2.6	3.31	0.75
25210	Saumon farci, préemballé	Stuffed salmon, prepacked	0	227	16.2	3.8	0.4	0.4	2.4	18.8	0.65
25211	Boulettes au boeuf, à la sauce tomate, préemballées	Meat balls, beef, with tomato sauce, prepacked	0	117	6.5		5.5		0	9	
25213	Paupiette de veau, préemballée, rôtie/cuite au four	Veal paupiette, prepacked, roasted/baked	0	276	20.5	8.19	0.48	0.3	0.9	22	1.07
25216	Pâtes fraîches farcies (ex : raviolis, tortellinis), cuites (aliment moyen)	Pasta (e.g. ravioli), filled, cooked (average)	0	198	6.48	2.88	25.6	2.78	2.49	7.97	0.7
25217	Feuille de vigne farcie au riz ou dolmas, égouttée, préemballée	Vine leaf stuffed wih rice or dolmas, drained, prepacked	0	150	6.5	0.85	18.6	0.8	2.6	2.5	1.34
25219	Lasagnes ou cannellonis aux légumes et au fromage de chèvre, préemballés, cuits	Lasagna or cannelloni with vegetables and goat cheese, prepacked, cooked	0	179	10.2	5.23	14	2.3	1.4	7	0.85
25220	Choucroute cuisinée aux lardons, sans garniture, égouttée, cuite	Sauerkraut, seasoned and cooked with bacon bits, without garnish, drained, cooked	0	75.5	6.6	2.02	0	0	4.5	1.38	1.26
25221	Boulettes au boeuf et à l'agneau (type kefta), préemballées, cuites	Meat balls, beef and lamb (kefta type), prepacked cooked	0	235	15.7	5.81	7.5	1.2	0	15.7	1.03
25222	Boulettes au porc et au boeuf (à la suédoise), préemballées, cuites	Meat balls, pork and beef (Swedish-style), prepacked, cooked	0	258	18.6	6.99	7.7	0.8	0	14.4	1.51
25223	Bouchées ou émincé végétal au soja et blé (convient aux véganes ou végétaliens), préemballé	Soy and wheat burger or bite (vegan), prepacked	0	157	3.7	0.66	6.76	2.57	4.86	19.5	1.68
25224	Bouchées ou émincé au soja et blé (ne convient pas aux véganes ou végétaliens), préemballé	Soy and wheat burger or bite (not vegan), prepacked	0	185	7	0.55	8.19	2.07	5.24	17.6	1.24
25225	Nuggets ou croquette panée de blé (sans soja), préemballé	Wheat-based nuggets, breaded croquette (wo soybean), prepacked	0	284	14.9	1.48	22.4	1.33	2.55	12.6	0.67
25226	Nuggets ou croquette panée de soja et blé (ne convient pas aux véganes ou végétaliens), préemballé	Soybean and wheat-based nuggets, breaded croquette (not vegan), prepacked	0	253	12.6	1.34	18.5	3.17	4.18	14.1	1.18
25227	Nuggets ou croquette panée de soja et blé (convient aux véganes ou végétaliens), préemballé	Soybean and wheat-based nuggets, breaded croquette (vegan), prepacked	0	251	10.9	1.14	19.7	1.75	5.38	15.5	1.39
25228	Pané soja et blé (ne convient pas aux véganes ou végétaliens)	Schnitzel, soybean and wheat-based (not vegan), prepacked	0	260	13.9	1.45	16.8	1.28	4.39	14.4	1.03
25229	Bâtonnet pané soja et blé (convient aux véganes ou végétaliens), préemballée	Schnitzel or stick, soybean and wheat-based (vegan), prepacked	0	245	10	1.1	18.8	0	5.41	16.9	1.13
25230	Pané soja, blé et fromage, type cordon bleu, préemballé	Schnitzel, soybean, wheat and cheese-based, cordon bleu-style, prepacked	0	247	13.1	3.02	15.1	2.05	3.28	15.2	1.5
25231	Ravioli au tofu, à la sauce tomate, préemballés	Ravioli filled with tofu, in tomato sauce, prepacked	0	91.7	2.7	0.41	12.5	3.14	2.1	3.13	0.81
25232	Saucisse végétale au blé ou seitan, préemballé	Plant-based sausage with wheat or seitan, prepacked	0	250	10.5	2.79	7.53	1.74	4.6	27.1	1.82
25233	Galette de céréales au fromage (sans soja), préemballée	Cereal burger with cheese (without soybean), prepacked	0	241	10.3	2.56	27.8	2.86	4.3	7	1
25234	Galette de céréales aux légumes (sans soja), préemballée	Cereal burger with végétables (without soybean), prepacked	0	211	7.6	0.89	28	3.66	4.4	5.31	1.03
25238	Gratin de légumes, fait maison	Vegetables au gratin, home-made	0	107	8.51	2.49	3.59	1.95	1.7	3.15	0.5
25242	Paëlla (poulet fruit de mer, chorizo, colin), fait maison	Paëlla, home-made	0	135	2.2	0.76	22	1	0.8	6.38	1.28
25243	Nouilles asiatiques instantanées, aromatisées, cuites	Noodles, asian style, instant, flavoured, cooked	0	164	6.9	3.16	21.1		1	3.75	0.23
25396	Feuilleté ou friand jambon fromage, préemballé	Ham and cheese puffed pastry, prepacked	0	278	16.7	10.8	22.7	3.65	1.9	8.46	1.29
25398	Feuilleté ou friand au fromage, préemballé, à cuire	Cheese puff pastry, prepacked, to cook	0	283	16.9	9.06	26.2	2.92	1.18	6.08	1.05
25399	Feuilleté ou friand aux escargots, préemballé	Snails in puff pastry, prepacked	0	321	22.1	13.2	23.1	1.09	1.74	6.69	1.17
25401	Feuilleté ou friand au fromage, préemballé, cuit	Cheese puff pastry, prepacked, cooked	0	302	17.1	10.2	28.1	3.86	1.3	8.25	1.58
25402	Feuilleté ou friand à la viande, préemballé	Meat puff pastry, prepacked	0	354	22.6	10.6	27.3	1.23	1.63	9.59	1.55
25403	Hot-dog, préemballé	Hot-dog, prepacked	0	278	13.8	5.18	26.3	5.2	1.6	10.9	1.69
25404	Pizza au fromage ou pizza margherita, préemballée	Pizza, cheese and tomato (Margherita), prepacked	0	224	7.41	3.14	29.6	3.43	2.27	8.55	1.14
25405	Quiche lorraine, préemballée	Quiche Lorraine (eggs and lardoons quiche), prepacked	0	269	16.4	9.19	21.5	2	1.39	8.39	1.01
25409	Crêpe ou galette béchamel et jambon, préemballée	Crepe or buckwheat pancake, filled with ham, prepacked	0	199	8	3.04	24.3	2.5	0	7.5	1.43
25410	Crêpe ou galette béchamel, jambon et fromage, préemballée	Crepe or buckwheat pancake, filled with cheese, ham and béchamel sauce, prepacked	0	179	7.9	4.48	16.3	1.01	1.77	9.83	1.13
25411	Crêpe ou galette béchamel et champignon, préemballée, surgelée	Crepe or buckwheat pancake, filled with mushrooms and béchamel sauce, prepacked, frozen	0	144	5	0.5	20	3	0.5	4.5	0.81
25412	Bouchée à la reine, à la viande/volaille/quenelle	Vol-au-vent with meat/poultry/quenelle	0	296	18.9	9.66	24.5	2.6	1.65	6.12	1.27
25413	Hamburger, de restauration rapide	Hamburger, from fast food	0	251	8.44	2.82	29.5	5.95	1.8	13.3	1.23
25414	Cheeseburger, de restauration rapide	Cheeseburger, from fast food	0	290	15.8	4.88	22.3	3.94	1.4	13.7	1.23
25415	Double cheeseburger, de restauration rapide	Cheeseburger, double, from fast food	0	290	16.7	6.32	19.4	1.28	0	15.5	1.15
25416	Burger au poisson, de restauration rapide	Fish burger, from fast food	0	263	11.5	4.92	26.7	3.9	1.5	12.2	1.1
25417	Tarte aux légumes, préemballée	Tart, vegetables, prepacked	0	216	11.7	6	21.8	3.2	1.7	5	0.98
25418	Croissant au jambon fromage, fait maison	Croissant filled with ham and cheese, homemade	0	264	14.6	8.5	24.8	2.6	1	7.9	1.1
25419	Rouleau de printemps	Spring roll	0	103	1.82	0.66	16.6	3.6	1.2	4.57	0.29
25428	Sandwich grec ou kebab, pita, crudités	Sandwich, pita bread, kebab and raw vegetables	0	232	10.9	4.29	17	1.1	2.3	15.2	1.23
25429	Sandwich grec ou kebab, baguette, crudités	Sandwich, baguette, kebab and raw vegetables	0	272	9.8	4.26	29.9	3.3	2	15	1.13
25431	Sandwich baguette, thon crudités mayonnaise, fait maison	Sandwich, baguette, tuna, raw vegetables and mayonnaise, homemade	0	275	11.3	2.54	32.1	1.4	1.78	10.3	1.28
25433	Accra de poisson, préemballé	Caribbean-style fish fritters, fish acras, prepacked	0	275	17.6	2.3	15.1	2.55	3	12.4	1.24
25434	Sandwich panini, jambon cru mozzarella, tomates	Sandwich, panini bread, cured ham, mozzarella cheese and tomato, toasted	0	237	8.35		25.7		1.4	14.2	1.24
25435	Pizza jambon fromage, préemballée	Pizza, ham and cheese, prepacked	0	228	8.49	3.93	26.2	3.7	1.95	10.7	1.33
25437	Gougère	Small cheese chou-pastry puff	0	399	26.6	16	22.7	0.56	1.9	16.2	1.13
25438	Samoussa ou samossa ou brick garni, fait maison, cuit	Samosas or samoosas or filled filo pastry, home-made, cooked	0	187	11.5	2.77	8.48	0.72	0.59	12.2	1.41
25444	Tarte au fromage, préemballée	Tart, cheese, prepacked	0	271	16.7	10.4	20	1.64	1.57	9.44	0.86
25454	Tarte à la provençale, préemballée	Tart, Provence-style, prepacked	0	224	12.5	6.92	21.8	4	1.8	5.34	1.17
25456	Sushi ou maki aux produits de la mer	Sushi or maki, with seafood products	0	171	3.7	0.6	26.9	4.93	0.9	6.69	0.55
25457	Pizza à la viande, type bolognaise, préemballée	Pizza, Bolognese-style with meat, prepacked	0	214	7.03	3.02	27	3.38	2.1	9.7	1.06
25459	Burritos au boeuf	Burritos with beef	0	170	8.5	4.33	14.3	1.9	1.9	8	0.75
25460	Fajita au poulet, préparé maison avec un kit	Fajitas, home-prepared from kit	0	158	4.5	1.96	16	2.2	1.4	12.7	0.89
25462	Pizza au chorizo ou salami, préemballée	Pizza, chorizo or salami, prepacked	0	236	10.4	4.23	24.7	3.57	2.09	9.88	1.32
25463	Pizza aux fruits de mer, préemballée	Pizza, seafood, prepacked	0	215	8.02	2.98	25.2	4.58	1.8	9.67	1.06
25464	Pizza au saumon, préemballée	Pizza, salmon, prepacked	0	232	9.72	4.43	26	4.2	1.86	9.28	1.2
25468	Pizza au chèvre et lardons, préemballée	Pizza, goat cheese and lardoons, prepacked	0	253	11.5	6.55	26.5	6.2	1.35	10.3	1.3
25472	Pizza aux légumes ou pizza 4 saisons, préemballée	Pizza, vegetables or (4 seasons), prepacked	0	206	7.78	2.78	25.1	4	2.43	7.58	1.06
25475	Sandwich baguette, jambon, oeuf, crudités, beurre	Sandwich, baguette, ham, hard-boiled egg, raw vegetables and butter	0	225	5.98	3.01	31.7	2.61	1.88	10.1	1.45
25476	Sandwich baguette, poulet crudités mayonnaise, fait maison	Sandwich, baguette, chicken, raw vegetables and mayonnaise, homemade	0	263	8.54	1.93	34.9	2.67	2.21	10.4	1.3
25477	Pizza champignons fromage, préemballée	Pizza, cheese and mushrooms, prepacked	0	213	8.93	3.3	24.2	2	1.8	8	1.13
25478	Pizza aux fromages, préemballée	Pizza, cheeses, prepacked	0	269	10.7	5.65	30.5	3.63	2.06	11.2	1.2
25485	Sandwich baguette, jambon emmental, préemballé	Sandwich, baguette, ham and emmental cheese, prepacked	0	284	12.9	7.1	27.9	2	3	12.7	1.54
25488	Sandwich baguette, saumon fumé beurre	Sandwich, baguette, smoked salmon and butter	0	268	5.6	2.49	41.7	2.71	2.4	11.5	1.89
25490	Sandwich baguette, thon maïs crudités, préemballé	Sandwich, baguette, tuna, sweet corn and raw vegetables, prepacked	0	193	6.03	1.02	23.9	2.83	3.93	8.87	1.02
25501	Sandwich panini, trois fromages	Sandwich, panini bread, three-cheese, toasted	0	294	14	8.9	25	0.6		17	1.6
25502	Burger au poulet, de restauration rapide	Chicken burger, from fast food	0	249	11	1.88	23.8	2.9	1.2	12.7	1.16
25503	Bouchée à la reine, au poisson et fruits de mer, faite maison	Vol-au-vent with fish and seafood, homemade	0	208	13.8	7.41	13.7	2.44	1.05	6.72	1.13
25506	Brochette mixte de viande	Mixed meat on skewer	0	208	13.8	2.51	1.02	1.01	0.33	19.7	0.61
25508	Feuilleté ou friand jambon fromage, fait maison	Ham and cheese puffed pastry, homemade	0	338	20.3	10.4	29.4	2.94	1.37	8.76	1.09
25509	Préparation à base de fromage(s) pour fondue savoyarde, préemballée	Savoy-style fondue cheese preparation (cheese, white wine …), prepacked	0	237	17.1	11.8	3.4	0.61	0.2	14.9	1.28
25510	Gnocchi à la pomme de terre, cuit	Gnocchi, from potato, cooked	0	178	2.05	0.26	34.1	1.1	1.75	5.01	1.01
25511	Légumes farcis (sauf tomate)	Stuffed vegetables (excluding tomato)	0	91.9	6.22	1.82	3.6	2.55	1.34	4.71	0.77
25512	Nuggets ou croquette panée de volaille, préemballé	Poultry nuggets, breaded croquette, prepacked	0	247	13.2	2.42	18	0.2	1.7	13.1	1.2
25513	Pan bagnat	Large round sandwich with lettuce, tuna, anchovy and black olives	0	205	6.48	0.98	27.8	3.2	1.98	7.95	1.03
25516	Pizza (aliment moyen)	Pizza (average)	0	234	8.88	4.06	27.4	3.64	2.12	10	1.21
25517	Sandwich baguette, jambon beurre, fait maison	Sandwich, baguette, ham and butter, homemade	0	285	10.5	6.16	35.1	2.38	1.92	11.6	1.78
25518	Sandwich baguette, camembert beurre, fait maison	Sandwich, baguette, camembert cheese and butter, homemade	0	341	16.7	10.4	34.8	2.21	1.92	11.9	1.72
25519	Sandwich baguette, pâté cornichons	Sandwich, baguette, pâté and pickles	0	304	13.9	6.12	33.5	2.52	1.99	10.1	1.8
25520	Sandwich baguette, saucisson beurre, fait maison	Sandwich, baguette, dry sausage and butter, homemade	0	374	19.4	9.41	35.2	2.21	1.92	13.7	2.71
25521	Sandwich baguette, jambon emmental beurre	Sandwich, baguette, ham, emmental cheese and butter	0	298	13.2	7.62	30.2	2.32	2.5	13.4	1.6
25522	Sandwich (aliment moyen)	Sandwich (average)	0	280	11.7	5.34	30.3	2.03	2.08	12.4	1.56
25523	Toasts ou canapés salés, garnitures diverses, préemballés	Canapés (savoury toasts with various toppings), prepacked	0	251	13.3	7.11	22.4	5.6	2.8	9.09	1.11
25524	Tomate à la provençale, fait maison	Provencal-style tomato (breaded tomatoes stuffed with garlic and parsley), home-made	0	75.7	4.32	0.94	6.55	2.71	2	1.65	0.47
25525	Sauce tomate cuisinée pour pizza	Tomato sauce for pizza	0	41.5	0.75	0.097	4.71	4.57	2.81	2.04	0.96
25528	Pissaladière, préemballée	Pizza, onion anchovy and black olives, prepacked	0	265	15.1	5.8	26.3	6.8	2.5	4.8	1.26
25529	Tarte à l'oignon, préemballée	Tart, onion, prepacked	0	280	17.2	7.5	23.5	5.63	1.9	7	0.87
25530	Sandwich baguette, crudités diverses mayonnaise	Sandwich, baguette, raw vegetables and mayonnaise	0	224	7.9	1.69	30.6	2.72	2.18	6.54	1.07
25531	Sandwich baguette, dinde crudités mayonnaise	Sandwich, baguette, turkey, raw vegetables and mayonnaise	0	257	8.82	1.94	31.2	2.27	1.86	12.4	1.1
25532	Sandwich baguette, oeuf crudités mayonnaise	Sandwich, baguette, egg, raw vegetables and mayonnaise	0	249	9.47	2.18	31.6	2.43	1.89	8.52	1.13
25533	Sandwich baguette, porc crudités mayonnaise	Sandwich, baguette, pork, raw vegetables and mayonnaise	0	272	10.6	2.61	31.2	2.38	1.86	12	1.1
25535	Sandwich baguette, merguez ketchup moutarde	Sandwich, baguette, merguez sausage, ketchup and mustard	0	289	11.4	5.2	32.7	2.98	1.81	13.1	2.12
25536	Sandwich baguette, salami beurre	Sandwich, baguette, salami and butter	0	381	21.4	9.65	33.9	2.04	1.82	12.5	2.76
25537	Carpaccio de saumon avec marinade, fait maison	Salmon carpaccio, with marinade, home-made	0	238	18.8	2.89	0.22		0.26	16.9	0.58
25538	Carpaccio de boeuf, avec marinade (huile, herbes, fromage), fait maison	Beef carpaccio, with marinade (oil, herbs, cheese), home-made	0	271	23	7.38	0.55	0.5	0.36	15.2	1.12
25539	Brochette de poisson	Fish on skewer	0	127	5.71	0.98	0.86	0.85	0.29	18	0.56
25540	Brochette de crevettes	Shrimps on skewer	0	140	7.38	0.93	1.6	0.81	0.7	16.4	1.92
25541	Brochette d'agneau	Lamb on skewer	0	137	7.93	3.03	2.54	1.57	1.29	13.2	0.38
25542	Croque-madame, fait maison	Toasted ham and cheese sandwich, topped with a fried egg, homemade	0	261	15.5	7.42	16.1	1.37	1.13	13.7	1.29
25543	Sandwich baguette (aliment moyen)	Sandwich baguette (average)	0	293	12.1	5.55	33.2	2.21	2.08	11.7	1.64
25546	Fromage pané au jambon, préemballé	Cheese with ham, breaded, prepacked	0	262	14.6	7.15	15.3	1.5	0	17.4	2.32
25547	Croque-monsieur, préemballé	Toasted ham and cheese sandwich, prepacked	0	253	11.4	5.48	26.1	2.84	1.98	10.6	1.58
25548	Pizza jambon fromage champignons ou pizza royale, reine ou regina, préemballée	Pizza, ham cheese and mushrooms (Regina), prepacked	0	208	6.89	2.95	25.9	3.44	2.23	9.5	1.23
25549	Crêpe ou galette béchamel et fromage, préemballée	Crepe or buckwheat pancake, filled with cheese and béchamel sauce, prepacked	0	150	6	2	17	3.08	1	6.5	0.95
25550	Flammenkueche ou tarte flambée aux lardons, préemballée	Flamed tart (thin-crusted onion tart with cream and lardoons), prepacked	0	300	14.8	6.27	31.8	4.15	1.7	8.81	1.64
25551	Beignet de viande, volaille ou poisson, fait maison, cuit	Meat, poultry or fish fritters, home-made, cooked	0	238	13.5	2.88	10	0.92	0.41	18.7	0.71
25552	Crêpe ou galette béchamel, jambon et fromage et champignon, préemballée	Crepe or buckwheat pancake, filled with cheese, ham, mushrooms and béchamel sauce, prepacked	0	144	6.3	1.91	14.7	2.23	1.11	6.56	0.76
25553	Tarte ou tourte aux poireaux, préemballée	Tart, leek, prepacked	0	229	13.3	7.96	20.9	2.27	2.12	5.29	0.97
25555	Tarte au saumon, préemballée	Tart, salmon, prepacked	0	251	13.2	7.51	24.2	2.81	0.9	8.41	0.85
25556	Beignet de légumes	Vegetable fritters	0	140	8	0.91	12.1	4.5	2	4	0.54
25557	Brick à l'oeuf, fait maison, cuit	Fritter, filled with eggs (filo pastry), home-made, cooked	0	255	18.1		12.3	1.6	0.5	10.4	1.35
25558	Samossa ou samoussa ou brick au boeuf, fait maison, cuit	Brick pastry with beef, home-made, cooked	0	342	17		33.5	3.2	6.8	10.4	3.76
25559	Brick à la pomme de terre, fait maison, cuit	Fritter, filled with potatoes (filo pastry), home-made, cooked	0	215	13.4		19.6	1.5	1.7	3.25	1
25560	Tourte au riesling (porc, riesling, champignons), préemballée	Pie (pork, riesling wine, mushrooms), prepacked	0	251	12.6	6.2	23.7	2.25	1.2	10.2	1.45
25561	Tarte à la tomate, préemballée	Tart, tomato, prepacked	0	225	11.6	6.7	23.4	4.75	1.65	6	0.83
25562	Crêpe ou galette complète (oeuf, jambon, fromage), préemballée	Crepe or buckwheat pancake, filled with egg, ham and cheese, prepacked	0	219	9.8	6.29	15.2	1.1	4.5	15.3	1.12
25564	Tarte aux noix de Saint-Jacques, préemballée	Tart, scallops tart, prepacked	0	222	11.5	5.93	21.7	2.33	1.35	7.2	1.06
25565	Yakitori (brochettes japonaises grillées en sauce)	Yakitori (grilled meat on skewers, Japanese-style, with sauce)	0	172	3.3	1.2	9.3	6.6	0.6	26	1.19
25566	Brochette de porc, crue	Pork on skewer, raw	0	131	6.5	2.4	2.1	1.1	1	15.6	0.81
25568	Pastilla au poulet, préemballée	Pastilla filled with chicken (pie), prepacked	0	218	12.2	1.75	14.1	3.85	1.5	12.3	1.5
25570	Pizza aux lardons, oignons et fromage, préemballée	Pizza, lardoons onions and cheese, prepacked	0	236	9.59	4.47	28.3	3.66	1.93	8.16	1.21
25571	Falafel ou boulette de pois-chiche et/ou fève, vente à emporter	Falafel, from take-away	0	252	14.4	1.5	18.7	1.4	7.7	8.25	1.6
25572	Crêpe ou galette aux noix de Saint-Jacques, préemballée	Crepe or buckwheat pancake, filled with scallops, prepacked	0	144	6.2	3.3	15.5	2.3	1	6.1	1.07
25573	Tarte ou quiche salée (aliment moyen)	Tart, savoury (average)	0	268	15.1	7.87	24.3	3.05	1.55	8.04	1.13
25575	Sandwich pain de mie complet, thon crudités, préemballé	Sandwich, club, wholemeal bread, tuna and raw vegetables, prepacked	0	207	7.28	0.98	24.3	2.8	3.2	9.48	1.15
25576	Sandwich pain de mie complet, jambon fromage, préemballé	Sandwich, club, wholemeal bread, ham and cheese, prepacked	0	240	10.5	3.03	23.8	2.95	2.7	11.2	1.72
25577	Sandwich pain de mie complet, poulet crudités, préemballé	Sandwich, club, wholemeal bread, chicken and raw vegetables, prepacked	0	199	7.4	0.88	23	3.11	3.1	8.75	1.15
25578	Feuilleté ou friand salé (aliment moyen)	Puff pastry, savoury (average)	0	311	18.2	10.1	27.5	2.86	1.63	8.43	1.4
25580	Bouchée à la reine, garnie (aliment moyen)	Vol-au-vent, filled (average)	0	252	16.3	8.53	19.1	2.52	1.35	6.42	1.2
25581	Crêpe ou galette béchamel et champignon, préemballée, cuite	Crepe or buckwheat pancake, filled with mushrooms and béchamel sauce, prepacked, cooked	0	172	7.7	2.48	18.5	3.16	3.4	5.5	0.76
25582	Nem ou pâté impérial, au poulet, préemballé, cuit	Egg roll or nem, with chicken, prepacked, cooked	0	197	8.1	1.25	20.9	1.9	3.3	8.06	1.19
25583	Nem ou pâté impérial, au porc, préemballé, cuit	Egg roll or nem, with pork, prepacked, cooked	0	237	12.7	3.07	22.6	1.9	2.4	6.88	1.14
25584	Nem ou pâté impérial, aux crevettes et/ou au crabe, préemballé, cuit	Egg roll or nem, with shrimp and/or crab, prepacked, cooked	0	213	9.2	1.13	23.7	2.4	2.7	7.44	1.2
25585	Brochette de boeuf, cuite	Beef on skewer, cooked	0	136	5.2	1.8	0.33		0	21.9	0.86
25586	Brochette de volaille, cuite	Poultry on skewer, cooked	0	134	4	1.02	1.39		0	23.1	0.75
25587	Parmentier de canard, préemballé, cuit	Shepherd's pie with duck, prepacked, cooked	0	168	10.2	4.7	10.5	1.7	1.2	7	0.74
25588	Gratin de légumes en sauce blanche type béchamel, préemballé, cuit	Vegetables au gratin in bechamel sauce, prepacked, cooked	0	105	6.5	3.48	6.74	3.2	1	3.64	0.64
25589	Boulette végétale au soja et/ou blé, préemballée	Plant-based ball with wheat and/or soybean, prepacked	0	211	10.6	1.11	7.98	3.47	5.45	17.6	1.51
25590	Falafel ou boulette de pois-chiche et/ou fève, préemballé	Falafel, prepacked	0	211	10.8	1.28	17.7	3.57	6	7.38	0.87
25591	Galette ou pavé aux lentilles, soja et légumes, préemballé	Plant-based burger or steak from lentil, soybean and vegetables, prepacked	0	170	5.6	0.75	16.7	2.77	4.76	9.71	0.85
25592	Galette ou pavé au blé (seitan) et légumes, préemballé	Plant-based burger or steak from wheat (seitan) and vegetables, prepacked	0	208	7.1	0.73	20.8	3.97	3.1	12.5	1
25593	Galette ou pavé au blé et soja (convient aux véganes ou végétaliens), préemballé	Plant-based burger or steak from wheat and soybean (vegan), prepacked	0	215	11	1.04	8.15	1.87	6.03	16	1.3
25594	Galette ou pavé au blé et soja (ne convient pas aux véganes ou végétaliens), préemballé	Plant-based burger or steak from wheat and soybean (not vegan), prepacked	0	201	10.2	1.07	13.3	2.62	5.36	10.2	1.14
25595	Galette ou pavé au soja et fromage, préemballé	Plant-based burger or steak from soybean and cheese, prepacked	0	204	12	4.63	6.08	0.75	1.8	16.8	1.07
25596	Galette ou pavé au soja et légumes, préemballé	Plant-based burger or steak from soybean and vegetables, prepacked	0	175	8.1	1.04	8.36	3.45	4.97	13.1	0.93
25597	Galette ou pavé au soja, fromage et légumes, préemballé	Plant-based burger or steak from soybean, cheese and vegetables, prepacked	0	180	9.1	2.36	7.72	2.03	2.83	15.1	0.97
25598	Seitan, préemballé	Seitan, prepacked	0	134	2.5	0.38	6.74	0.81	0.9	20.6	1.13
25599	Sandwich pain de mie complet, jambon, préemballé	Sandwich, club, wholemeal bread, ham, prepacked	0	246	10.5	4.43	26.3	3.56	2.7	10.1	1.77
25600	Salade de céleri rémoulade, préemballée	Celeriac salad, with remoulade sauce, prepacked	0	114	10.2	0.94	3.14	1.8	2.2	0.94	1.17
25601	Salade de thon et légumes, appertisée	Tuna salad, with vegetables, canned	0	117	4.7	0.56	8.13	3.63	2.7	9.15	1.11
25602	Salade composée avec viande ou poisson, appertisée	Mixed salad, with meat/fish, canned	0	110	5.3	0.3	6.4	1.9	2	8.06	0.95
25604	Salade verte, crue, sans assaisonnement	Green salad, raw, without seasoning	0	13.5	0.1	0.028	1.5	0.83	1.3	1.01	0.046
25605	Champignons à la grecque, préemballés	Greek-style marinated mushrooms, prepacked	0	76.3	5.47	0.4	3.53	2.33	2.35	2.07	1.17
25606	Salade de pommes de terre, faite maison	Potato salad, homemade	0	127	8.2	1.43	9.9		1.3	2.68	1.32
25608	Taboulé ou salade de semoule aux légumes, préemballé	Tabbouleh or couscous salad, with vegetables, prepacked	0	179	6.7	0.67	23.7	4.9	2.5	4.88	1
25609	Salade de pomme de terre à la piémontaise, préemballée	Potato salad, piémontaise-style, prepacked	0	130	8.3	0.82	8.87	1.2	0	4.5	1.08
25610	Salade de museau de boeuf, avec sauce, préemballée	Salad of ox muzzle, with sauce, prepacked	0	118	7.6	1.1	0.8	0.6	0	11.7	2.04
25614	Salade de riz, appertisée	Rice salad, canned	0	127	4.35	0.53	16.1	1	1.7	5.13	1.1
25615	Salade de pâtes au fromage et légumes, avec sauce	Pasta salad, vegetarian, with sauce	0	119	4.8	1.4	13.7	2.1	1.7	4.4	0.74
25616	Crudité, sans assaisonnement (aliment moyen)	Raw vegetables, without dressing (average)	0	27.7	1.15	0.23	3.06	2.49	1.55	0.91	0.033
25619	Salade de pâtes aux légumes et poisson ou viande, avec sauce, préemballée	Pasta salad, with vegetable and meat/fish, with sauce, prepacked	0	160	8.24	1.59	14.2	1.59	1.96	6.24	0.89
25620	Guacamole, préemballé	Guacamole, prepacked	0	191	17.2	3.73	4.64	2.3	4.84	1.82	1.08
25621	Houmous, préemballé	Hummus, prepacked	0	258	19.9	2.02	9	1.66	5.18	8.06	1.08
25623	Tarte au maroilles ou flamiche au maroilles, préemballée	Tart (flamiche), Maroilles cheese, prepacked	0	318	18.3	12.8	23	2.8	2.5	14	1.66
25624	Caviar d'aubergine, préemballé	Aubergine caviar, prepacked	0	154	13.8	1.23	4.4	2.7	3.63	1.28	1.17
25625	Crêpe ou galette au poisson et / ou fruits de mer, préemballée	Crepe or buckwheat crepe, filled with fish and/or seafood, prepacked	0	190	11	7.5	15	3	1.5	7	1.18
25626	Macédoine de légumes en salade, avec sauce, préemballée	Mixed diced vegetables salad, with sauce, prepacked	0	129	10.7	0.78	3.47	1.56	4	2.5	0.99
25628	Salade César au poulet (salade verte, fromage, croûtons, sauce), préemballée	Caesar's salad (salad, chicken, croûtons, sauce), prepacked	0	151	10	2.36	4.88	1.71	2	8.13	0.75
25629	Salade végétarienne à base de boulgour et/ou quinoa et légumes, préemballée	Salad, veggie, bulgur and/or quinoa-based, with vegetables, prepacked	0	168	8.3	0.92	17.4	4.61	3.3	3.79	0.77
25632	Sandwich baguette, thon crudités mayonnaise, vente à emporter	Sandwich, baguette, tuna, raw vegetables and mayonnaise, from fast food	0	232	8.5	0.85	28.8	2.27	1.8	9.31	1.19
25633	Sandwich baguette, jambon beurre, vente à emporter	Sandwich, baguette, ham and butter, takeaway	0	254	6	2.69	38.8	2.07	1.4	10.4	1.5
25634	Sandwich baguette, jambon emmental, vente à emporter	Sandwich, baguette, ham and emmental cheese, takeaway	0	263	8.2	4.46	34.5	2.42	1.2	12	1.43
25635	Lasagnes ou cannellonis au fromage et aux épinards, préemballés	Lasagna or cannelloni with goat cheese and spinach, prepacked	0	133	6.6	3.1	11.4	3.5	1.87	6.1	0.99
25638	Sandwich baguette, poulet crudités mayonnaise, vente à emporter	Sandwich, baguette, chicken, raw vegetables and mayonnaise, takeaway	0	223	6.7	1.17	29.7	2.8	1.3	10.3	1.16
25639	Sandwich baguette, saucisson beurre, vente à emporter	Sandwich, baguette, dry sausage and butter, takeaway	0	293	11.3	5.11	36.9	1.93	1.2	10.4	2.01
25640	Sandwich baguette, camembert beurre, vente à emporter	Sandwich, baguette, camembert cheese and butter, takeaway	0	303	13.7	7.62	32.9	1.26	1.4	11.4	1.35
25641	Sandwich pain de mie complet, saucisson ou rosette, préemballé	Sandwich, club, wholemeal bread, dry sausage, prepacked	0	336	19.5	9.22	26.3	2.73	3.46	11.9	2.21
25642	Salade de céleri et carotte rémoulade, préemballée	Grated celeriac and carrot salad, with remoulade sauce, prepacked	0	79.6	5.33	0.36	5.43	3.63	3	1	0.83
25643	Burger au poulet, préemballé	Chicken burger, prepacked	0	230	8.43	3.57	25.2	3.33	1.98	12.4	1.55
25644	Cheeseburger, préemballé	Cheeseburger, prepacked	0	265	13	5.24	22.7	4.55	1.47	13.6	1.21
25645	Sandwich pain de mie complet, bacon crudités, préemballé	Sandwich, club, wholemeal bread, bacon and raw vegetables, prepacked	0	257	12.4	2.22	25.8	3.16	2.58	9.28	1.39
25646	Wrap végétarien fromage crudités	Sandwich, wrap, vegetarian	0	246	13.8	4.68	19.5	3.18	3.67	9.28	0.9
25647	Wrap poulet crudités	Sandwich, wrap, chicken and raw vegetables	0	222	9.22	1.68	23.6	2.19	2.87	9.57	1.18
25648	Wrap jambon crudités	Sandwich, wrap, ham and raw vegetables	0	234	10.4	2.38	25.2	2.25	3.07	8.55	1.37
25649	Crêpe ou galette chèvre, lardon, préemballée	Crepe or buckwheat pancake, filled with lardoons and goat cheese, prepacked	0	196	10.6	5.68	16.3	1.13	1.63	8.08	1.17
25650	Sandwich pain de mie complet, thon oeuf crudités, préemballé	Sandwich, club, wholemeal bread, tuna, egg and raw vegetables, prepacked	0	196	6.65	1.03	23.1	2.68	2.64	9.78	1.09
25651	Sandwich pain de mie complet, saumon fumé, préemballé	Sandwich, club, wholemeal bread, smoked salmon, prepacked	0	206	7.69	1.47	24.1	2.93	2.68	8.63	1.53
25652	Sandwich pain de mie complet, jambon oeuf crudités, préemballé	Sandwich, club, wholemeal bread, ham, egg and raw vegetables, prepacked	0	213	7.65	1.28	25.6	2.85	3.2	8.97	1.45
25653	Sandwich pain de mie complet, jambon fromage crudités, préemballé	Sandwich, club, wholemeal bread, ham, cheese and raw vegetables, prepacked	0	227	9.92	2.87	22.9	3.27	3.38	9.81	1.52
25654	Sandwich pain de mie complet, jambon crudités, préemballé	Sandwich, club, wholemeal bread, ham and raw vegetables, prepacked	0	197	7.58	1.36	22.4	3.38	2.66	8.51	1.59
25655	Sandwich pain viennois, jambon oeuf crudités, préemballé	Sandwich, Viennese bread, ham, egg and raw vegetables, prepacked	0	236	9.77	1.37	26.6	4.59	2.2	9.16	1.38
25656	Sandwich pain viennois, thon oeuf crudités, préemballé	Sandwich, Viennese bread, tuna, egg and raw vegetables, prepacked	0	229	8.73	0.96	26.6	3.88	2.5	9.74	1.07
25657	Sandwich pain viennois, poulet oeuf crudités, préemballé	Sandwich, Viennese bread, chicken, egg and raw vegetables, prepacked	0	218	7.32	0.86	27	3.92	2.33	9.94	1.08
25658	Sandwich pain viennois, poulet crudités, préemballé	Sandwich, Viennese bread, chicken and raw vegetables, prepacked	0	234	9.28	1.04	26.4	4.16	2.2	10.1	1.11
25659	Sandwich pain polaire, poulet crudités, préemballé	Sandwich, polar bread, chicken and raw vegetables, prepacked	0	218	7.01	0.91	28.1	5.14	1.9	9.81	1.18
25660	Sandwich pain polaire, saumon, préemballé	Sandwich, polar bread, salmon, prepacked	0	238	9.05	2.7	27.2	4.65	2.25	10.7	1.35
25661	Sandwich pain polaire, jambon fromage, préemballé	Sandwich, polar bread, ham and cheese, prepacked	0	266	12.3	6.12	27.2	5.31	2.27	10.5	1.71
25662	Sandwich pain de mie complet, poulet, préemballé	Sandwich, club, wholemeal bread, chicken, prepacked	0	229	8.5	1.02	25.3	3.07	3.43	11.2	1.43
25663	Sandwich baguette, poulet crudités, préemballé	Sandwich, baguette, chicken, raw vegetables, prepacked	0	216	7	0.76	28.2	2.8	2.17	9	1.48
25664	Salade de pomme de terre au thon, préemballée	Potato salad, with tuna, prepacked	0	124	7.7	1	8.13	0.73		5.57	0.86
25665	Salade de pomme de terre à la saucisse, préemballée	Potato salad, with sausage, prepacked	0	156	11.6	2.13	8.75	0.9	2.1	3.08	1.28
25666	Salade composée à base de crudités, charcuterie et fromage, avec sauce, préemballée	Mixed salad with raw vegetables, cold meat and cheese, with sauce, prepacked	0	153	10.9	3.29	4.96	2.63	2.43	7.45	0.86
25667	Salade composée à base de crudités et produits de la mer, avec sauce, préemballée	Mixed salad with raw vegetables and fish products, with sauce, prepacked	0	120	7.5	0.68	7.58	2.5	1.6	4.78	0.7
25668	Salade composée à base de crudités, oeuf et produits de la mer, avec sauce, préemballée	Mixed salad with raw vegetables, egg and fish products, with sauce, prepacked	0	108	7.57	1	3.77	2.04	2.8	4.76	0.53
25669	Salade composée à base de crudités, poulet et fromage, avec sauce, préemballée	Mixed salad with raw vegetables, chicken and cheese, with sauce, prepacked	0	150	10.8	2.44	5.28	1.69	1.57	7.13	0.64
25670	Salade composée à base de crudités et poulet, avec sauce, préemballée	Mixed salad with raw vegetables and chicken, with sauce, prepacked	0	88	5.35	0.75	4.28	2.85	3.1	4.13	0.41
25671	Pizza au chèvre, préemballée	Pizza, goat cheese, prepacked	0	241	9.86	5.2	27.1	4.63	2.2	9.95	1.16
25674	Nem ou pâté impérial, préemballé, cuit (aliment moyen)	Egg roll or nem, prepacked, cooked (average)	0	216	10	1.83	22.4	2.07	2.8	7.45	1.18
25900	Soupe aux lentilles, préemballée à réchauffer	Soup, lentil, prepacked, to be reheated	0	63.3	1.87	0.91	7.64	0.96	1.59	3.19	0.52
25901	Soupe à la volaille et aux légumes, préemballée à réchauffer	Soup, chicken and vegetables, prepacked, to be reheated	0	30.8	0.8	0.3	2.6	1.2	0.4	3.09	1.75
25903	Soupe aux légumes variés, préemballée à réchauffer	Soup, mixed vegetables, prepacked, to be reheated	0	36.8	1.45	0.58	4.5	1.63	1.23	0.84	0.63
25904	Soupe de poissons et/ou crustacés, préemballée à réchauffer	Soup, fish and/or crustacean, prepacked, to be reheated	0	50	2.35	0.78	2.71	0.86	0.8	4.11	0.91
25905	Soupe aux légumes variés, déshydratée reconstituée	Soup, mixed vegetables, dehydrated and reconstituted	0	35.5	0.91	0.47	5.7	1.41	0.74	0.76	0.69
25907	Soupe aux poireaux et pommes de terre, préemballée à réchauffer	Soup, leek and potato, prepacked, to be reheated	0	37.1	1.25	0.68	5.12	1.17	0.88	0.91	0.62
25908	Soupe à la volaille et aux vermicelles, préemballée à réchauffer	Soup, chicken and vermicelli, prepacked, to be reheated	0	23.2	0.56	0.16	3.28	0.74	0.25	1.24	0.75
25909	Bouillon de viande et légumes type pot-au-feu, prêt à consommer	Broth or stock, meat and vegetables, dehydrated and reconstituted	0	5.76	0.3	0.13	0.24	0	0	0.53	0.82
25910	Soupe à l'oignon, préemballée à réchauffer	Soup, onion, prepacked, to be reheated	0	60.8	3.83	2.03	4.26	2.65	1.38	1.64	0.7
25912	Soupe aux champignons, préemballée à réchauffer	Soup, mushroom, prepacked, to be reheated	0	40.3	2.12	1.16	4.1	0.71	0.61	0.94	0.73
25913	Soupe à la carotte, préemballée à réchauffer	Soup, carrots, prepacked, to be reheated	0	35.8	1.61	1.05	4.03	1.81	1.26	0.68	0.64
25914	Soupe à la tomate, préemballée à réchauffer	Soup, tomato, prepacked, to be reheated	0	36.2	0.88	0.32	5.88	2.99	0.95	0.76	0.63
25915	Soupe chorba frik, à base de viande et de frik	Soup, chorba frik, with meat and frik	0	62.9	2.5		5.4	0.9	1.9	3.75	0.84
25916	Soupe minestrone, préemballée à réchauffer	Soup, minestrone, prepacked, to be reheated	0	46.5	1.93	0.18	4.97	1.53	1.65	1.51	0.61
25917	Soupe au pistou, déshydratée reconstituée	Soup, pistou, dehydrated and reconstituted	0	27	0.28	0.023	4.77	0.92	0.69	1.01	0.69
25919	Soupe de poissons et/ou crustacés, déshydratée reconstituée	Soup, fish and/or crustacean, dehydrated and reconstituted	0	40.9	1.54	0.7	5.66	1.12	0.39	0.91	0.77
25923	Soupe asiatique, avec pâtes, déshydratée reconstituée	Soup, Asian-style with noodles, dehydrated and reconstituted	0	38.4	1.14	0.47	5.69	1.17	0.47	1.12	0.75
25924	Soupe marocaine, déshydratée reconstituée	Soup, Moroccan, dehydrated and reconstituted	0	39.9	0.46	0.13	6.43	1.34	1.03	2.07	0.7
25925	Soupe aux poireaux et pommes de terre, déshydratée reconstituée	Soup, leek and potato, dehydrated and reconstituted	0	36.2	1.4	0.73	4.93	0.88	0.45	0.76	0.76
25928	Soupe à la volaille et aux légumes, déshydratée reconstituée	Soup, chicken and vegetables, dehydrated and reconstituted	0	27.3	0.44	0.17	4.58	0.55	0.51	0.99	0.73
25930	Bouillon de boeuf, déshydraté reconstitué	Broth or stock, beef, dehydrated and reconstituted	0	6.14	0.15	0.057	0.36	0	0	0.85	0.33
25932	Soupe aux asperges, déshydratée reconstituée	Soup, asparagus, dehydrated and reconstituted	0	37.4	1.34	0.63	5.38	1.19	0.36	0.79	0.78
25933	Soupe à la tomate et aux vermicelles, préemballée à réchauffer	Soup, tomato and vermicelli, prepacked, to be reheated	0	38	0.77	0.3	6.09	2.12	1.01	1.2	0.7
25934	Soupe aux céréales et aux légumes, déshydratée reconstituée	Soup, cereals and vegetables, dehydrated and reconstituted	0	47.8	1.4	0.8	6.8	1.2	1.2	1.4	0.78
25935	Soupe à la tomate, déshydratée reconstituée	Soup, tomato, dehydrated and reconstituted	0	39.6	0.98	0.54	6.45	2.65	0.72	0.98	0.69
25936	Soupe aux champignons, déshydratée reconstituée	Soup, mushroom, dehydrated and reconstituted	0	37.7	1.67	0.83	4.86	0.53	0.33	0.66	0.68
25942	Soupe à l'oignon, déshydratée reconstituée	Soup, onion, dehydrated and reconstituted	0	19.4	0.38	0.14	3.36	0.99	0.34	0.5	0.69
25945	Soupe au potiron, préemballée à réchauffer	Soup, pumpkin, prepacked, to be reheated	0	36.2	1.51	1.01	4.48	2.15	0.99	0.66	0.62
25947	Bouillon de volaille, déshydraté reconstitué	Broth or stock, poultry, dehydrated and reconstituted	0	7.19	0.13	0.13	0.28	0	0	1.23	0.51
25948	Bouillon de légumes, déshydraté reconstitué	Broth or stock, vegetables, dehydrated and reconstituted	0	4.78	0.16	0.14	0.51	0.19	0	0.34	0.61
25949	Soupe à la tomate et aux vermicelles, déshydratée reconstituée	Soup, tomato and vermicelli, dehydrated and reconstituted	0	27.7	0.29	0.073	5.36	1.38	0.33	0.8	0.72
25950	Soupe à la volaille et aux vermicelles, déshydratée reconstituée	Soup, chicken and vermicelli, dehydrated and reconstituted	0	21.2	0.24	0.096	3.85	0.56	0.32	0.78	0.79
25953	Soupe au pistou, préemballée à réchauffer	Soup, pistou, prepacked, to be reheated	0	52.6	2.8	0.55	3.94	1.28	2.06	1.88	0.53
25954	Soupe au potiron, déshydratée reconstituée	Soup, pumpkin, dehydrated and reconstituted	0	36.1	1.32	0.74	4.95	2	0.81	0.72	0.59
25955	Soupe asiatique, avec pâtes, préemballée à réchauffer	Soup, Asian-style with noodles, prepacked, to be reheated	0	33.5	1.23	0.2	4.06	0.59	0.52	1.3	0.9
25956	Soupe minestrone, déshydratée reconstituée	Soup, minestrone, dehydrated and reconstituted	0	32.4	0.44	0.029	5.56	1.25	1.01	1.11	0.68
25957	Soupe au cresson, déshydratée reconstituée	Soup, watercress, dehydrated and reconstituted	0	25.1	0.8	0.42	3.95	0.31	0.19	0.42	0.77
25958	Soupe au cresson, préemballée à réchauffer	Soup, watercress, prepacked, to be reheated	0	34	0.8	0.5	5.4	0.9	0.6	1	0.78
25962	Soupe aux légumes avec fromage, préemballée à réchauffer	Soup, vegetables with cheese, prepacked, to be reheated	0	46.3	2.26	1.3	4.77	1.57	0.92	1.26	0.64
25963	Soupe aux légumes verts, préemballée à réchauffer	Soup, green vegetables, prepacked, to be reheated	0	35	1.38	0.71	3.96	1.06	1.16	1.13	0.61
25964	Soupe aux légumes verts, déshydratée reconstituée	Soup, green vegetables, dehydrated and reconstituted	0	32	1.05	0.57	4.84	0.62	0.48	0.63	0.65
25965	Soupe aux pois cassés, préemballée à réchauffer	Soup, split peas, prepacked, to be reheated	0	48.8	1.47	0.33	5.69	0.81	1.47	2.47	0.57
25967	Soupe froide type gaspacho ou gazpacho, préemballée	Soup, gazpacho type, cold, prepacked	0	40.2	2.33	0.38	3.21	2.7	1.07	0.81	0.7
25968	Soupe aux asperges, préemballée à réchauffer	Soup, asparagus, prepacked, to be reheated	0	57.6	3.8	2.29	3.8	1.02	1.05	1.54	0.67
25969	Soupe (aliment moyen)	Soup (average)	0	39.5	1.42	0.6	4.81	1.61	0.94	1.42	0.71
25970	Bouillon de viande et légumes type pot-au-feu, non dégraissé, déshydraté	Broth or stock, meat and vegetables, with fat, dehydrated	0	212	5.4	1.4	28.9	2.8	0	11.6	48.4
25971	Bouillon de viande et légumes type pot-au-feu, dégraissé, déshydraté	Broth or stock, meat and vegetables, defatted, dehydrated	0	197	3.1	1.08	30.9	2.2	0	10.8	48.2
25972	Soupe miso, déshydratée reconstituée	Soup, miso, dehydrated, reconstituted	0	16.5	0.34	0.05	2.37	0.86	0.098	1.24	1
25973	Soupe aux légumes et aux vermicelles, déshydratée reconstituée	Soup, vegetables and vermicelli, dehydrated and reconstituted	0	35.6	0.77	0.33	6.19	1.07	0.33	0.8	0.71
25974	Soupe aux légumes et aux vermicelles, préemballée à réchauffer	Soup, vegetables and vermicelli, prepacked, to be reheated	0	37	1.01	0.43	5.4	1.76	1.01	1.07	0.71
25975	Soupe au boeuf et aux vermicelles, déshydratée reconstituée	Soup, beef and vermicelli, dehydrated and reconstituted	0	22.6	0.15	0.014	4.29	0.67	0.28	0.87	0.71
25976	Soupe asiatique, avec poulet et pâtes, préemballée à réchauffer	Soup, Asian-style with chicken and noodles, prepacked, to be reheated	0	67.6	2.75	2.03	6.3	1.61	0.94	3.96	0.78
25990	Mahi-mahi, chair, cuit	Mahimahi, flesh, cooked	0	109	0.9	0.24	1.47	0	0	23.7	0.28
25991	Mahi-mahi, chair, cru	Mahimahi, flesh, raw	0	84.9	0.7	0.19	1.15	0	0	18.5	0.22
25992	Saumon fumé, aux cinq baies	Salmon, smoked, with spices	0	199	11.4	2.39	1.44	0.56	0	22.6	2.89
25993	Saumon fumé, à l'aneth et au citron	Salmon, smoked, marinated with dill and lemon	0	201	12.8	1.93	0.37	0.37	0	21.2	2.67
25994	Maquereau, filet grillé, appertisé, en sauce, égoutté	Mackerel, grilled filet, canned in sauce, drained	0	259	19.7	4.02	0.96	0.78	0.6	18.8	0.92
25996	Saumon, cuit, sans précision (aliment moyen)	Salmon, cooked (average)	0	205	12.2	2.48	0.61	0	0	23.2	0.13
25997	Cabillaud, cuit, sans précision (aliment moyen)	Cod, cooked (average)	0	100	0.76	0.17	0	0	0	23.3	0.2
25998	Hareng fumé, doux	Atlantic herring, smoked	0	163	9.9	2.24	0.44	0.24	0	18.1	3.78
25999	Anchois, filets, roulés aux câpres, salés, à l'huile, semi-conserve, égouttés	Anchovy, fillets, rolled with capers, salted, in oil, semi-preserved, drained	0	195	10.6	1.5	1.56		0.98	22.9	13.9
26000	Anchois, filets, marinés à l'huile, semi-conserve, égouttés	Anchovy, fillets, marinated in oil, semi-preserved, drained	0	167	9.08	1.69	0.47	0	0	20.6	2.52
26001	Bar rayé ou bar d'Amérique, cru	American bass, raw	0	113	3.58	0.76	0	0	0	20.3	0.19
26002	Carrelet ou plie ou plie commune, pané, frit	European plaice, breaded, fried	0	271	16.8	2	15.2	0	1	14.3	0.59
26003	Carrelet ou plie ou plie commune, cuit à la vapeur	European plaice, steamed	0	93	1.89	0.22	0	0	0	19	
26004	Oeufs de lompe ou oeufs de lump, semi-conserve	Lump roe, semi-preserved	0	77.8	3.48	1.28	1.01	0.17	0.4	10.4	4.56
26005	Caviar, semi-conserve	Caviar, semi-preserved	0	254	17.1	3.21	0	0	0	25	
26006	Lieu ou colin d'Alaska, cru	Alaska pollock, raw	0	72.6	0.61	0.015	0.51	0	0	16.3	0.48
26008	Églefin, cuit à la vapeur	Haddock, steamed	0	89	0.6	0.1	0	0	0	20.9	0.18
26009	Flétan de l'Atlantique ou flétan, cru	Atlantic halibut, raw	0	96.5	1.31	0.24	0	0	0	21.2	0.15
26010	Hareng mariné ou rollmops, préemballé	Atlantic herring, marinated, or rollmops, prepacked	0	189	13.8	1.98	1.95	0.88	0	13.7	2.18
26011	Hareng, cru	Atlantic herring, raw	0	176	11.7	2.82	0	0	0	17.7	0.22
26012	Hareng, frit	Atlantic herring, fried	0	201	12.1	3.51	0	0	0	23	
26013	Hareng fumé, au naturel	Atlantic herring, smoked, canned in brine	0	167	11	2.76	0.5	0	0	16.5	3.98
26014	Hareng, grillé/poêlé	Atlantic herring, grilled/pan-fried without added fat	0	193	11.4	2.48	1	0	0	21.6	0.34
26015	Lieu noir, cuit	Saithe, cooked	0	99.7	0.81	0.29	0	0	0	23.1	0.25
26016	Limande-sole, panée, frite	Lemon sole, breaded, fried	0	206	10.2	1.3	11.9	1	0	16.7	0.69
26017	Limande-sole, cuite à la vapeur	Lemon sole, steamed	0	97.7	2.27	0.12	1.9	0	0	17.4	0.3
26018	Lotte ou baudroie, crue	Anglerfish, raw	0	67	0.74	0.18	0	0	0	15.1	0.19
26019	Maquereau, rôti/cuit au four	Mackerel, roasted/baked	0	228	15.8	4.44	0	0	0	21.5	0.21
26020	Maquereau, frit	Mackerel, fried	0	186	10.2	2.96	0	0	0	23.6	0.21
26021	Merlan, frit	Whiting, fried	0	127	3.61	0.94	0.55	0	0	23.1	0.43
26022	Merlan, cuit à la vapeur	Whiting, steamed	0	98.3	0.7	0.13	0	0	0	23	0.28
26023	Cabillaud, rôti/cuit au four	Cod, roasted/baked	0	94.6	0.6	0.19	0	0	0	22.3	0.23
26024	Morue, salée, bouillie/cuite à l'eau	Cod, salted, boiled/cooked in water	0	113	1.01	0.13	0	0	0	26	5.8
26025	Cabillaud, cuit à la vapeur	Cod, steamed	0	106	0.95	0.16	0	0	0	24.5	0.16
26026	Mulet, rôti/cuit au four	Mullet, roasted/baked	0	143	4.86	1.43	0	0	0	24.8	0.18
26027	Pilchard, sauce tomate, appertisé, égoutté	Pilchard, in tomato sauce, canned, drained	0	157	11	3	1.5	1	0	13	1
26028	Nuggets ou croquette panée de poisson, préemballé	Fish nuggets, breaded croquette, prepacked	0	255	13.7	2.45	18.4	1.07	2.5	13.2	1.04
26029	Poisson pané, surgelé, cru	Fish, breaded, frozen, raw	0	163	6.14	1.3	15.6	2.2	0.9	11	0.69
26030	Poisson pané, frit	Fish, breaded, fried, prepacked	0	194	10	2.15	13.5	0.37	0.8	11.9	0.84
26031	Raie, rôtie/cuite au four	Ray, roasted/baked	0	96.3	0.5	0.096	0	0	0	23	0.38
26033	Roussette ou petite roussette ou saumonette, cuite	Nursehound or lesser spotted dogfish, cooked	0	104	0.29		0	0	0	25.4	0.2
26034	Sardine, à l'huile, appertisée, égouttée	European pilchard or sardine, in oil, canned, drained	0	217	13.7	3.06	0.31	0	0	23.3	0.88
26035	Sardine, sauce tomate, appertisée, égouttée	European pilchard or sardine, in tomato sauce, canned, drained	0	194	11.6	3.04	1.83	0.5	1	20.2	0.7
26036	Saumon, élevage, cru	Salmon, raw, farmed	0	193	12.4	2.15	0	0	0	20.5	0.16
26037	Saumon fumé	Salmon, smoked	0	184	10.5	1.81	0.13	0.13	0.26	22.2	2.86
26038	Saumon, cuit à la vapeur	Salmon, steamed	0	199	11.5	2.39	0.9	0	0	23	0.13
26039	Thon, au naturel, appertisé, égoutté	Tuna, canned in brine, drained	0	143	3.94	1.01	0	0	0	26.8	0.74
26040	Sardine, à l'huile d'olive, appertisée, égouttée	European pilchard or sardine, in olive oil, canned, drained	0	224	14.5	3.07	0.11	0	0	23.3	0.79
26041	Thon, rôti/cuit au four	Tuna, roasted/baked	0	136	1.83	1	0	0	0	29.9	0.14
26042	Turbot, sauvage, cru	Turbot, wild, raw	0	91.5	2.54	0.71	0	0	0	17.2	0.24
26043	Cabillaud, cru	Cod, raw	0	77.4	0.57	0.1	0	0	0	18.1	0.23
26044	Merlu, cru	European hake, raw	0	82.6	1.35	0.22	0	0	0	17.6	0.22
26046	Surimi, bâtonnets, tranche ou râpé saveur crabe	Surimi, on sticks, in slices or grated, crab flavour	0	117	4.33	0.41	11.8	2.71	0.73	7.54	1.77
26047	Lieu noir, surgelé, cru	Saithe, frozen, raw	0	82.4	0.37	0.074	0	0	0	19.8	0.2
26048	Merlu, filet, surgelé, cru	Hake, fillet, frozen, raw	0	88.8	2.4	0.6	1.7	0	0	15.1	0.53
26051	Maquereau, cru	Mackerel, raw	0	198	13.5	3.22	0.93	0	0	18.1	0.16
26052	Raie, crue	Ray, raw	0	91.9	0.47	0.12	0.5	0	0	21.4	0.35
26053	Thon, cru	Tuna, raw	0	155	5.38	1	2.72	0	0	24	0.12
26055	Carrelet ou plie ou plie commune, cru	European plaice, raw	0	88.6	0.94	0.2	0	0	0	20	0.2
26056	Oeufs de cabillaud, fumés, semi-conserve	Cod roe, smoked, semi-preserved	0	154	4.2	0.56	0.1		0	29	2.04
26057	Limande, crue	Common dab, raw	0	80.8	0.85	0.16	0	0	0	18.3	0.28
26058	Sole, crue	Common sole, raw	0	77.3	0.6	0.13	0	0	0	18	0.19
26059	Sole, cuite à la vapeur	Common sole, steamed	0	94.6	1.48	0.2	0	0	0	20.3	0.41
26060	Sole, rôtie/cuite au four	Common sole, roasted/baked	0	78.2	1.69	0.31	0	0	0	15.7	0.29
26061	Sole, bouillie/cuite à l'eau	Common sole, boiled/cooked in water	0	69	1	0.2	0	0	0	15	0.21
26062	Sole, frite	Common sole, fried	0	72.2	1	0.2	0	0	0	15.8	0.36
26063	Rascasse ou rascasse de profondeur, crue	Spiny scorpionfish, raw	0	87.6	1.33	0.34	0	0	0	18.9	
26064	Thon albacore, cru	Yellowfin tuna, raw	0	112	0.94	0.17	1	0	0	25	0.11
26065	Sardine, crue	European pilchard or sardine, raw	0	160	9.17	2.66	0	0	0	19.5	0.22
26068	Thon listao ou bonite à ventre rayé, cru	Skipjack tuna, raw	0	97.1	1.01	0.33	0	0	0	22	0.093
26069	Thon rouge, cru	Atlantic bluefin tuna, raw	0	157	6.81	1.26	0.59	0	0	23.3	0.098
26072	Bar commun ou loup, cru	European bass, raw	0	86.1	0.7	0.2	0.9	0	0	19.1	0.23
26073	Raie, cuite au court-bouillon	Ray, cooked in an aromatic stock	0	97.8	0.57	0.12	0	0	0	23.2	0.4
26074	Roussette ou petite roussette ou saumonette, crue	Nursehound or lesser spotted dogfish, raw	0	97.8	0.5	0.11	0	0	0	23.3	0.31
26075	Loup de l'Atlantique, cru	Atlantic bass, raw	0	89.9	2.61	0.49	0	0	0	16.6	0.25
26076	Thon germon ou thon blanc, cru	Albacore, raw	0	121	1.37	0.26	0	0	0	27.2	0.29
26077	Thon germon ou thon blanc, cuit à la vapeur sous pression	Albacore, steamed under pressure	0	165	5.06	1.35	0	0	0	30	0.1
26079	Anchois, cru	Anchovy, raw	0	129	6.07	1.64	0	0	0	18.6	0.18
26080	Dorade royale ou daurade ou vraie daurade, sauvage, crue	Gilthead seabream, wild, raw	0	95.6	2.31	0.46	0.6	0	0	18.1	0.12
26081	Lotte ou baudroie, grillée/poêlée	Anglerfish, grilled/pan-fried without added fat	0	98.2	0.68	0.19	0	0	0	23	0.061
26082	Espadon, cru	Swordfish, raw	0	134	5.97	1.83	1	0	0	18.9	0.28
26083	Éperlan, cru	Pond smelt, raw	0	85.4	1.7	0.39	0	0	0	17.5	0.39
26084	Cardine franche, crue	Megrim, raw	0	93.4	1.53	0.43	0	0	0	19.9	
26085	Rouget-barbet de roche, cru	Surmullet or red mullet, raw	0	158	9.37	2.72	0	0	0	18.4	0.17
26086	Maquereau, filet sauce tomate, appertisé, égoutté	Mackerel, fillet, in tomato sauce, canned, drained	0	240	16.3	3.37	5.5	1.9	0.1	17.7	0.58
26087	Maquereau, fumé	Mackerel, smoked	0	289	22.9	5.26	0.92	0	0	19.8	1.54
26088	Dorade royale ou daurade ou vraie daurade, élevage, crue	Gilthead seabream, raw, farmed	0	129	5.1	1.19	0	0	0	20.9	0.13
26090	Haddock (fumé) ou églefin fumé	Haddock, smoked	0	97	0.73	0.17	0	0	0	22.6	1.91
26091	Mulet, cru	Mullet, raw	0	118	3.62	1.17	1.35	0	0	20.1	0.18
26092	Truite de mer, crue	Sea trout, raw	0	114	3.63	0.62	0.81	0	0	19.6	0.14
26093	Espadon, rôti/cuit au four	Swordfish, roasted/baked	0	266	16.9	1.51	0	0	0	28.7	0.18
26094	Turbot, rôti/cuit au four	Turbot, roasted/baked	0	121	3.64	0.9	0.83	0	0	21.3	0.25
26095	Merlan, cru	Whiting, raw	0	79.2	0.47	0.095	0	0	0	18.8	0.16
26096	Maquereau, filet sauce moutarde, appertisé, égoutté	Mackerel, fillet, in mustard sauce, canned, drained	0	218	14.2	3.92	1.5	0.83	0.67	20.8	1.01
26097	Maquereau, filet au vin blanc, appertisé, égoutté	Mackerel, fillet in white wine, canned, drained	0	202	14.1	2.92	1	0.5	0	17.8	0.97
26098	Morue, salée, sèche	Cod, salted, dried	0	210	1.67	0.31	1.1	0	0	47.6	12.3
26099	Dorade grise ou daurade grise, ou griset, crue	Black seabream, raw	0	129	5.27	1.41	0	0	0	20.5	0.15
26100	Bogue, crue	Bogue, raw	0	92.1	2.03		0.53	0	0	17.9	0.28
26101	Bonite ou bonite à dos rayé, crue	Bonito, raw	0	161	8.01	2.35	0	0	0	22.3	1.35
26102	Maquereau espagnol ou maquereau blanc ou billard, cru	Atlantic chub mackerel, raw	0	135	5.15	1.59	0	0	0	22.1	0.15
26103	Denté ou denté commun, cru	Common dentex, raw	0	102	3.5	0.45	0.65	0	0	17	0.19
26104	Saint-Pierre, cru	John dory, raw	0	86.7	0.8	0.25	0	0	0	19.9	0.17
26106	Grondin, cru	Red gurnard, raw	0	108	2		3.4	0	0	19	
26107	Corb, cru	Brown meagre, raw	0	87.2	0.8		0	0	0	20	
26108	Capelan, cru	Capelin, raw	0	90	1.71		0	0	0	18.7	0.27
26109	Dorade rose ou daurade rose ou pageot rose, crue	Blackspot seabream, raw	0	102	2		0	0	0	21	
26110	Rouget-barbet de roche, vapeur	Surmullet or red mullet, steamed	0	143	5.2	0.73	0	0	0	24.1	0.24
26111	Saupe, crue	Salema, raw	0	96.5	2.5		0.5	0	0	18	
26113	Chinchard, cru	Horse mackerel, raw	0	116	4.42	2.31	0	0	0	19	
26119	Saumon, appertisé, égoutté	Salmon, canned, drained	0	144	4.5	0.81	4.9	0	0	21	1.02
26120	Merlu, cuit à l'étouffée	European hake, braised	0	112	3	0.92	0	0	0	21.2	0.25
26122	Églefin, cru	Haddock, raw	0	76.2	0.35	0.098	1.02	0	0	17.3	0.16
26123	Maquereau, filet (grillé ou non), au naturel, appertisé, égoutté	Mackerel, fillet (grilled or not grilled), canned in brine, drained	0	221	16.2	3.74	0.018	0	0	18.8	0.86
26124	Merlan, pané	Whiting, breaded	0	190	9.57	1.1	13	1.7	0.9	12.6	0.64
26125	Cabillaud ou morue du Pacifique, cru	Pacific cod, raw	0	64.8	0.41	0.085	0	0	0	15.3	0.76
26126	Églefin, grillé/poêlé	Haddock, grilled/pan-fried without added fat	0	84.9	0.55	0.11	0	0	0	20	0.65
26127	Congre ou congre commun, cru	Conger, raw	0	127	4.6		3.15	0	0	18.3	0.13
26128	Grenadier (de roche), cru	Roundnose grenadier, raw	0	68.9	0.81	0.11	0	0	0	15.4	0.24
26129	Lieu jaune ou colin, cru	Pollack, raw	0	75.5	0.51	0.069	0	0	0	17.7	0.29
26130	Julienne ou lingue, crue	Ling, raw	0	80.8	0.44	0.11	0	0	0	19.2	0.26
26133	Tacaud, cru	Pouting, raw	0	81.3	0.33	0.098	0	0	0	19.7	0.2
26134	Lieu noir, cru	Saithe, raw	0	82.5	0.8	0.15	0	0	0	18.8	0.2
26135	Limande-sole, crue	Lemon sole, raw	0	80.6	1.4	0.2	0	0	0	17	0.24
26136	Sardine, grillée/poêlée	European pilchard or sardine, grilled/pan-fried without added fat	0	194	10.4	3.23	0	0	0	25.1	0.35
26140	Poisson cuit (aliment moyen)	Fish, cooked (average)	0	142	5.62	1.18	0.32	0	0	22.5	0.25
26141	Foie de morue, cru	Cod liver, raw	0	623	66.6	14	1	0	0	5	1.47
26142	Foie de morue, appertisé, égoutté	Cod liver, canned, drained	0	433	44.4	6.87	1	0	0	7.25	1.12
26146	Vivaneau, cru	Snapper, raw	0	94.1	1.34	0.29	0	0	0	20.5	0.16
26147	Vivaneau, cuit	Snapper, cooked	0	121	1.72	0.37	0	0	0	26.3	0.14
26148	Rascasse ou rascasse de profondeur, cuite à la vapeur	Spiny scorpionfish, steamed	0	126	3.1	0.61	0	0	0	24.6	0.22
26151	Oeufs de truite, semi-conserve	Trout roe, canned	0	209	9.5	1.65	4	0	1	26.3	2.68
26152	Lieu ou colin d'Alaska, fumé	Alaska pollock, smoked	0	81.3	0.9	0.1	0	0	0	18.3	
26153	Sabre, cru	Largehead hairtail, raw	0	125	5.9		0	0	0	18	0.28
26154	Flétan du Groënland ou flétan noir ou flétan commun, cru	Greenland halibut, raw	0	168	12.7	2.79	0	0	0	13.5	0.43
26157	Carangue, cru	Crevalle jack, raw	0	104	2.7		0	0	0	19.9	0.22
26159	Coulirou, cru	Bigeye scad, raw	0	70.9	0.1		0	0	0	17.5	0.15
26161	Saumon, sauvage, cru	Salmon, wild, raw	0	166	9.17	1.92	0	0	0	21	0.12
26162	Requin, cru	Shark, raw	0	115	2.91	0.68	1.34	0	0	20.8	0.2
26166	Orphie commune, crue	Garfish, raw	0	145	5.91	2.01	3.06	0	0	20	0.21
26168	Lompe, crue	Lump fish, raw	0	168	14.2	3.01	0	0	0	10	0.17
26170	Brème, cru	Freshwater bream, raw	0	108	4	0.78	1.03	0	0	16.9	0.11
26171	Omble chevalier, cru	Arctic char, raw	0	103	2.7	2.2	0	0	0	19.8	0.14
26172	Loup tacheté, cru	Spotted wolffish, raw	0	108	4.8	0.96	0	0	0	16.3	0.26
26173	Sprat, cru	European sprat, raw	0	189	11.9	3.32	0.57	0	0	19.8	
26174	Turbot, cru	Turbot, raw	0	85.5	1.55	0.19	0	0	0	17.9	0.23
26175	Corégone lavaret ou lavaret, cru	European whitefish, raw	0	115	3.72	0.87	0	0	0	20.5	0.13
26177	Anchois, filets, salés, à l'huile, semi-conserve, égouttés	Anchovy, fillets, salted, in oil, semi-preserved, drained	0	199	11	1.64	0	0	0	24.9	14.4
26178	Mérou, cru	Grouper, raw	0	85.2	0.86	0.2	0.72	0	0	18.6	0.13
26179	Thon germon ou thon blanc, à l'huile d'olive, appertisé, égoutté	Albacore, in olive oil, canned, drained	0	192	6.95	1.41	1.01	0	0	31.3	0.67
26180	Thon à l'huile de tournesol, entier, appertisé, égoutté	Tuna, whole slice, in sunflower oil, canned, drained	0	206	12.2	1.34	0.76		0	23.3	0.93
26181	Thon albacore, au naturel, appertisé, égoutté	Yellowfin tuna, canned in brine, drained	0	127	1.46	0.44	3.67	0	0	24.8	0.78
26186	Maquereau, mariné	Mackerel, marinated	0	185	13.3				0	16.3	2.29
26192	Lieu jaune ou colin, cuit	Pollock, cooked	0	97.8	0	0	0	0	0	24.4	0.23
26194	Lingue bleue, crue	Blue ling, raw	0	79.6	0.44	0.095	0	0	0	18.9	0.23
26200	Sole tropicale ou sole-langue, crue	Tonguesole, raw	0	70.3	0.58	0.18	0.53	0	0	15.7	0.35
26201	Turbot, élevage, cru	Turbot, farmed, raw	0	109	3.94	0.57	0	0	0	18.3	0.19
26205	Bar commun ou loup (Méditerranée), sauvage, cru	Mediterranean bass, raw, wild	0	97.9	1.94	0.49	0	0	0	20.1	0.18
26206	Bar commun ou loup (Méditerranée), élevage, cru	Mediterranean bass, raw, farmed	0	124	4.25	1.04	0	0	0	21.4	0.12
26208	Baudroie rousse ou Lotte, crue	Anglerfish (Lophius budegassa), raw	0	70.2	0.37	0.084	0	0	0	16.7	0.32
26210	Sébaste du nord ou grand sébaste, ou dorade sébaste, ou daurade sébaste, crue	Golden redfish, raw	0	89.5	1.6	0.31	0	0	0	18.8	0.18
26211	Saumon, élevage, cuit au micro-onde	Salmon, microwaved, farmed	0	200	11.4		0	0	0	24.2	0.098
26213	Hoki, tout lieu de pêche, cru	Grenadier, from any fishing spot, raw	0	92.3	2.36	0.53	0	0	0	17.8	0.18
26214	Hoki de Nouvelle-Zélande, cru	Blue grenadier, raw	0	75.5	1.46	0.26	0	0	0	15.6	0.14
26217	Saumon, élevage, bouilli/cuit à l'eau	Salmon, boiled/cooked in water, farmed	0	193	10.3		0	0	0	25	0.084
26219	Grondin perlon, cru	Tub gurnard, raw	0	97.4	1.79		0	0	0	20.3	0.14
26222	Dorade grise ou daurade grise ou griset, rôtie/cuite au four	Black seabream, roasted/baked	0	127	3.3	0.75	1.43	0	0	22.9	
26223	Saumon argenté du Pacifique (coho), cru	Coho salmon, raw	0	147	6.8	1.54	0	0	0	21.4	0.12
26229	Saumon, grillé/poêlé	Salmon, grilled/pan-fried without added fat	0	223	13.5	2.87	0	0	0	25.5	0.11
26230	Saumon, élevage, rôti/cuit au four	Salmon, farmed, roasted/baked	0	214	13.5	2.5	0.98	0	0	22.1	0.15
26231	Sardine, filets sans arêtes à l'huile d'olive, appertisés, égouttés	European pilchard or sardine, fillets without fishbone, in olive oil, canned, drained	0	202	11.6	2.68	1.16	0	0	23.2	1.07
26232	Hareng fumé, à l'huile	Atlantic herring, smoked, in oil	0	168	11	3.12	2	0	0	15.1	4.08
26233	Merlu blanc du Cap, surgelé, cru	Shallow-water Cape hake, frozen, raw	0	78	1.52	0.51	0	0	0	16.1	0.28
26234	Julienne ou lingue, cuite	Ling, cooked	0	98	0	0	0	0	0	24.5	0.21
26235	Chinchard maigre, cru	Horse mackerel, lean (spring, summer), raw	0	96.7	2.42	0.66	0	0	0	18.7	0.16
26236	Chinchard gras, cru	Horse mackerel, oily (autumn, winter), raw	0	147	7.66	1.79	0	0	0	19.6	0.14
26237	Hareng maigre, cru	Atlantic herring, lean, raw	0	111	4.22	0.83	0	0	0	18.3	0.19
26238	Hareng gras, cru	Atlantic herring, oily, raw	0	175	10.8	2.23	0.77	0	0	18.7	0.13
26239	Surimi, fourré au fromage frais	Surimi, filled with fresh cheese	0	148	9.3	3.84	9.24	2.8	0	6.6	1.72
26240	Joëls (petits poissons entiers) pour friture, crus	Big-scale sand smelt (whole small fish), to fry, raw	0	88.9	2.1	0.4	0	0	0	17.5	0.27
26241	Empereur, filet, sans peau, cru	Blue shark, fillet, without skin, raw	0	73.5	1.5	0.3	0	0	0	15	0.21
26242	Thon à la tomate, miettes, appertisées, égouttées	Tuna, flaked, in tomato sauce, canned, drained	0	140	7.67	1.17	4.33	3.67	0.67	13	1.67
26243	Thon, à la catalane ou à l'escabèche (sauce tomate), appertisé	Tuna, in Catalan-style or tomato sauce, canned	0	149	8.6	0.67	6	3	0	12	0.99
26244	Rouget-barbet, filet avec peau, surgelé, cru (Thaïlande,Vietnam, Sénégal…)	Surmullet or red mullet, fillet with skin, frozen, raw (from Thailand or Senegal)	0	96.7	3.5	0.9	0	0	0	16.3	0.2
26245	Thon à l'huile de tournesol, miettes, appertisées, égouttées	Tuna, flaked, in sunflower oil, canned, drained	0	227	14.8	1.62	0	0	0	23.4	0.85
26247	Flétan du Groënland ou flétan noir ou flétan commun, cuit à la vapeur	Greenland halibut, steamed	0	179	11.6	2.07	1.28	0	0	17.3	0.36
26248	Sole, grillée/poêlée	Common sole, grilled/pan-fried without added fat	0	94.4	0	0	0	0	0	23.6	0.37
26249	Poisson blanc, cuit (aliment moyen)	White fish, cooked (average)	0	114	2.74	0.58	0.32	0	0	22	0.28
26256	Ficelle picarde, préemballée	Ham and mushroom pancake in cheese sauce, prepacked	0	151	7.5	2.8	11.9	2.7	0.6	8.6	0.75
26257	Salade de carottes râpées, avec sauce, préemballée	Grated carrot salad, with sauce, prepacked	0	74.2	4.77	0.43	5.67	4.73	2.61	0.84	0.71
26258	Salade de betterave, avec sauce, préemballée	Beetroot salad, with sauce, prepacked	0	59.4	3	0.32	5.11	4.96	2.7	1.44	0.8
26259	Salade de chou et carotte ou coleslaw, avec sauce, préemballée	Coleslaw salad, with sauce, prepacked	0	105	8.1	0.63	5.78	4.72	3	0.94	0.88
26260	Salade de concombre à la crème/fromage blanc, préemballée	Cucumber salad, with fresh cream/cheese sauce, prepacked	0	77.9	7.5	1	0.58	0.58	1.5	1.06	0.99
26261	Salade de lentilles et saucisse fumée, préemballée	Lentil salad with smoked sausage, prepacked	0	177	11.8	0.9	8.9	0.9	3.6	7	0.89
26262	Salade grecque, avec sauce, préemballée	Greek salad, with sauce, prepacked	0	81.5	7.1	2.7	1.4	1.4	2	2	1.04
26263	Salade de riz au thon et légumes, avec sauce, préemballée	Rice salad, with tuna and vegetables, with sauce, prepacked	0	145	5.98	0.76	16.8	1.54	1.77	5.08	0.76
26264	Gnocchi à la pomme de terre, à cuire	Gnocchi, from potato, raw	0	176	1.42	0.3	35	3.18	2.2	4.66	1.18
26265	Gnocchi à la semoule, à cuire	Gnocchi, from semolina, raw	0	200	2.6	0.34	37	9.9	1.9	6.2	2.21
26266	Croissant au jambon fromage, préemballé	Croissant filled with ham and cheese, prepacked	0	258	14.5	8.77	22	2.77	2	8.92	1.28
26267	Tarte épinard chèvre, préemballée	Tart, goat cheese and spinach, prepacked	0	233	13.1	8.44	21.3	2.54	1.48	6.69	0.9
26268	Tielle sétoise, préemballée	Pie, squid and spicy tomato sauce, prepacked	0	285	14.4	1.5	29.4	5.6	1.8	8.5	1.3
26269	Taboulé ou salade de semoule au poulet, préemballé	Tabbouleh or couscous salad, with chicken, prepacked	0	176	7.45	0.88	20.1	2.63	2.47	5.9	0.99
26270	Pizza au thon, préemballée	Pizza, tuna, prepacked	0	235	10.6	2.88	23.7	3.57	2.15	10.2	1.16
26271	Pizza kebab, préemballée	Pizza, kebab, prepacked	0	211	7.01	3.5	26.6	3.04	1.85	9.4	1.4
26272	Pizza au poulet, préemballée	Pizza, chicken, prepacked	0	211	6.09	2.36	28.2	4.12	2.07	9.88	1.18
26273	Pizza type raclette ou tartiflette, préemballée	Pizza, raclette or tartiflette cheese, prepacked	0	246	10.4	5.39	27.3	3.16	1.9	9.66	1.24
26274	Pizza au speck ou jambon cru, préemballée	Pizza, cured ham, prepacked	0	234	8.53	4.07	27.4	3.3	2.17	10.9	1.34
26275	Oeufs de saumon du Pacifique, semi-conserve	Salmon roe, semi-preserved	0	240	10.5	2.05	5.16	0	1	30.8	2.34
26276	Salade de pâtes au surimi, avec sauce, préemballée	Pasta salad, with surimi, with sauce, prepacked	0	208	14.5	1.21	14.1	1.07	1.7	4.19	1
26277	Salade Alaska au surimi, ananas, carottes, avec sauce, préemballée	Mixed salad, Alaska-style, with surimi, pineapple, carrot, with sauce, prepacked	0	170	13.4	1.03	7.12	3.36	2.3	3.81	1.38
26278	Salade de pâtes au poulet, fromage et crudités, avec sauce, préemballée	Pasta salad, with chicken, cheese and raw vegetables, with sauce, prepacked	0	175	9.5	1.87	12.4	1.46	2.2	8.19	0.87
26279	Salade de pâtes aux poulet, oeuf, fromage et crudités, avec sauce, préemballée	Pasta salad, with chicken, egg, cheese and raw vegetables, with sauce, prepacked	0	167	8.7	1.93	12.4	1.93	2.2	8.19	0.55
26280	Salade de pâtes au jambon cru, fromage et crudités, avec sauce, préemballée	Pasta salad, with ham, cheese and raw vegetables, with sauce, prepacked	0	191	10.6	2.15	15.1	2.06	2.2	7.31	0.58
26281	Salade de chou rouge, avec sauce, préemballée	Red cabbage salad, with sauce, prepacked	0	103	8.25	0.73	4.73	3.9	2.25	1.23	0.82
26282	Salade de pâtes au poulet et crudités, avec sauce, préemballée	Pasta salad, with chicken and raw vegetables, with sauce, prepacked	0	131	5.52	0.65	13.5	1.96	1.9	5.91	0.76
26692	Anchois, filets, marinés à l'orientale (huile, piments…), semi-conserve, égouttés	Anchovy, fillets, marinated in oriental style (oil,chili pepper…), semi-preserved, drained	0	165	9.19	1.62	0.48		1.09	19.6	2.4
26693	Anchois, filets, salés, à l'huile de tournesol, semi-conserve, égouttés	Anchovy, fillets, salted, in sunflower oil, semi-preserved, drained	0	211	12.3	1.58	0.54		0	24.5	15.2
26694	Anchois, filets, salés, à l'huile d'olive, semi-conserve, égouttés	Anchovy, fillets, salted, in olive oil, semi-preserved, drained	0	197	9.9	1.67	1.36		1.1	25	13.6
26695	Saumon, sauvage, fumé	Salmon, wild, smoked	0	121	2.91	0.71	0.048	0	0	23.6	2.93
26696	Saumon, élevage, fumé	Salmon, smoked, farmed	0	188	11	1.89	0.14	0	0	22.1	2.86
26697	Sardine, à l'huile de tournesol, appertisée, égouttée	European pilchard or sardine, in sunflower oil, canned, drained	0	219	13.8	2.97	0.27		0	23.5	0.84
26698	Sardine, à l'huile d'arachide, appertisée, égouttée	European pilchard or sardine, in peanut oil, canned, drained	0	223	14.9	4.5	1.07		0	21.2	0.99
26700	Anchois, filets, marinés, semi-conserve, égouttés (aliment moyen)	Anchovy, marinated, semi-preserved, drained (average)	0	186	11.3	2.01	0.48		0.73	20.3	4.15
26998	Truite saumonée, sautée/poêlée	Salmon trout, sautéed/pan-fried without added fat	0	146	6.4	0.93	0	0	0	22	0.13
26999	Anguille, cuite (aliment moyen)	Eel, cooked (average)	0	213	13.8	3.15	0	0	0	22.1	
27000	Anguille, rôtie/cuite au four	Eel, roasted/baked	0	229	15	3.02	0	0	0	23.6	0.16
27001	Anguille, bouillie/cuite à l'eau	Eel, boiled/cooked in water	0	197	12.7	3.28	0	0	0	20.5	
27002	Brochet, rôti/cuit au four	Northern pike, roasted/baked	0	100	0.88	0.15	0	0	0	23.1	0.12
27003	Carpe, élevage, crue	Carp, raw, farmed	0	114	4.76	1.28	0	0	0	17.7	0.077
27004	Carpe, rôtie/cuite au four	Carp, roasted/baked	0	151	7.17	1.27	0	0	0	21.6	0.16
27005	Perche ou perche européenne, rôtie/cuite au four	European perch, roasted/baked	0	119	3.42	0.85	0	0	0	22.1	0.096
27006	Truite, rôtie/cuite au four	Trout, roasted/baked	0	183	8.47	1.47	0	0	0	26.6	0.17
27007	Truite ou truite fario, cuite à la vapeur	Trout, steamed	0	99.4	2.6	0.54	0	0	0	19	
27008	Truite ou truite fario, élevage, crue	Trout, raw, farmed	0	133	6.22	1.25	0	0	0	19.3	0.1
27009	Truite arc en ciel, élevage, crue	Rainbow trout, raw, farmed	0	132	6.24	1.15	0	0	0	19	0.11
27010	Perche ou perche européenne, crue	European perch, raw	0	84.6	1.19	0.28	0.6	0	0	17.9	0.14
27011	Brochet, cru	Northern pike, raw	0	87.7	0.94	0.26	1	0	0	18.8	0.13
27012	Esturgeon d’Europe occidentale, cru	Sturgeon, raw	0	127	5.84	1.34	0.87	0	0	17.7	0.12
27014	Truite arc en ciel, élevage, rôtie/cuite au four	Rainbow trout, farmed, roasted/baked	0	143	6.33	1.51	0	0	0	21.5	0.13
27015	Truite arc en ciel, élevage, cuite à la vapeur	Rainbow trout, farmed, steamed	0	117	4.14	0.86	0	0	0	20	
27016	Anguille, crue	Eel, raw	0	240	18.6	4.25	2.06	0	0	16.1	0.16
27017	Pangas, poisson-chat, machoiron, cru	Brown bullhead, raw	0	65.2	1.27	0.47	0	0	0	13.5	0.68
27018	Pangas, poisson-chat, machoiron, cuit	Pangasius, filets, cooked	0	79	1	0.51	0	0	0	17.5	0.58
27019	Tilapia, cru	Tilapia, raw	0	91.6	2.13	0.56	0	0	0	18.1	0.071
27021	Truite saumonée, crue	Salmon trout, raw	0	143	7.4	1.2	0	0	0	19.2	0.2
27023	Lotte de rivière, crue	Burbot, raw	0	77	0.66	0.17	0	0	0	17.8	0.22
27024	Sandre, cru	Pike-perch, raw	0	87.2	1.08	0.3	1.06	0	0	18.3	0.12
27025	Perche du Nil, crue	Nile perch, raw	0	82.4	0.68	0.22	0	0	0	19.1	0.14
27029	Truite, élevage, fumée	Trout, smoked, farmed	0	171	7.69	1.36	3.17	0.21	0.28	22.3	3.1
27030	Bar commun ou loup, rôti/cuit au four	European bass, roasted/baked	0	151	6.51	1.27	1.02	0	0	22.2	0.17
27031	Dorade royale ou daurade ou vraie daurade, rôtie/cuite au four	Gilthead seabream, roasted/baked	0	148	5.9	1.3	0	0	0	23.6	0.18
28001	Porc, épaule crue	Pork, shoulder, raw	0	178	11.2	4.41	0.38	0	0	18.9	0.12
28002	Porc, poitrine crue	Pork, belly, raw	0	253	20.5	7.89	0	0	0	17	0.14
28009	Porc, palette crue	Pork shoulder, raw	0	208	12.1	4.57	0	0	0	24.8	0.18
28010	Porc, épaule cuite	Pork, shoulder, cooked	0	253	14.8	5.56	0	0	0	30	0.12
28100	Porc, côte crue	Pork, chop, raw	0	164	9.3	3.75	0.38	0	0	19.8	0.12
28101	Porc, côte grillée/poêlée	Pork, chop, grilled/pan-fried	0	211	10.3	4.11	0	0	0	29.6	0.14
28102	Porc, rouelle de jambon crue	Pork, round steak, raw	0	149	7.56		0	0	0	20.2	0.14
28103	Porc, rouelle de jambon cuite	Pork, round steak, cooked	0	266	13.1		0	0	0	36.9	0.18
28104	Porc, carré cru	Pork, rack, raw	0	146	5.94	2.4	0.4	0	0	22.7	0.094
28105	Porc, carré cuit	Pork, rack, cooked	0	206	7.45	3.03	0.6	0	0	34.1	0.097
28202	Porc, filet maigre, en rôti, cuit	Pork, tenderloin roast, cooked	0	198	9.39		0	0	0	28.3	0.15
28203	Porc, filet mignon cuit	Pork, filet mignon, cooked	0	168	7.1	2.58	0	0	0	26.1	0.13
28204	Porc, filet mignon cru	Pork, filet mignon, raw	0	123	4.09	1.69	0.4	0	0	21.2	0.11
28205	Porc, viande, cuite (aliment moyen)	Pork, meat, cooked (average)	0	207	9.89	3.69	0.22	0	0	29.4	0.12
28300	Porc, rôti cru	Pork, roast, raw	0	153	6.86	2.84	0.5	0	0	22.3	0.1
28301	Porc, rôti cuit	Pork, roast, cooked	0	163	4.31	1.32	0.65	0	0	30.5	0.081
28302	Porc, échine crue	Pork, loin, raw	0	238	18.8	5.4	0.1	0	0	17.1	0.18
28400	Porc, travers cru	Pork, spare-ribs, raw	0	237	18	7.16	0.6	0	0	18	0.12
28401	Porc, travers braisé	Pork, spare-ribs, braised	0	332	26.6	10.8	0	0	0	23.1	0.12
28451	Porc, échine rôtie/cuite au four	Pork, loin, roasted/baked	0	295	21.2		0	0	0	26.2	0.15
28460	Porc, escalope de jambon crue	Pork, ham escalope, raw	0	129	4.76	1.97	0	0	0	21.5	0.12
28461	Porc, escalope de jambon cuite	Pork, ham escalope, cooked	0	200	6.2	1.85	0	0	0	36	0.19
28470	Porc, bardière découennée crue	Pork, back fat, rind less, raw	0	744	80.6	28.7	0.1	0.1	0	4.51	0.1
28471	Porc, gorge découennée crue	Pork, jowl, rind less, raw	0	475	47.5	16	0.14	0.14	0	11.6	0.17
28472	Porc, hachage sans jarret, sans bateau, découenné, dégraissé, désossé, cru	Pork, shoulder lower half, without rind, fat and bone, raw	0	187	12.3	4.14	0.23	0.23	0	18.9	0.2
28473	Porc, jambon sans jarret, sans bateau, découenné, dégraissé, désossé, cru	Pork, way leg, without rind, fat and bone, raw	0	141	6.3	2.11	0.28	0.28	0	20.9	0.18
28474	Porc, jambonneau arrière, découenné, dégraisssé, désossé, cru	Pork, knuckle oh ham, without rind, fat and bone, raw	0	148	7.31	2.4	0.28	0.28	0	20.2	0.22
28475	Porc, maigre 90/10 cru	Pork, 90/10 trimming, raw	0	212	15.1	5.46	0.24	0.24	0	18.8	0.17
28476	Porc, maigre 80/20 cru	Pork, 80/20 trimming, raw	0	293	24.7	9.16	0.26	0.26	0	17.3	0.17
28477	Porc, palette, découennée, dégraissée, désossée, crue	Pork, shoulder upper half, without rind, fat and bone, raw	0	174	10.4	3.58	0.25	0.25	0	19.9	0.2
28479	Porc, poitrine cutter, sans mouille, crue	Pork, belly, flank removed, raw	0	323	28.7	10.2	0.22	0.22	0	15.9	0.18
28480	Porc, rôti filet avec chaînette, cru	Pork, eye of shortloin, raw	0	146	6.2	2.21	0.37	0.37	0	22.3	0.16
28501	Lardon nature, cru	Lardoons, plain, raw	0	269	22.1	7.91	1.01	0.78	0.38	16.6	2.72
28502	Poitrine de porc en salaison, fumée, crue	Pork belly, cured, smoked, raw	0	303	26.1	9.39	0.79	0.75	1	15.6	2.41
28503	Bresaola	Bresaola	0	172	4.3	2.05	0.49	0	0	32.8	5.15
28504	Lardon nature, cuit	Lardoons, plain, cooked	0	324	24.5	12.6	2		0	23.8	3.8
28505	Corned-beef, appertisé	Corned-beef, canned	0	191	10.9	4.47	0	0	0	23.2	2.8
28507	Poitrine de porc en salaison, nature, crue	Pork belly, cured, plain, raw	0	288	24.7	9.69	0.76	0.71	0.29	15.7	1.93
28530	Oreille de porc demi-sel	Pig's ear, brined	0	228	15.1	5.39	0.6		0	22.5	0.48
28540	Pied de porc demi-sel	Pig's trotter, brined	0	137	10	2.95	0.01	0	0	11.6	2.37
28550	Poitrine de porc demi-sel	Pork belly, brined	0	270	22	8.3	1.3	0.6	0	16.8	2
28700	Jambon de porc à cuire ou jambon à rôtir/cuire au four	Pork ham, to cook / roast / bake	0	163	9	4	1.75	1	0	18.8	1.8
28720	Lardon fumé, cru	Lardoons, smoked, raw	0	272	22.6	8	0.35	0.35	0.34	16.7	2.63
28723	Lardon, cru, à teneur réduite en sel	Lardoons, plain, low salt, raw	0	246	19	7.28	0.78	0.59	0.13	17.9	1.89
28725	Lardon fumé, cuit	Lardoons, smoked, cooked	0	277	22.1	8.25	4.8	0.9	0	14.7	2.59
28727	Filet de bacon	Bacon, back	0	118	2.6	1.07	0.7	0	0	23.1	3.18
28800	Jambon cru	Cured ham	0	239	13.2	5.09	4.27	0.75	0	25.9	5.67
28801	Jambon cru fumé	Cured ham, smoked	0	246	16.1	6.72	0.98	0.53	0	24.2	5.17
28803	Jambon cuit, fumé	Cooked ham, smoked	0	135	5.8	2.36	0.79	0.62	0.1	20	1.93
28804	Jambon cru fumé, allégé en matière grasse	Cured ham, smoked, reduced fat	0	142	3.4	0.71	0.1		0	27.7	4.24
28811	Jambon de Bayonne	Cured ham, from Bayonne, smoked	0	243	12.6	4.93	4.51	0.5	0	28	5.75
28812	Jambon sec	Dry-cured ham	0	230	12.6	4.99	0.48	0.33	0	28.7	5.7
28844	Jambon sec de Parme	Dry-cured ham, from Parma	0	248	15.4	5.42	0.3	0.3	0	27.2	5.53
28845	Jambon sec Serrano	Dry-cured ham, Serrano	0	235	12.3	5.2	0.76	0.36	0	30.4	5.02
28850	Coppa	Coppa	0	284	20	6.83	1	0.5	0	25	5.3
28858	Pancetta ou poitrine roulée sèche	Pancetta	0	349	28.8	12.4	2.49	0.43	0	20.2	4.14
28860	Viande des Grisons	Viande des Grisons or dried beef meat	0	207	5.47	2.52	0.56	0.56	0	38.9	3.83
28900	Jambon cuit, supérieur	Cooked ham, superior quality	0	113	2.83	1.1	0.76	0.69	0	21	1.87
28901	Jambon cuit, supérieur, avec couenne	Cooked ham, superior quality, with rind	0	118	3.59	1.2	0.91	0.86	0.25	20.4	1.96
28902	Jambon cuit, supérieur, découenné	Cooked ham, superior quality, rind less	0	117	3.52	1.36	0.77	0.76	0.05	20.5	1.87
28905	Jambon à l'os braisé	Braised ham on the bone	0	198	12.3	4.68	0.3	0	0	21.6	2.97
28906	Jambon cuit, supérieur, découenné dégraissé	Cooked ham, superior quality, rind less defatted	0	115	3.66	1.24	0.14	0.14	0.32	20.3	1.82
28907	Jambon cuit, supérieur, dégraissé découenne, à teneur réduite en sel	Cooked ham, superior quality, rind less defatted, low salt	0	121	3.83	1.5	0.74	0.74	0	20.8	1.48
28910	Jambon cuit, choix	Cooked ham, choice	0	125	4.5	1.78	1.7	1.7	0.08	19.5	2.1
28911	Épaule de porc, cuite, choix, découennée dégraissée	Cooked pork shoulder, choice, rind less defatted	0	124	4.5	1.4	2.8	1.35	0	18	2.33
28912	Jambon cuit, choix, avec couenne	Cooked ham, choice, with rind	0	137	6.3		0.55	0	0	19.4	2.53
28913	Jambon cuit, choix, découenné dégraissé	Cooked ham, choice, rind less defatted	0	115	3.24	1.18	1.88	1.32	0.15	19.6	1.96
28917	Rond de jambon cuit	Round of ham, cooked	0	182	10.6		1.4		0	20.3	
28922	Dés, allumettes, râpé ou haché de jambon	Ham, cube, grated or minced	0	120	4.46	1.81	2.08	1.69	0.36	17.9	2.06
28924	Épaule de porc, cuite, standard, découennée dégraissée	Cooked pork shoulder, standard, rind less defatted	0	123	5.98	2.23	2.89	2.89	1.3	13.7	2.82
28925	Jambon cuit, de Paris, découenné dégraissé	Cooked ham, Parisian-style, rind less defatted	0	115	3.42		1.08		0	20	
28927	Haché de volaille	Poultry, minced meat	0	137	5.68	1.88	3.5	1.4	0.63	17.7	1.3
28929	Dés, allumettes, râpé ou haché de jambon de volaille	Ham, from poultry, cube, grated or minced	0	132	5.88	2.35	1.58	1.25	0.5	18	2.2
28960	Jambonneau, cuit	Knuckle of ham, cooked	0	157	6	2.25	5.43	0.65	0.4	20	1.99
28963	Jambon de poulet ou blanc de poulet en tranche	Cooked ham, from chicken, in slices	0	105	1.79	0.54	1.39	1.13	0.53	20.7	1.86
28964	Jambon de dinde ou blanc de dinde en tranche	Cooked ham, from turkey, in slices	0	99.3	1.67	0.54	0.023	0.023	0.39	20.9	1.9
28965	Jambon de volaille ou blanc de volaille, à teneur réduite en sel, en tranche	Cooked ham, from poultry, low salt, in slices	0	108	1.65	0.53	1.6	1.23	0.71	21.3	1.38
28976	Rôti de volaille en salaison, cuit	Poultry roast, brined, cooked	0	109	1.73	0.55	1.28	0.97	0.44	22	2
29209	Boisson au soja et jus de fruits concentrés, préemballée	Soy drink with concentrated fruit juice, prepacked	1	56.2	1		9.5	5.8	0	2.3	0.22
30005	Chipolata cuite	Chipolata sausage, cooked	0	283	22.4	8.27	0.8	0.4	0	18.8	2.15
30011	Saucisse de Toulouse cuite	Toulouse sausage, cooked	0	279	22.1	8.2	1.28	0.6	0	18.8	1.71
30050	Chair à saucisse crue	Sausage meat, raw	0	323	29.1		0.6		0	14.7	1.39
30051	Chair à saucisse, pur porc, crue	Sausage meat, pure pork, raw	0	258	21.2	7.87	0		0	16.9	0.14
30052	Farce porc et boeuf crue	Sausage meat, pork and beef, raw	0	309	26.5		4.4		2.6	11.8	
30102	Saucisse fumée à cuire	Smoked sausage, raw	0	336	30.4			0	0	15.6	2.04
30104	Saucisse de Morteau	Morteaux sausage	0	398	36.6		1.17	0.5	0	16	2.6
30105	Saucisse de Montbéliard, à cuire	Montbeliard sausage to cook	0	322	27.3	10	1.72	0.5	0	17.3	2.33
30108	Saucisse de Morteau bouillie/cuite à l'eau	Morteaux sausage, boiled/cooked in water	0	323	29.1	12.2	0	0	0	15.2	2.02
30110	Saucisse de Toulouse crue	Toulouse sausage, raw	0	321	29.5	11.3	0.64	0.5	0	13.3	1.89
30115	Chipolata crue	Chipolata sausage, raw	0	253	20.6	7.61	1	0.32	0.4	15.8	1.58
30125	Saucisse alsacienne fumée ou gendarme	Smoked Alsatian sausage or Landjäger	0	300	24.9	8.56			0	19	2.75
30130	Saucisse de volaille façon charcutière	Poultry sausage, delicatessen-style	0	239	19.1	6.2	1.14	0.9	0	15.6	1.75
30131	Saucisse de volaille type knack	Poultry sausage, knack-style	0	236	18.9	5.34	1.82	1.01	0	14	1.87
30134	Saucisse de Francfort	Frankfurter sausage	0	279	23.4	9	3.37	1	0	13.7	2
30150	Merguez crue	Merguez sausage, raw	0	301	26.8	11.2	1.15	1.15	0	13.8	2.01
30151	Merguez crue (aliment moyen)	Merguez sausage, raw (average)	0	381	36.3				0	12.8	
30152	Merguez, pur boeuf, crue	Merguez sausage, pure beef, raw	0	436	43.5				0	11	
30153	Merguez, boeuf et porc, crue	Merguez sausage, pork and beef, raw	0	415	41				0	11.5	
30154	Merguez, boeuf, mouton et porc, crue	Merguez sausage, beef, mutton and pork, raw	0	358	33.3				0	14.6	
30155	Merguez, boeuf et mouton, cuite	Merguez sausage, beef and mutton, cooked	0	283	21.8	12	1.8	1.6	0	19.8	2.33
30156	Merguez, boeuf et mouton, crue	Merguez sausage, beef and mutton, raw	0	315	27.6		2.8	0	0	14	1.58
30176	Saucisse de foie	Liver sausage	0	374	35.9	12	0.9	0.9	0.3	11.7	2.03
30177	Diot cru	Diot (sausage from Savoy), raw	0	342	30				0	18	2.25
30181	Haché végétal à base de soja, préemballé	Soy-based minced meat imitate, prepacked	0	143	5.8	0.64	7.01	4.19	5.23	11.5	0.78
30300	Saucisson sec	Dry sausage	0	418	33.1	11.3	5.48	2.55	0.73	24.2	4.75
30301	Saucisson sec pur porc	Dry sausage, pure pork	0	417	32.3	12.2	1.79	1.4	0	28.7	4.46
30302	Saucisson sec pur porc, qualité supérieure	Dry sausage, pure pork, superior quality	0	368	27.6	10.9	2.1	1.9	0	27.7	4.22
30304	Rosette ou fuseau	Rosette dry sausage	0	392	30.7	11.8	4.86	1.46	0	24.2	4.56
30308	Saucisson sec de Lyon pur porc	Dry sausage, from Lyon, pure pork	0	255	22	6.5	0.83	0.83	1	12.8	2.54
30309	Saucisse sèche	Dry sausage, thin size	0	460	37.1	14.5	4.04	1.21	0.59	27.3	4.74
30311	Saucisson sec aux noix et/ou noisettes	Dry sausage with walnuts and/or hazelnuts	0	477	39.7	14.1	1.78	1.04	0.75	27.7	4.31
30312	Pavé au poivre (charcuterie)	Dry sausage, with pepper	0	374	30.3	11.9	1.51	1.05	0.83	23.5	4.27
30314	Saucisson sec allégé en matière grasse	Dry sausage, reduced fat	0	286	15.7	5	1.57	1.57	0.5	34.6	5.8
30315	Chorizo	Spicy pork sausage with red pepper	0	425	36.1	14.3	1.24	1.24	0.93	23.5	4.24
30316	Chorizo supérieur, doux ou fort, type saucisse sèche	Spicy pork sausage with red pepper, dry	0	474	41.9	16	1.87	1.87	0.53	20.9	3.91
30317	Chorizo supérieur, doux ou fort, type charcuterie en tranches	Spicy pork sausage with red pepper, in slices	0	320	23.9	8.8	1.47	1.47	0.3	22.6	4.3
30350	Salami	Salami	0	457	41.8	16.2	2.59	0	0	17.7	4.05
30351	Salami pur porc	Salami, pure pork	0	446	41.5	16.6	0.75	0.5	0.5	17	4
30366	Salami type danois	Salami, Danish-style	0	455	43	17	2.42	0.5	0	14.5	4.05
30700	Saucisson à l'ail	Garlic sausage	0	276	23.6	9.92	0.56	0.56	0.63	15	2
30701	Saucisson pur porc cuit	Sausage, pure pork, cooked	0	322	29		1.3		0	13.8	1.9
30707	Saucisson brioché, cuit	Sausage in a brioche crust, cooked	0	303	17.4	8.6	20.9	3.8	2	14.7	1.38
30730	Cervelas	Saveloy or cervelat	0	278	24.8	9.37	1.56	0.63	0.4	11.9	1.95
30731	Cervelas obernois	Saveloy or cervelat, from Obernai Alsace	0	305	27.5	11.5	1	0.6	0.6	13	2
30732	Cervelas à l'ail, pur porc	Saveloy or cervelat with garlic, pure pork	0	297	27.4		0.2		0	12.5	
30742	Saucisse de Strasbourg ou knack, à cuire	Strasbourg sausage, to cook	0	291	25.9	10.9	1.39	1.06	1.37	12.4	1.99
30743	Saucisse de Strasbourg ou knack, à teneur réduite en sel, à cuire	Strasbourg sausage, low salt, to cook	0	284	25.3	9.83	1.5	1.37	0.8	12	1.48
30746	Saucisse cocktail	Cocktail sausage	0	290	25.9	9.59	1.46	1.09	0.27	12.7	2.1
30750	Saucisse viennoise crue	Viennese sausage, pork and veal, raw	0	233	21.3				0	10.3	
30764	Saucisse de jambon pur porc	Ham sausage, pure pork	0	236	17.5	6.8	3.96	0.7	0	15.7	2
30766	Saucisse de bière	Beer sausage	0	319	29.7				0	13	
30778	Saucisse de langue à la pistache	Tongue sausage with pistachios	0	294	25.8				0	15.3	
30780	Saucisse (aliment moyen)	Sausage (average)	0	286	23.4	9.62	1.22	0.81	0.24	17.4	2.06
30789	Mortadelle	Mortadella	0	310	27.4	10.2	0.69	0.67	0	15.2	2.3
30790	Mortadelle, pur porc	Mortadella, pure pork	0	310	25.8	9.85	4.46	1	0	14.8	2.14
30791	Mortadelle, porc et boeuf	Mortadella, pork and beef	0	304	25.4	9.51	2.53	0	0	16.4	3.12
30797	Mortadelle pistachée pur porc	Mortadella with pistachios, pure pork	0	317	28.2	11.4	0.42	0.41	1.97	14.4	2.08
30801	Saucisson de cheval type cervelas	Horse sausage, cervelas type	0	244	20	7.1	1.4	1.4	0	14.2	2.46
30886	Gelée, autres fruits ou mélange de fruits (extra ou classique)	Jelly, all fruits	0	252	0.1	0.025	61.9	60.9	1.25	0.1	0.007
30887	Confiture, autres fruits ou mélange de fruits, allégée en sucres (extra ou classique)	Other jam, reduced sugar	0	162	0.21	0.026	38	38	1.8	0.75	0.023
30900	Charcuterie (aliment moyen)	Cured meat and sausages (average)	0	241	17.5	6.73	1.94	0.73	0.27	18.6	2.22
30990	Confiture de mûre (extra ou classique)	Jam, blackberry	0	245	0.63	0.31	58.3	56.9	1.3	0.44	0.007
30991	Gelée de mûre (extra ou classique)	Jelly, blackberry	0	245	0.28	0.025	60	57.4	0.73	0.53	0.007
30992	Confiture de rhubarbe (extra ou classique)	Jam, rhubarb	0	239	0.057	0.002	58.6	57.7	1.53	0.26	0.01
30993	Confiture de pêche (extra ou classique)	Jam, peach	0	242	0.075	0.001	59.5	57.4	1.16	0.27	0.008
30994	Confiture de figue (extra ou classique)	Jam, fig	0	243	0.17	0.033	59.1	56.8	1.31	0.63	0.012
30995	Confiture de fraise, allégée en sucres	Jam, strawberry, reduced sugar	0	166	0.1	0.032	40.3	39.6	1.37	0.31	0.024
30996	Confiture d'abricot, allégée en sucres	Jam, apricot, reduced sugar	0	167	0.067	0.029	40.5	39.5	1.33	0.41	0.028
30997	Confiture de framboise, allégée en sucres	Jam, raspberry, reduced sugar	0	167	0.14	0.034	39.2	37.9	2.98	0.68	0.024
30998	Gelée de framboise (extra ou classique)	Jelly, raspberry	0	249	0.1	0.001	61	59.3	0.86	0.56	0.006
30999	Confiture ou marmelade, tout type de fruits, sans précision sur la teneur en sucres (aliment moyen)	Jam or marmalade, miscellaneaous fruits, sugar content unknown, (average)	0	235	0.27	0.068	57.1	55.7	1.34	0.36	0.015
31000	Barre chocolatée biscuitée	Chocolate bar with biscuit	0	492	24.1	14	61.4	43.3	3.7	5.56	0.33
31001	Barre chocolatée non biscuitée enrobée	Chocolate bar, chocolate-coated, without biscuit	0	496	24.1	14	66.4	47	0.6	3.7	0.5
31002	Barre à la noix de coco, enrobée de chocolat	Coconut bar, chocolate-coated	0	475	23.8	19.6	60.2	53	3	3.88	0.5
31004	Chocolat au lait, tablette	Milk chocolate, bar	0	550	30.8	18.7	58.9	56.3	2.9	7.5	0.2
31005	Chocolat noir 50 % de cacao environ, tablette	Dark chocolate, 50% cocoa, bar	0	521	29.6	19	53	46.3	8.31	5.98	0.035
31006	Confiture ou marmelade ou gelée, tout type de fruits, non allégée en sucres (aliment moyen)	Jam or marmalade, miscellaneaous fruits (not reduced sugar) (average)	0	244	0.28	0.073	59.3	57.7	1.29	0.33	0.014
31007	Chewing-gum, sucré	Chewing gum, with sugar(s)	0	360	0.65	0.3	86.4	68.1	4	0.25	0
31008	Miel	Honey	0	331	0	0	82.1	81.1	0	0.65	0.01
31009	Chocolat au lait aux céréales croustillantes, tablette	Milk chocolate, with puffed/popped cereals, bar	0	515	26.6	16.7	60.6	50.8	2.59	7.15	0.52
31010	Chocolat blanc, tablette	White chocolate, bar	0	563	34.2	21.3	57.1	56	1	6.16	0.22
31012	Barre ou confiserie chocolatée au lait	Chocolate confectionery or bar, with milk	0	551	34.2	16.6	50.9	43.3	1.7	8.75	0.23
31013	Sorbet, bâtonnet	Sorbet, stick	0	103	0.28	0.22	24.8	22.4	0.34	0.23	0.01
31014	Pâte de fruits	Fruit jelly or fruit paste	0	336	1.8	0.17	76.6	69.2	3.9	1.69	0.078
31016	Sucre blanc	Sugar, white	0	399	0	0	99.7	99.7	0	0	0.005
31017	Sucre roux	Sugar, brown	0	393	0	0	98.1	97	0	0.12	0.07
31018	Chocolat au lait aux fruits secs (noisettes, amandes, raisins, praline), tablette	Milk chocolate, with dried fruits (nuts, almonds, raisins, praliné), bar	0	559	35.9	17	48.7	43.6	3.52	8.43	0.25
31020	Chocolat au lait sans sucres ajoutés, avec édulcorants, tablette	Milk chocolate, no added sugars, with sweeteners, bar	0	487	34.6	21.2	54.2	11.3	2	5.75	0.34
31021	Ecorce d'orange confite	Candied orange peel	0	307	0.083	0.033	75.6	65.2	1.1	0.59	0.1
31023	Marron glacé	Candied chestnut	0	320	0.54	0.063	77.5	55.3	2.67	0.89	0.066
31024	Confiture de fraise (extra ou classique)	Jam, strawberry	0	248	0.5	0.11	60.5	60.1	0.7	0.25	0.018
31026	Chocolat blanc aux fruits secs (noisettes, amandes, raisins, praliné) , tablette	White chocolate, with dried fruits (nuts, almonds, raisins, praliné), bar	0	579	39.1	21.8	48	45.1	2.43	7.64	0.29
31027	Fruit confit	Candied fruit	0	297	0.063	0.05	72.4	62.9	3.3	0.25	0.14
31028	Bonbon dragéifié	Coated candies	0	378	1.94	0.98	89.9	71.9	0.13	0.53	0.096
31030	Chocolat noir sans sucres ajoutés, avec édulcorants, en tablette	Dark chocolate, no added sugars, with sweetener(s), bar	0	525	42.3	26.6	34.1	2	10.2	8.48	0.006
31032	Pâte à tartiner chocolat et noisette	Chocolate spread with hazelnuts	0	549	32.4	9.18	57.9	56.2	3.23	5.02	0.12
31034	Sirop d'érable	Maple syrup	0	269	0.06	0.007	67.2	60.2	0	0.04	0.026
31035	Barre glacée chocolatée	Ice cream bar, chocolate	0	354	20.5	13	37	28.8	1.36	4.79	0.23
31036	Dragée amande	Sugared almond	0	465	14.7	1.25	75.7	68.3	4.6	5.25	0.025
31037	Confiture d'abricot (extra ou classique)	Jam, apricot	0	246	0.3	0.029	59.7	56.8	1.1	0.25	0.013
31038	Confiture de cerise (extra ou classique)	Jam, cherry	0	238	0.19	0	58.1	57.5	1.1	0.48	0.013
31039	Marmelade d'orange ou confiture d'orange (extra ou classique)	Marmalade or jam, orange	0	245	0.4	0.14	59.3	56.9	1.5	0.25	0.015
31040	Confiture de lait	Dulce de leche or confiture de lait	0	340	7.35	4.53	61.7	49.7	0	6.84	0.32
31041	Confiserie au chocolat dragéifiée	Chocolate confectionery, coated	0	505	24.3	15	64.9	57.4	1.98	5.49	0.28
31042	Cacahuète enrobée de chocolat dragéifiée	Chocolate-coated peanut	0	499	25	9.87	55.9	50.5	5.9	9.5	0.12
31044	Sucre vanillé	Sugar, vanilla flavoured	0	397	0.33	0.053	98.6	97.2	0.37	0.1	0.007
31046	Caramel liquide ou nappage caramel	Liquid caramel	0	324	0	0	81	61	0	0	0.013
31047	Gélifiant pour confitures	Gelling agent for jam	0	278	0		62	62	15	0	
31050	Guimauve ou marshmallow	Marshmallow	0	336	0.081	0	80.7	69.9	0.011	3.31	0.078
31052	Praline	Candied almond or praline	0	483	19.7	1.5	67.7	66.3		8.7	0.001
31053	Confiture de prune, par ex. mirabelle, quetsche, reine-claude (extra ou classique)	Jam, plum	0	240	0.089	0.029	58.9	58	1.27	0.28	0.011
31054	Chewing-gum, sans sucres	Chewing gum, sugar-free	0	206	0.25	0.17	76	0.088	1.95	0.22	0.031
31059	Bonbon dur et sucette	Hard candy and lollipop	0	384	0.18	0.087	95.3	70.4	0.91	0.16	0.091
31060	Bonbon gélifié	Jelly candy	0	339	0.53	0.25	76.9	58.4	1.5	4.88	0.02
31062	Confiture de framboise (extra ou classique)	Jam, raspberry	0	232	0.17	0.071	55.2	55.2	2.69	0.56	0.013
31063	Bouchée chocolat fourrage fruits à coques et/ou praliné	Chocolate confectionery, filled with nuts and/or praliné	0	558	34.7	13.6	51.5	46.2	2.1	9.1	0.34
31064	Édulcorant à la saccharine	Saccharin sweetener	0	5	0	0	0	0	0	1.25	1.07
31066	Rocher chocolat fourré praliné	Chocolate and nut confectionery, filled with praliné	0	558	35.3	15.5	51.4	49.2	3.88	6.53	0.14
31067	Mélasse de canne	Cane molasses	0	300	0.1	0.018	74.7	74.7	0	0	0.093
31068	Confiture de myrtille (extra ou classique)	Jam, blueberry	0	245	0.4	0.047	58.9	58.9	2.1	0.25	0
31069	Chocolat noir aux fruits (orange, framboise, poire), tablette	Dark chocolate, with fruits (orange, raspberries, pear), bar	0	539	34.4	22.5	45.3	35.7	10.3	6.8	0.078
31070	Chocolat noir aux fruits secs (noisettes, amandes, raisins, praline), tablette	Dark chocolate, with dried fruits (nuts, almonds, raisin, praliné), bar	0	567	39	17.5	40.7	38.2	8.4	8.69	0.03
31071	Barre chocolatée aux fruits secs	Chocolate bar with dried fruits	0	494	26	9.53	57.6	45.1	1.53	7.23	0.38
31072	Chocolat noir fourrage confiseur à la menthe	Dark chocolate, filled with mint confectionery	0	445	16	11	70.2	69	4	2.9	0
31073	Gâteau moelleux fourré au chocolat et au lait, enrobé de chocolat, préemballé, rayon frais	Soft cake filled with chocolate and milk, with chocolate coating, prepacked, refrigerated	0	449	28	18	42.4	35.5	1.6	5.95	0.22
31074	Chocolat noir 70 % de cacao environ, de dégustation, tablette	Dark chocolate, 70% cocoa, bar	0	591	46.3	28.7	26.9	17.9	12.8	10.4	0.02
31076	Edulcorant à base de sucre et aspartame (petits morceaux)	Sweetener with sugar and aspartam (little lumps)	0	398	0	0	98.7	98.7	0	0.81	0.004
31077	Fructose	Fructose	0	399	0	0	99.8	95	0	0	0
31080	Chocolat noir fourré praliné, tablette	Dark chocolate, filled with praliné, bar	0	559	34.8	16.9	52.4	48.8	5.07	6.38	0.039
31081	Bonbon tendre, au caramel	Chewy candy, caramel	0	415	9.98	5.63	79.1	59.8	0.19	2.23	0.56
31082	Préparation de fruits divers (en taux de sucres : confitures allégées en sucres < préparations de fruits < confitures)	Fruit preparation, sweetened, less sugar than classic, but not as reduced as in reduced sugar jams	0	195	0.17	0.036	47.3	46.2	1.94	0.48	0.032
31083	Confiture, autres fruits ou mélange de fruits (extra ou classique)	Other jam	0	244	0.15	0.06	59.8	57.3	1.47	0.36	0.017
31084	Chocolat au lait fourré au praliné, tablette	Milk chocolate, filled with praliné, bar	0	559	34.9	16.4	52.9	49.9	2.51	7.29	0.2
31085	Chocolat noir 40% de cacao et plus, à pâtisser, tablette	Dark chocolate, more than 40% cocoa, for cooking, bar	0	546	33.1	22	51.4	41.6	8.76	6.39	0.015
31087	Édulcorant à base d'extrait de stévia	Stevia sweetener	0	1.2	0	0	0.3	0	0	0.16	0
31091	Bouchée/bonbon au chocolat fourrage gaufrettes ou biscuit	Chocolate confectionery, filled with wafer/biscuit	0	521	29.4	17.8	55.1	42.9	4.92	6.5	0.32
31092	Calisson d'Aix en Provence	Calisson from Aix en Provence (marzipan and candied melon sweet)	0	440	18	1.74	59.8	49.6	3.1	7.97	0.032
31093	Guimauve ou marshmallow, enrobé de chocolat	Marshmallow, chocolate-coated	0	383	10.5	6.5	67.5	56.4	0.45	4.4	0.081
31094	Bonbon dur, au caramel	Hard candy, caramel	0	416	7.09	4.77	86.6	72.7	0.13	1.33	0.87
31095	Gelée de groseille (extra ou classique)	Jelly, currant (red)	0	244	0.044	0	59.7	58.7	0	0.25	0
31097	Bonbon tendre	Chewy candy	0	392	5.1	2.99	84.3	66.5	1.5	0.94	0.063
31098	Barre chocolat au lait avec nougat	Chocolate bar, milk chocolate, with nougat	0	532	29	17.4	60.5	60.1	2.9	5.8	0.11
31100	Barre céréalière pour petit déjeuner au lait, au chocolat ou non, enrichie en vitamines et minéraux	Cereal bar, for breakfast, with milk, with chocolate or not, fortified with vitamins and minerals	0	382	3.2	1.74	79.5	28.1	4.5	7.06	0.54
31101	Barre céréalière "équilibre" aux fruits, enrichie en vitamines et minéraux	Cereal bar with fruit, fortified with vitamins and minerals	0	382	6.53	3.5	73.3	30.4	4.13	6.13	0.75
31102	Barre céréalière "équilibre" au chocolat, enrichie en vitamines et minéraux	Cereal bar with chocolate, fortified with vitamins and minerals	0	407	10.9	6.65	70.3	32.3	3.7	5.99	0.7
31104	Barre céréalière diététique hypocalorique	Cereal bar, low calorie	0	391	11.2	9.6	71	8.5	5.8	5.9	0.75
31106	Barre céréalière au chocolat	Cereal bar with chocolate	0	451	14.9	7.37	73	32.9	4.5	6.55	0.51
31109	Pollen, partiellement séché	Pollen, partially dried	0	358	4.2		52.5	36.5	11.3	21.9	0.22
31111	Pollen, frais	Pollen, fresh	0	304	5.17	1.81	42.3	26.8	9.07	17.5	0.019
31112	Bonbon gélifié à la réglisse, type rouleau ou batonnet	Jelly candy, liquorice, roll or stick	0	347	1.55	0.73	75.6	46.3	8.18	3.62	1.05
31113	Barre céréalière aux fruits	Cereal bar with fruit	0	379	7.07	3.44	74.1	29.6	3.8	5.49	0.63
31114	Barre céréalière aux amandes ou noisettes	Cereal bar with almonds or hazelnuts	0	444	18.2	4.03	60.6	20.4	4.6	8.69	0.45
31115	Barre céréalière au chocolat et aux fruits	Cereal bar with chocolate and fruits	0	419	11.8	7.45	70.4	34.8	4.04	5.7	0.56
31120	Chocolat, tablette (aliment moyen)	Chocolate, bar (average)	0	552	34.2	20.3	50.4	45.2	5.96	7.57	0.13
31121	Chewing-gum, sans précision sur la teneur en sucres (aliment moyen)	Chewing gum, sugar level unknown (average)	0	263	0.4	0.22	79.9	25.4	2.71	0.23	0.022
31122	Bonbon tendre, au caramel enrobé de chocolat	Chewy candy, caramel, chocolate-coated	0	446	16.8	11.1	69.6	55.5	1.8	3.29	0.4
31124	Bonbon dur type collier, sifflet, sucette, pastille, au dextrose	Hard candy (necklace, whistle, lollipop, drop), with dextrose	0	376	1.35	1.18	91.1	85.6	0	0.018	0.3
31125	Pastille rafraîchissante, sans sucres	Breath mint, sugar-free	0	241	0.65	0.61	96.3	0.19	0.4	0.08	0.033
31126	Pastille rafraîchissante, sucrée	Breath mint, with sugar(s)	0	390	0.37	0.27	96.7	93.8	0.27	0.13	0.036
31127	Nougat tendre	Nougat, soft	0	437	13.9	1.21	69.3	60.8	3.27	6.98	0.045
31128	Bonbon dur et sucette, sans sucres	Hard candy and lollipop, sugar-free	0	235	0.44	0.3	96	0.067	0	0.081	0.073
31129	Préparation aux fruits divers (35% de fruits min, sucres et autre(s) ingrédient(s))	Fruit preparation, sweetened, 35% fruits minimum, with sugars and other ingredient(s)	0	204	0.75	0.089	47.4	45	2.8	0.81	0.028
32000	Grains de blé soufflés au miel ou caramel, enrichis en vitamines et minéraux	Puffed wheat, with honey or caramel, fortified with vitamins and minerals	0	390	2	0.57	82.8	33.8	5	7.31	0.01
32001	Céréales pour petit déjeuner chocolatées, non fourrées, enrichies en vitamines et minéraux	Breakfast cereals with chocolate, extruded, not filled, fortified with vitamins and minerals	0	393	5.1	1.36	74.7	22.5	7.1	8.19	0.3
32003	Céréales pour petit déjeuner (aliment moyen)	Breakfast cereals (average)	0	402	7.21	1.96	73.2	21.2	5.99	7.96	0.6
32004	Muesli (aliment moyen)	Muesli (average)	0	433	14.3	3.44	63.4	19.4	6.9	8.87	0.44
32005	Pétales de maïs nature, enrichis en vitamines et minéraux	Corn flakes, plain, fortified with vitamins and minerals	0	368	1	0.32	80	7.59	5.5	6.88	1.01
32006	Riz soufflé nature, enrichi en vitamines et minéraux	Puffed rice, plain, fortified with vitamins and minerals	0	388	1.2	0.4	86.3	7.9	2	6.66	1
32008	Céréales pour petit déjeuner riches en fibres, au chocolat, enrichies en vitamines et minéraux	Breakfast cereals, rich in fibre, with chocolate, fortified with vitamins and minerals	0	389	4.7	2.15	71.9	19.5	9.7	9.23	0.19
32012	Riz soufflé chocolaté, non enrichi en vitamines et minéraux	Puffed rice, with chocolate, not fortified	0	387	2.3	1.06	83.3	28.2	3.9	5.96	0.71
32013	Céréales pour petit déjeuner chocolatées, non fourrées, non enrichies en vitamines et minéraux	Breakfast cereals with chocolate, not filled, not fortified	0	387	3.2	1.14	77.7	26.8	6.1	8.63	0.28
32014	Pétales de maïs nature, non enrichis en vitamines et minéraux	Corn flakes, plain, not fortified	0	372	0.7	0.31	82.4	4.12	4.6	6.88	1.82
32016	Céréales pour petit déjeuner fourrées au chocolat ou chocolat-noisettes, enrichies en vitamines et minéraux	Breakfast cereals, chocolate or chocolate-hazelnut filling, fortified with vitamins and minerals	0	440	15	3.57	67	26.3	4.4	7.06	0.88
32017	Céréales pour petit déjeuner fourrées au chocolat ou chocolat-noisettes, non enrichies en vitamines et minéraux	Breakfast cereals, chocolate or chocolate-hazelnut filling, not fortified	0	457	17.2	3.95	67.2	29.1	2.3	7	0.47
32018	Céréales pour petit déjeuner fourrées au lait ou à la vanille, enrichies en vitamines et minéraux	Breakfast cereals, vanilla or milk filling, fortified with vitamins and minerals	0	429	13.4	4.16	63.9	26	4.9	10.4	0.56
32022	Pétales de céréales au chocolat, avec ou sans fruits à coque, enrichis en vitamines et minéraux	Cereal flakes with chocolate, with or without nuts, fortified with vitamins and minerals	0	399	6.3	3.46	74.5	19.2	6	8	0.75
32023	Pétales de céréales aux fruits, enrichis en vitamines et minéraux	Cereal flakes with fruits, fortified with vitamins and minerals	0	377	1.58	0.3	80.6	14.6	4.25	8.1	0.77
32025	Pétales de céréales aux fruits à coque, enrichis en vitamines et minéraux	Cereal flakes with nuts, fortified with vitamins and minerals	0	392	5.53	1.07	73.5	23.2	6.43	8.18	1.04
32028	Pétales de céréales au chocolat, avec ou sans fruits à coque, non enrichis en vitamines et minéraux	Cereal flakes with chocolate, with or without nuts, not fortified	0	413	8.4	3.81	73.6	20.6	4.9	7.63	0.56
32029	Pétales de céréales aux fruits, non enrichis en vitamines et minéraux	Cereal flakes with fruits, not fortified	0	378	1.62	0.32	79.7	12.7	5.44	8.36	0.84
32030	Pétales de céréales, nature, sucrées, enrichies en vitamines et minéraux	Cereal flakes, plain, with sugar(s), fortified with vitamins and minerals	0	372	1.5	0.5	77.7	12.6	6	8.5	0.85
32031	Céréales pour petit déjeuner, enrichies en vitamines et minéraux (aliment moyen)	Breakfast cereals, fortified with vitamins and minerals (average)	0	408	8.2	2.2	72.8	21.4	5.75	7.71	0.67
32032	Céréales pour petit déjeuner, non enrichies en vitamines et minéraux (aliment moyen)	Breakfast cereals, not fortified (average)	0	386	3.39	1.16	77.1	23.5	6.05	8.43	0.43
32033	Céréales pour petit déjeuner riches en fibres, aux fruits ou fruits à coque, enrichies en vitamines et minéraux	Breakfast cereals, rich in fibre, with fruits or nuts, fortified with vitamins and minerals	0	395	9	3.95	64.5	23.3	9.5	8.63	0.72
32034	Céréales pour petit déjeuner riches en fibres, aux fruits ou fruits à coque, non enrichies en vitamines et minéraux	Breakfast cereals, rich in fibre, with fruits or nuts, not fortified	0	374	3.93	2.15	71.1	22.3	9.9	8.53	1.51
32035	Céréales pour petit déjeuner riches en fibres, nature, enrichies en vitamines et minéraux	Breakfast cereals, rich in fibre, plain, fortified with vitamins and minerals	0	361	2.13	0.6	67.7	11.7	11.6	11.9	1.06
32036	Céréales pour petit déjeuner riches en fibres, nature, non enrichies en vitamines et minéraux	Breakfast cereals, rich in fibre, plain, not fortified	0	368	1.85	0.4	74.8	15.2	9.4	8.48	0.86
32037	Céréales pour petit déjeuner au chocolat et caramel, extrudées, enrichies en vitamines et minéraux	Breakfast cereals with chocolate and caramel, extruded, fortified with vitamins and minerals	0	410	7.2	1.32	74.7	23.9	6.4	8.06	0.47
32038	Céréales pour petit déjeuner au chocolat et caramel, extrudées, non enrichies en vitamines et minéraux	Breakfast cereals with chocolate and caramel, extruded, not fortified	0	394	4.43	0.87	76.2	27	6.6	9.13	0.62
32039	Céréales pour petit déjeuner fourrées au lait ou à la vanille, non enrichies en vitamines et minéraux	Breakfast cereals, vanilla or milk filling, not fortified	0	440	14.5	3.23	67.5	26.8	3.4	7.94	0.53
32040	Grains de blé soufflés au miel ou caramel, non enrichis en vitamines et minéraux	Puffed wheat, with honey or caramel, not fortified	0	382	2.52	0.63	77.6	32	6.53	8.93	0.02
32041	Mélange de flocons de céréales, nature, non enrichi en vitamines et minéraux	Breakfast cereals, mix of flakes, plain, not fortified	0	341	3.17	0.6	61.7	1.49	12.4	10.2	0.01
32042	Pétales de céréales, nature, sucrées, non enrichies en vitamines et minéraux	Cereal flakes, plain, with sugar(s), not fortified	0	377	1.5	0.52	80.1	13.9	5.7	8	0.72
32043	Pétales de céréales, nature, sans sucres ajoutés, non enrichies en vitamines et minéraux	Cereal flakes plain, no added sugars, not fortified	0	369	2.78	0.42	70.2	0.88	7.28	12.2	1.22
32107	Pétales de maïs glacés au sucre, non enrichis en vitamines et minéraux	Corn flakes, sugar frosted, not fortified	0	381	0.96	0.36	85.4	23.4	2.8	6.22	1.2
32108	Muesli croustillant aux fruits, avec ou sans fruits à coque et/ou graines, non enrichi en vitamines et minéraux	Granola with fruits, with or without nut and seeds, not fortified	0	442	15.7	4.43	62.7	22.4	7.1	8.69	0.12
32109	Muesli croustillant au chocolat, non enrichi en vitamines et minéraux	Granola with chocolate, not fortified	0	446	15.1	5.26	64.7	21.5	6.8	9.25	0.31
32110	Muesli floconneux aux fruits, fruits à coque et/ou graines, enrichi en vitamines et minéraux	Muesli, with fruits, nuts and/or seeds, fortified with vitamins and minerals	0	378	5.3	0.97	68.9	20.3	7.4	9.5	0.32
32111	Muesli croustillant aux fruits, avec ou sans fruits à coque et/ou graines, enrichi en vitamines et minéraux	Granola with fruits, with or without nut and seeds, fortified with vitamins and minerals	0	464	19.4	3.58	60.4	19.1	6.7	8.38	0.56
32112	Muesli croustillant au chocolat, enrichi en vitamines et minéraux	Granola with chocolate, fortified with vitamins and minerals	0	469	19.7	6.68	61.9	22.3	5.3	8	0.49
32113	Muesli floconneux aux fruits, fruits à coque et/ou graines, sans sucres ajoutés, non enrichi	Muesli, with fruits, nuts and/or seeds, no added sugars, not fortified	0	374	8.1	1.54	59.8	13.3	8.9	10.3	0.023
32116	Céréales pour petit déjeuner très riches en fibres, nature, enrichies en vitamines et minéraux	Breakfast cereals, very rich in fibre, plain, fortified with vitamins and minerals	0	327	3.8	0.75	43.3	10.4	33.1	13.4	0.51
32121	Pétales de maïs glacés au sucre, enrichis en vitamines et minéraux	Corn flakes, sugar frosted, fortified with vitamins and minerals	0	381	0.5	0.14	88.6	36.4	2.3	4.25	0.81
32129	Boules de maïs soufflées au miel, non enrichies en vitamines et minéraux	Breakfast cereals, puffed corn with honey, not fortified	0	389	1.41	0.19	87.3	26.3	2.01	5.84	0.65
32130	Blé khorasan complet soufflé	Khorasan wheat, wholegrain, puffed	0	378	1.96	0.52	80.5	23.4	4.4	6.68	0.027
32131	Riz soufflé chocolaté, enrichi en vitamines et minéraux	Puffed rice, with chocolate, fortified with vitamins and minerals	0	382	2	1.05	81.8	18	4.5	6.75	0.62
32133	Boules de maïs soufflées au miel, enrichies en vitamines et minéraux	Breakfast cereals, puffed corn with honey, fortified with vitamins and minerals	0	384	0.9	0.24	86.6	22.9	3.2	5.63	0.89
32138	Muesli floconneux aux fruits, fruits à coque et/ou graines, non enrichi en vitamines et minéraux	Muesli, with fruits, nuts and/or seeds, not fortified	0	371	7	2.09	60.9	11.7	9.8	10.6	0.058
32139	Muesli enrichi en vitamines et minéraux (aliment moyen)	Muesli, fortified with vitamins and minerals (average)	0	436	14.6	3.51	63.6	19.7	6.77	8.78	0.47
32140	Flocons d'avoine	Oat flakes	0	369	7.82	1.37	57.7	1.04	11.2	10.6	0.011
32141	Muesli non enrichi en vitamines et minéraux (aliment moyen)	Muesli, not fortified (average food)	0	409	11.6	3.3	61.8	17.2	8.36	9.63	0.093
32142	Céréales pour petit déjeuner au miel ou caramel, soufflées ou extrudées, enrichies en vitamines et minéraux	Breakfast cereals, puffed or extruded, with honey or caramel, fortified with vitamins and minerals	0	388	4.6	0.76	75.4	21.8	6.3	7.44	0.91
32143	Céréales pour petit déjeuner au miel ou caramel, soufflées ou extrudées, non enrichies en vitamines et minéraux	Breakfast cereals, puffed or extruded, with honey or caramel, not fortified	0	382	2.78	0.62	80.1	21.9	5.03	6.73	0.43
32144	Muesli croustillant aux fruits à coque et/ou graines uniquement, enrichi en vitamines et minéraux	Granola with nuts and/or seeds only, fortified with vitamins and minerals	0	433	13.8	3.73	63.3	14.7	8.27	9.77	0.56
32145	Muesli croustillant aux fruits à coque et/ou graines uniquement, non enrichi en vitamines et minéraux	Granola with nuts and/or seeds only, not fortified	0	450	16.5	2.65	61.2	17.2	6.7	10	0.22
34000	Lapin, viande braisée	Rabbit, meat, braised	0	197	8.41	2.51	0	0	0	30.4	0.093
34001	Lapin, viande crue	Rabbit, meat, raw	0	188	11.6	4.74	0.58	0	0	20.4	0.14
34002	Lapin, viande cuite	Rabbit, meat, cooked	0	167	9.2	3.42	0.5	0	0	20.5	0.16
34003	Lapin de garenne, viande crue	Rabbit, wild, meat, raw	0	108	2.32	0.69	0	0	0	21.8	0.13
34004	Lapin de garenne, viande cuite	Rabbit, wild, meat, cooked	0	164	3.51	1.05	0	0	0	33	0.11
34500	Grenouille, cuisse, crue	Frog, leg, raw	0	70	0.28	0.073	0.66	0	0	16.2	0.14
34501	Grenouille, cuisse, grillée/poêlée	Frog, leg, grilled/pan-fried without added fat	0	95.7	0.9	0.3	0.015	0	0	21.9	0.22
36000	Poule, viande et peau crues	Hen, meat and skin, raw	0	255	20.3	5.71	0.4	0	0	17.6	0.18
36001	Poule, viande crue	Hen, meat, raw	0	142	6.32	1.57	0	0	0	21.3	0.2
36002	Poulet, cuisse, viande et peau crue	Chicken, leg, meat and skin, raw	0	192	13.5	3.85	0	0	0	17.3	0.22
36003	Poulet, viande crue	Chicken, meat, raw	0	109	2.89	0.73	0	0	0	20.9	0.19
36004	Poulet, cuisse, viande et peau rôtie/cuite au four	Chicken, leg, meat and skin, roasted/baked	0	205	11.3	4.44	0	0	0	25.9	0.23
36005	Poulet, viande et peau rôties/cuites au four	Chicken, meat and skin, roasted/baked	0	204	9.88	3.08	0	0	0	28.9	0.4
36006	Poulet, cuisse, viande rôtie/cuite au four	Chicken leg, meat, roasted/baked	0	171	8.03	2.2	0	0	0	24.8	0.26
36007	Poulet blanc, viande et peau crues	Chicken, white race, meat and skin, raw	0	122	4.3		0		0	20.8	0.2
36008	Poulet fermier, viande et peau crues	Chicken, free-range, meat and skin, raw	0	120	3.5	2.3	0	0	0	22	0.21
36014	Poule, cuisse crue	Hen, leg, raw	0	131	5.92	1.51	0	0	0	19.6	0.27
36016	Poulet, viande et peau crues	Chicken, meat and skin, raw	0	173	9.54	2.46	0.3	0	0	21.5	0.15
36017	Poulet, filet sans peau cru	Chicken, breast, without skin, raw	0	110	1.5	0.44	0	0	0	23.4	0.11
36018	Poulet, filet sans peau grillé/poêlé	Chicken, breast, without skin, grilled/pan-fried	0	141	2	0.58	0	0	0	30.1	0.14
36019	Poulet, haut de cuisse, viande crue	Chicken high leg, meat, raw	0	116	4.12	1.1	0	0	0	19.7	0.24
36020	Poulet éviscéré sans abats, cru	Chicken, eviscerated without offal, raw	0	210	15.1		0		0	18.6	0.18
36022	Poulet, pilon cru	Chicken, drumstick, raw	0	155	9.2	2.46	0	0	0	18.1	0.27
36023	Poulet, aile, viande et peau crues	Chicken, wing, meat and skin, raw	0	181	11	3.04	0	0	0	20.4	0.22
36024	Poulet, cuisse, viande crue	Chicken, leg, meat, raw	0	114	4.05	1.03	0	0	0	19.3	0.23
36027	Nuggets ou croquette panée de poulet, préemballé	Chicken nuggets, breaded croquette, prepacked	0	250	11.6	2.68	19.4	1.3	2.4	15.6	1.37
36029	Poulet, poitrine, viande et peau crues	Chicken, breast, meat and skin, raw	0	167	9.25	2.66	0	0	0	20.9	0.16
36030	Poulet, cuisse, viande bouillie/cuite à l'eau	Chicken leg, meat, boiled/cooked in water	0	188	9.52		0.7	0	0	24.8	0.23
36031	Poulet, cuisse, viande et peau bouillie/cuite à l'eau	Chicken, leg, meat and skin, boiled/cooked in water	0	187	9.1	2.64	0	0	0	26.1	0.18
36032	Poulet, poitrine, viande et peau rôties/cuites au four	Chicken, breast, meat and skin, roasted/baked	0	189	7.78	2.19	0	0	0	29.8	0.18
36033	Poulet, aile, viande et peau rôties/cuites au four	Chicken, wing, meat and skin, roasted/baked	0	247	16.9	4.98	0	0	0	23.8	0.25
36035	Poulet, manchons marinés, préemballés, rôtis/cuits au four	Chicken, marinated wings, prepacked, roasted/baked	0	213	12.6	3.16	2.1	0.6	0.9	22.4	1.69
36036	Escalope panée, viennoise ou milanaise, poulet, cuite	Milanese-style chicken escalope or breaded chicken escalope	0	339	24	5.28	21.7	1.9	3.4	7.25	1.26
36037	Poulet, cuisse, viande et peau crues bio	Chicken, leg, meat and skin, raw, organic	0	193	13.3	3.82	0	0	0	18.1	0.19
36038	Poulet, cuisse, viande et peau crues label rouge	Chicken, leg, meat and skin, raw, label rouge	0	173	10.6	3.03	0	0	0	19.1	0.21
36039	Poulet, filet sans peau cru, bio	Chicken, breast, without skin, raw, organic	0	118	1.8	0.54	0	0	0	24.6	0.095
36040	Poulet, filet sans peau cru, label rouge	Chicken, breast, without skin, raw, label rouge	0	113	1	0.3	0	0	0	25.2	0.1
36041	Poulet, filet sans peau grillé/poêlé, bio	Chicken, breast, without skin, grilled/pan-fried, organic	0	144	1.8	0.62	0	0	0	31.1	0.12
36042	Volaille, viande cuite (aliment moyen)	Poultry, meat, cooked (average)	0	152	4.36	1.23	0.031	0	0	27.8	0.2
36050	Chapon, viande et peau crues	Capon, meat and skin, raw	0	195	12.8	1.5	0	0	0	19.9	0.14
36051	Chapon, viande et peau rôties/cuites au four	Capon, meat and skin, roasted/baked	0	221	11.7	3.26	0		0	29	0.12
36100	Caille, viande et peau crues	Quail, meat and skin, raw	0	140	6.8	1.91	0	0	0	19.6	0.13
36101	Caille, viande crue	Quail, meat, raw	0	128	4.53	1.32	0	0	0	21.8	0.13
36102	Caille, viande et peau cuites	Quail, meat and skin, cooked	0	206	10.9	3.51	0	0	0	26.8	0.13
36200	Canard, viande et peau rôties/cuites au four	Duck, meat and skin, roasted/baked	0	331	28.4	9.67	0	0	0	19	0.15
36201	Canard, viande crue	Duck, meat, raw	0	127	5.95	2.32	0	0	0	18.3	0.19
36202	Canard, viande rôtie/cuite au four	Duck, meat, roasted/baked	0	194	11.2	3.95	0	0	0	23.3	0.39
36203	Canard, cuisse avec peau, sans os, crue	Duck, leg, meat and skin, raw	0	104	3.1	1.05	0.3		0	18.7	0.26
36204	Canard, viande et peau crues	Duck, meat and skin, raw	0	273	22.6	7.47	0	0	0	17.4	0.14
36205	Canard, magret grillé/poêlé	Duck, magret, grilled/pan-fried	0	188	9.05	3.35	0	0	0	26.7	1.09
36206	Canard, magret cru	Duck, breast fillet, raw	0	337	29.4	8.95	0.1	0.1	0	17.9	0.21
36300	Dinde, viande et peau crues	Turkey, meat and skin, raw	0	137	5.64	1.46	0	0	0	21.6	0.28
36301	Dinde, viande crue	Turkey, meat, raw	0	108	1.93	0.46	0	0	0	22.6	0.3
36302	Dinde, viande rôtie/cuite au four	Turkey, meat, roasted/baked	0	151	3.84	1.13	0	0	0	29.1	0.25
36304	Dinde, escalope crue	Turkey, escalope, raw	0	108	1.48	0.29	0	0	0	23.7	0.28
36305	Dinde, cuisse, viande et peau crues	Turkey, leg, meat and skin, raw	0	149	7.85	2.24	0	0	0	19.7	0.23
36306	Dinde, escalope grillée/poêlée	Turkey, escalope, grilled/pan-fried	0	124	1.09	0.51	0		0	28.5	0.16
36307	Dinde, cuisse, viande crue	Turkey, leg, meat, raw	0	108	2.5	0.68	0	0	0	21.3	0.31
36308	Dinde, escalope rôtie/cuite au four	Turkey, escalope, roasted/baked	0	139	2.08	0.59	0	0	0	30.1	0.25
36310	Dinde, aile crue	Turkey, wing, raw	0	192	12.3	3.28	0		0	20.2	0.14
36318	Escalope panée, viennoise ou milanaise, dinde, cuite	Milanese-style turkey escalope or breaded turkey escalope	0	211	10.9	1.53	13.5	1.07	1.3	14.1	1.03
36401	Faisan, viande crue	Pheasant, meat, raw	0	126	3.73	1.27	0	0	0	23.2	0.097
36402	Faisan, viande rôtie/cuite au four	Pheasant, meat, roasted/baked	0	239	12.1	3.91	0	0	0	32.4	0.11
36403	Faisan, viande et peau crues	Pheasant, meat and skin, raw	0	164	7.95	3.51	0	0	0	23.2	0.09
36500	Oie, viande crue	Goose, meat, raw	0	155	7.13	2.79	0	0	0	22.8	0.22
36501	Oie, viande et peau crues	Goose, meat and skin, raw	0	366	33.6	9.78	0	0	0	15.9	0.18
36502	Oie, viande rôtie/cuite au four	Goose, meat, roasted/baked	0	230	12.7		0		0	29	0.19
36503	Oie, viande et peau rôties/cuites au four	Goose, meat and skin, roasted/baked	0	298	21.9	6.87	0	0	0	25.2	0.18
36600	Pigeon, viande crue	Pigeon, meat, raw	0	213	15.7	5.2	0	0	0	18	0.13
36602	Pigeon, viande rôtie/cuite au four	Pigeon, meat, roasted/baked	0	213	13	3.74	0	0	0	23.9	0.14
36603	Gibier à plumes, viande, cuit (aliment moyen)	Feathered game, meat, cooked (average)	0	203	11.5	4.05	0	0	0	24.9	0.69
36700	Pintade, viande crue	Guinea fowl, meat, raw	0	128	4.46	1.21	0	0	0	22	0.17
36702	Pintade, poitrine crue	Guinea fowl, breast, raw	0	107	0.7	0.23	0	0	0	25.1	0.13
36703	Pintade, cuisse crue	Guinea fowl, leg, raw	0	118	2.9	0.94	0.2	0.2	0	22.8	0.18
36800	Autruche, viande crue	Ostrich, meat, raw	0	159	8.7		0	0	0	20.2	0.18
36801	Autruche, viande cuite	Ostrich, meat, cooked	0	168	7.07		0	0	0	26.2	0.2
36900	Volaille, cuite (aliment moyen)	Poultry, cooked (average)	0	167	6.37	2.07	0.033	0.004	0.003	27.3	0.25
37000	Base de pizza (pâte et sauce à la crème), crue	Base for pizza (dough + cream sauce), raw	0	261	2.6	0.8	51.1	1.8	1	7.7	1.75
37001	Pâte à pizza, préemballée, crue	Pizza dough, prepacked, raw	0	240	3.45	0.25	44.2	1.4	2.2	7.05	1.31
37002	Base de pizza (pâte et sauce à la tomate), crue	Base for pizza (dough + tomato sauce), raw	0	232	2.7	0.8	44.6	1.5	1	6.9	1.75
38104	Chips, beignet ou pétale à la crevette	Prawn crackers	0	508	26.6	2.4	63.7	7.1	1	3.1	1.53
38105	Chips de maïs ou tortilla chips, aromatisé	Maiz/corn chips or tortilla chips, flavoured	0	499	25.4	10.4	59.1	2.79	4.16	6.53	1.49
38106	Biscuit ou cracker apéritif, soufflé, goût pomme de terre	Puffed salty snacks, potato flavour	0	475	23	6.49	60.6	1.39	3.74	4.59	3.08
38107	Biscuit ou cracker apéritif, mini bretzel ou sticks	Salty snacks, crackers, mini pretzels or sticks	0	376	3.13	1.4	73.7	2	4.32	11.2	4.43
38109	Biscuit apéritif, mini-chou fourré, préemballé	Salty snack, filled, prepacked	0	651	54.7	41.9	28.2	5.54	1.44	9.75	1.49
38399	Biscuit ou cracker apéritif (aliment moyen)	Salty snacks, crackers (average)	0	480	20.9	10.6	61.2	4.41	3.34	10.2	2.59
38401	Biscuit ou cracker apéritif, à base de blé, au fromage	Salty snacks, crackers, made from wheat, with cheese	0	519	29.4	13.8	47	4.36	3.86	14.8	1.88
38402	Biscuit ou cracker apéritif, à base de blé, nature ou aromatisé	Salty snacks, crackers, made from wheat, plain or flavoured	0	499	23.8	12.2	59.1	5.45	3.12	10.4	2.32
38403	Biscuit ou cracker apéritif, à base de blé, nature, allégé en matière grasse	Salty snacks, crackers, made from wheat, plain, reduced fat	0	410	9.33	4.67	73.1	3.97	3.67	6.53	3
38404	Biscuit ou cracker apéritif, soufflé, goût cacahuète	Puffed salty snacks, peanut flavour	0	487	22.9	5.94	54.8	3.13	3.99	13.3	1.88
38405	Biscuit ou cracker apéritif, tuile, à base de pomme de terre	Salty snacks, crackers, made from potato	0	521	28.8	9.02	59.1	2.86	3.31	4.63	1.62
38406	Cacahuète enrobée d'un biscuit salé ou aromatisé, pour apéritif	Peanuts coated with savoury biscuit (with salt or flavoured)	0	518	29.7	7.8	45.4	4.51	3.18	15.8	2.82
38407	Biscuit ou cracker apéritif, feuilleté (flûtes, torsades, palmiers…), sans fromage	Salty snacks, crackers, puff pastry, without cheese	0	476	20.7	13.1	59.7	1.74	3.68	10.9	2.55
38408	Biscuit apéritif, crêpe dentelle fourrée, préemballée	Salted crispy crepe, filled, prepacked	0	555	35.6	23.3	48.8	14.2	1.25	9.3	1.73
38410	Biscuit ou cracker apéritif, feuilleté (flûtes, torsades, palmiers…), au fromage	Salty snacks, crackers, puff pastry, with cheese	0	524	29.6	19.1	50.2	2.14	2.2	13.1	2.53
38411	Biscuit ou cracker apéritif, à base de blé, assortiment	Salty snacks, crackers, made from wheat, various types	0	501	25.3	5.76	58.2	6.87	2.78	8.88	1.88
38413	Biscuit ou cracker apéritif, gaufrette fourrée	Salty snacks, crackers, mini waffle, filled	0	585	42.4	37.4	39.6	9.44	2.19	10.4	1.86
38414	Gressin, au sésame	Grissini or bread stick, with sesame	0	443	15.7	5.24	59.3	3.06	4.64	12.8	1.7
38415	Gressin, au sésame, allégé en matière grasse	Grissini or bread stick, with sesame, reduced fat	0	427	13.9	3.1	56.8	1.9	6.77	14	1.81
38416	Biscuit ou cracker apéritif, à base de riz et cacahuètes enrobées, mélange japonais	Salty snacks, crackers made from rice and coated peanuts, japanese style	0	409	8.27	1.91	72	10.1	1.94	10.8	1
38417	Chips de maïs ou tortilla chips, nature	Maize/corn chips or tortilla chips, plain	0	488	22.5	7.5	62.6	1.1	4.33	6.1	0.88
38419	Biscuit ou cracker apéritif, soufflé, goût bacon	Puffed salty snacks, bacon flavour	0	513	25.9	8.55	62.2	1.55	2.45	6.5	2.2
38420	Biscuit ou cracker apéritif, soufflé, nature	Puffed salty snacks, plain	0	464	19.2	7.84	64	3.74	3.53	7.17	2.67
38421	Biscuit ou cracker apéritif, soufflé, goût fromage	Puffed salty snacks, cheese flavour	0	510	27.3	12.8	57.6	3.26	2.64	7.29	2.24
38422	Biscuit ou cracker apéritif, soufflé, sans précision (aliment moyen)	Puffed salty snacks (average)	0	535	32.6	27.3	48.8	9.63	2.12	10.5	1.61
38500	Croûton, à l'ail, aux fines herbes ou aux oignons, préemballé	Crouton with garlic, herbs or onions, prepacked	0	484	22.9	3.04	59	4.33	3.37	8.87	2.56
38501	Croûton, au fromage, préemballé	Crouton with cheese, prepacked	0	535	32	5.21	52.3	4	2.67	8.24	1.7
39001	Milkshake, de restauration rapide	Milkshake, from fast food	0	126	4.66	2.68	17.4	13.6	0.65	3.38	0.21
39200	Crème dessert au chocolat, rayon frais	Custard dessert, chocolate, refrigerated	0	121	3.55	2.26	17.9	15.4	1.5	3.46	0.16
39206	Mousse au chocolat (base laitière), rayon frais	Chocolate mousse (milk-based), refrigerated	0	155	5.45	3.59	20.3	19.3	1.82	5.06	0.18
39209	Crème caramel, rayon frais	Caramel custard, refrigerated	0	155	5.74	3.54	21	19.3	0.32	4.75	0.15
39210	Mousse au chocolat traditionnelle, rayon frais	Chocolate mousse, traditional, refrigerated	0	319	21.1	12.5	23.8	21.4	2.74	7.38	0.28
39211	Crème aux oeufs (petit pot de crème chocolat, vanille, etc.), rayon frais	Custard with eggs (small jar of chocolate or vanilla cream), refrigerated	0	162	8.1	4.84	17.5	12.9	0.9	4.34	0.14
39212	Riz au lait vanille, cannelle ou nature, rayon frais	Rice pudding, vanilla, cinnamon or plain, refrigerated	0	121	3.4	2.07	18.9	10.8	1.2	3	0.11
39213	Crème brûlée, rayon frais	Caramelized custard cream (crème brûlée), refrigerated	0	269	20.1	13.1	17.5	16.3	0.32	4.44	0.11
39214	Crème dessert à la vanille, appertisée	Custard dessert, vanilla, canned	0	133	3.62	1.8	21.1	16	0.5	3.85	0.17
39215	Ile flottante, rayon frais	Floating island (meringue poached in milk and served in a light custard cream), refrigerated	0	131	3.05	1.53	21.4	19.4	0.067	4.7	0.12
39216	Clafoutis aux fruits, rayon frais	Fruits batter-pudding, refrigerated	0	198	6.39	4.01	29.4	22.1	1.54	5.21	0.19
39218	Semoule au lait, rayon frais	Semolina pudding, refrigerated	0	132	4.73	2.24	18.9	12.8	0.33	3.41	0.11
39220	Liégeois aux fruits, rayon frais	Fruit liegeois, refrigerated	0	145	7.26	4.75	17.7	16.5	1.37	1.15	0.048
39229	Crème dessert à la vanille, rayon frais	Custard dessert, vanilla, refrigerated	0	103	2.88	1.88	16.2	13.8	0.11	2.98	0.12
39230	Crème dessert, rayon frais (aliment moyen)	Custard dessert, refrigerated (average)	0	138	5.82	3.74	17.4	14.9	0.77	3.5	0.14
39233	Fondant au chocolat noir et crème anglaise, rayon frais	Dark chocolate fondant with light custard cream, refrigerated	0	211	13	8	19	14		4.5	0.1
39234	Gâteau au chocolat, coeur fondant, rayon frais	Chocolate cake, with creamy chocolate heart, refrigerated	0	373	19.5	12.2	41.2	30.4	3.07	6.56	0.14
39235	Mousse liégeoise (chocolat, café, caramel ou vanille), rayon frais	Mousse (chocolate, coffee, caramel or vanilla) topped with whipped cream, refrigerated	0	177	9.35	6.25	19.2	17.7	0.57	3.75	0.13
39236	Pain perdu	French toast	0	226	8.45	2.13	30.8	14.1	1.1	6	1.22
39246	Crème dessert au café, rayon frais	Custard dessert, coffee, refrigerated	0	118	4.09	2.74	17.3	14.4	0.075	2.86	0.16
39247	Crème dessert au caramel, rayon frais	Custard dessert, caramel, refrigerated	0	108	2.68	1.75	18.1	14.2	0.078	2.88	0.19
39248	Mousse au chocolat végétale, rayon frais	Chocolate mousse, plant-based, refrigerated	0	262	14	9.04	24.3	23.1	5.1	6.69	0.36
39249	Mousse aux fruits, au fromage frais, 0% MG, sucrée, avec édulcorants, enrichie en calcium, rayon frais	Fruit mousse, with cottage cheese, 0% fat, with sugar(s) and sweetener(s), fortified with calcium, refrigerated	0	51.7	0	0	5.51	4.31	1.2	6.25	0.09
39250	Mousse aux fruits, au fromage frais, sucrée, rayon frais	Fruit mousse, with cottage cheese, with sugar(s), refrigerated	0	144	7.39	4.79	14.4	11.6	0.033	5.03	0.096
39251	Riz au lait, au caramel, rayon frais	Rice pudding with caramel, refrigerated	0	146	4	2.58	24.5	16.5	0.1	2.95	0.16
39252	Riz au lait, rhum raisins, rayon frais	Rice pudding with rhum and raisins, refrigerated	0	133	3.44	2.17	22.3	15.1	0.28	3.03	0.13
39253	Mousse au chocolat ou café, sur ganache, rayon frais	Chocolate or coffee mousse, on ganache cream, refrigerated	0	360	29.7	20.8	17.5	15	2.67	4.58	0.14
39254	Crème dessert au chocolat et billes de céréales chocolatées, rayon frais	Custard dessert, chocolate, with chocolate-coated cereals, refrigerated	0	140	3.78	2.28	22.5	19.3	0.38	3.85	0.18
39400	Lait de poule, sans alcool	Eggnog, without alcohol	0	87.8	4.19	2.59	8.05	8.05	0	4.55	0.14
39401	Pêche melba	Peach melba (with vanilla ice cream and raspberry sauce)	0	119	3.62	1.71	18.8	18.2	1.54	2.06	0.063
39500	Glace à l'eau ou sorbet ou crème glacée, tout parfum (aliment moyen)	Ice cream or sorbet or ice pop, any flavour (average)	0	249	11.9	8.45	32	25.3	1.06	2.73	0.14
39502	Dessert glacé type mystère ou vacherin	Frozen dessert, ice cream with meringue	0	226	9	5.21	32.9	29.1	1.15	2.86	0.11
39503	Glace ou crème glacée, bâtonnet enrobage chocolat	Ice cream, stick, chocolate-coated	0	329	20	14	33.3	27.8	1.21	3.3	0.17
39505	Crème dessert, appertisée (aliment moyen)	Custard dessert, canned (average)	0	136	3.51	1.19	21.5	16.4	2.12	3.53	0.13
39506	Crème dessert au chocolat, appertisée	Custard dessert, chocolate, canned	0	138	3.42	0.63	21.8	16.8	3.6	3.25	0.1
39509	Glace ou crème glacée, cône (taille standard)	Ice cream, cone (normal size)	0	290	13.5	9.77	36.8	25.1	0	3.51	0.13
39511	Crème dessert, rayon frais ou appertisée (aliment moyen)	Custard dessert, refrigerated or canned (average)	0	138	5.75	3.66	17.6	15	0.81	3.5	0.14
39512	Dessert glacé type sundae	Frozen dessert, Sundae ice cream type	0	211	8.7	6.98	30.8	27	0.33	2.42	0.22
39515	Glace ou crème glacée, en bac	Ice cream, in box	0	191	8.4	5.44	26.1	21.9	0	2.55	0.12
39516	Dessert glacé feuilleté, à partager	Frozen dessert, crispy chocolate and ice cream, to share	0	242	13.6	10.8	27.3	23.5	0.84	2.36	0.14
39517	Glace au yaourt	Frozen yogurt	0	126	2.2	1.44	22.7	20.7	0	3.45	0.093
39518	Omelette norvégienne	Baked Alaska	0	212	6.5	3.9	34.8	32.7	0	3.6	0.15
39519	Poire belle Hélène	Belle Helene pear (cooked pear topped with hot chocolate sauce on a bed of vanilla ice cream)	0	196	9.57	5.19	23.5	21	2.76	2.74	0.039
39520	Glace ou crème glacée, gourmande, en bac	Ice cream, gourmet, in box	0	231	11	6.78	29.4	24.8	0.91	3.32	0.19
39521	Glace ou crème glacée, gourmande, en pot	Ice cream, gourmet, in cup	0	256	13.6	8.33	29.2	24.9	1	3.94	0.22
39522	Glace ou crème glacée, mini cône	Ice cream, cone, mini	0	351	19	14.2	40.2	28.1	1.96	3.89	0.15
39523	Glace ou crème glacée, pot individuel	Ice cream, in individual cup	0	233	13.8	9.23	23.3	18.9	0.74	3.64	0.16
39524	Sorbet, en bac	Sorbet, in box	0	122	0.56	0.33	28.7	24.9	0.99	0.41	0.04
39525	Sorbet, pot individuel	Sorbet, in individual cup	0	126	1.03	0.83	28.4	25.5	0.96	0.5	0.055
39526	Glace à l'eau	Ice lolly	0	83.8	0.17	0.1	20.5	19.4	0.26	0.18	0.02
39527	Glace ou crème glacée, bac ou pot (aliment moyen)	Ice cream, box or cup (average)	0	171	6.45	4.18	25	21.5	1.5	2.83	0.11
39528	Sorbet, cône	Sorbet, cone	0	216	5.78	4.7	38.2	27.7	1.85	1.82	0.088
39529	Nougat glacé	Iced nougat	0	249	13.4	5.86	26.4	23	2.41	4.47	0.093
39530	Citron givré ou orange givrée (sorbet)	Frosted lemon or orange (sorbet)	0	133	1.77	0	29.1	24.4	0	0.14	0.034
39531	Glace ou crème glacée, petit pot enfant	Ice cream, in cup for children	0	170	6.64	5.42	24.9	21.8	0.67	2.32	0.14
39532	Coupe glacée type café ou chocolat liégeois	Goblet of ice cream, coffe or chocolate ice cream topped with whipped cream	0	210	9.24	6.92	28.7	25.8	0.9	2.71	0.15
39533	Bûche glacée	Ice cream log	0	219	9.61	6.43	29.8	25.6	1.04	2.8	0.16
39534	Coupe glacée parfum pêche Melba ou poire Belle-Hélène	Goblet of ice cream, Belle-Hélène pear or Melba peach-style	0	160	4.07	2.49	28.9	23.8	0.89	1.46	0.08
39535	Glace ou crème glacée, bâtonnet enrobage fruits	Ice cream, stick, fruit-coated	0	160	5.14	3.72	26.8	22.2	0.4	1.52	0.086
39700	Crème anglaise, préemballée	Light custard cream with vanilla, prepacked	0	97.3	2.5	1.55	14.8	12.9	1	3.44	0.13
39710	Crème pâtissière instantanée, reconstituée	Pastry cream or custard, instant, reconstituted	0	120	3.6	1.87	18	15.3	0	3.79	0.2
40002	Cervelle, agneau, crue	Brain, lamb, raw	0	121	8.58	2.19	0.49		0	10.4	0.28
40003	Cervelle, agneau, cuite	Brain, lamb, cooked	0	142	10.2	2.6	0.19		0	12.6	0.34
40004	Cervelle, porc, braisée	Brain, pork, braised	0	174	13.8	3.14	0		0	12.4	0.33
40005	Cervelle, porc, crue	Brain, pork, raw	0	128	9.21	2.08	1.02		0	10.3	0.3
40006	Cervelle, veau, crue	Brain, calf, raw	0	116	8.21	1.91	0.33		0	10.3	0.32
40007	Cervelle, veau, cuite	Brain, calf, cooked	0	135	9.63	2.18	0.6		0	11.5	0.39
40052	Coeur, boeuf, cru	Heart, beef, raw	0	103	2.95	0.74	0.6	0	0	18.5	0.2
40053	Coeur, boeuf, cuit	Heart, beef, cooked	0	133	4.5	1.81	0	0	0	23	0.15
40054	Coeur, poulet, cru	Heart, chicken, raw	0	149	9.33	2.66	0.71		0	15.6	0.19
40055	Coeur, dinde, cru	Heart, turkey, raw	0	135	7.44	1.92	0.4	0	0	16.7	0.32
40056	Coeur, poulet, cuit	Heart, chicken, cooked	0	177	7.92	2.26	0.1		0	26.4	0.12
40057	Coeur, dinde, cuit	Heart, turkey, cooked	0	167	7.52	1.9	0	0	0	24.9	0.35
40058	Coeur, agneau, cru	Heart, lamb, raw	0	118	5.68	2.25	0.21	0.21	0	16.5	0.22
40059	Coeur, agneau, cuit	Heart, lamb, cooked	0	179	7.91	3.14	1.93		0	25	0.16
40060	Coeur, porc, cru	Heart, pork, raw	0	114	4.36	1.16	1.32	0	0	17.3	0.14
40062	Coeur, veau, cru	Heart, calf, raw	0	105	3.98	1.07	0.08		0	17.2	0.19
40102	Foie, agneau, cru	Liver, lamb, raw	0	137	5.45	1.45	0.16	0.16	0	21.8	0.14
40103	Foie, agneau, cuit	Liver, lamb, cooked	0	162	5.8	1.81	4.37		0	23	0.31
40104	Foie, génisse, cru	Liver, heifer, raw	0	136	4.3	1.66	3.33	0	0	21	0.15
40105	Foie, génisse, cuit	Liver, heifer, cooked	0	165	5.71	1.69	2.2	0	0	26.3	0.19
40106	Foie, veau, cru	Liver, calf, raw	0	120	3.4	1.31	5.64	0	0	15.5	0.16
40107	Foie, veau, cuit	Liver, calf, cooked	0	140	3.02	0.98	9.23		0	19	0.21
40108	Foie, volaille, cru	Liver, poultry, raw	0	134	4.75	1.5	1.25	0	0	21.5	0.22
40109	Foie, volaille, cuit	Liver, poultry, cooked	0	164	6.4	2.5	0		0	25.8	0.25
40110	Foie, lapin, cru	Liver, rabbit, raw	0	134	4	1.09	5.39	3.75	0	19	0.17
40111	Foie, poulet, cru	Liver, chicken, raw	0	114	4.83	1.56	0.73	0	0	16.9	0.18
40113	Foie, porc, cuit	Liver, pork, cooked	0	159	4.4	1.41	3.76		0	26	0.12
40115	Foie, dinde, cru	Liver, turkey, raw	0	123	5.5	1.66	0	0	0	18.3	0.33
40116	Foie, poulet, cuit	Liver, chicken, cooked	0	160	6.51	2.06	0.86	0	0	24.5	0.19
40118	Foie, dinde, cuit	Liver, turkey, cooked	0	182	8.18	2.3	0	0	0	27	0.25
40119	Foie, porc, cru	Liver, pork, raw	0	124	4.2	1.66	1.06	1.06	0	20.6	0.34
40120	Foie, oie, cru	Liver, goose, raw	0	129	4.28	1.59	6.32		0	16.4	0.35
40121	Foie, canard, cru	Liver, duck, raw	0	131	4.64	1.44	3.52		0	18.7	0.35
40201	Langue, veau, cuite	Tongue, calf, cooked	0	237	17	4.83	0		0	21	0.16
40202	Langue, boeuf, crue	Tongue, beef, raw	0	195	13.8	4.69	0.82	0.3	0	16.8	0.17
40203	Langue, boeuf, cuite	Tongue, beef, cooked	0	236	15.6	6.05	0.22	0	0	23.7	0.16
40204	Langue, veau, crue	Tongue, calf, raw	0	181	12.2	5.1	0.83		0	16.9	0.23
40205	Langue, porc, crue	Tongue, pork, raw	0	222	17.2	5.96	0.5	0	0	16.3	0.28
40207	Langue, agneau, crue	Tongue, lamb, raw	0	167	10.9	3.52	1.75	0	0	15.4	0.25
40302	Ris, agneau, cru	Sweetbread, lamb, raw	0	148	9.82	4.44	0.17	0	0	14.8	0.19
40303	Ris, agneau, cuit	Sweetbread, lamb, cooked	0	228	15.1	6.84	0.25		0	22.8	0.13
40304	Ris, veau, cru	Sweetbread, calf, raw	0	96.5	3.07	0.81	0	0	0	17.2	0.17
40305	Ris, veau, braisé ou grillé/poêlé	Sweetbread, calf, braised or grilled/pan-fried	0	174	5.8	1.65	9.52	0	0	21	0.15
40401	Rognon, cuit (aliment moyen)	Kidney, cooked (average)	0	165	6.68	2.08	0.018	0	0	26.3	0.25
40402	Rognon, boeuf, cru	Kidney, beef, raw	0	95.7	2.65	0.5	0.85	0	0	17.1	0.42
40403	Rognon, boeuf, cuit	Kidney, beef, cooked	0	171	7	2.2	0	0	0	27	0.24
40404	Rognon, porc, cru	Kidney, pork, raw	0	99.5	3.25	1.04	1.1	0	0	16.5	0.3
40405	Rognon, porc, cuit	Kidney, pork, cooked	0	144	4.7	1.51	0		0	25.4	0.2
40406	Rognon, agneau, braisé	Kidney, lamb, braised	0	131	3.62	1.23	0.99	0	0	23.7	0.38
40407	Rognon, agneau, cru	Kidney, lamb, raw	0	93.9	3.43	0.93	1.08	0	0	14.7	0.52
40408	Rognon, veau, braisé ou grillé/poêlé	Kidney, veal, braised or grilled/pan-fried	0	167	7	2.14	0	0	0	26	0.28
40409	Rognon, veau, cru	Kidney, calf, raw	0	94.5	3.12	0.96	0.85		0	15.8	0.45
40502	Tripes, boeuf, crues	Tripe, beef, raw	0	81.5	3.69	1.29	0	0	0	12.1	0.24
40600	Sang, boeuf, cru	Blood, beef, raw	0	82.1	0.12	0.04	0.8	0.8	0	19.5	0.6
40601	Abat, cuit (aliment moyen)	Offal, cooked (average)	0	159	4.58	1.54	2.18	0	0	27.4	0.97
40700	Gésier, poulet, cru	Gizzard, chicken, raw	0	99.1	3.53	1.01	0	0	0	16.8	0.19
40701	Gésier, canard, confit, appertisé	Preserved gizzards, duck, canned	0	148	2.1	0.7	0	0	0	32.4	1.92
42000	Substitut de repas hypocalorique, crème dessert	Meal replacement, low calorie, custard cream dessert type	0	89.4	2.75	0.98	9.29	6.57	1.18	6.43	0.21
42003	Substitut de repas hypocalorique, prêt à boire	Meal replacement, low calorie, ready-to-drink	0	87.9	2.45	0.55	9.8	7.2	0	6.79	0.19
42004	Substitut de repas hypocalorique, poudre reconstituée avec lait écrémé	Meal replacement, low calorie, powder, reconstituted with skimmed milk	0	79.1	1.73	0.22	9.34	8.86	1.18	6.09	0.43
42005	Substitut de repas hypocalorique, poudre reconstituée avec lait écrémé, type milkshake	Meal replacement, low calorie, powder, reconstituted with skimmed milk, milkshake type	0	86.6	2.28	0.3	10.1	9.92	0.63	6.19	0.19
42200	Lécithine de soja	Soy lecithin	0	779	83	12.6	8	3.3	0	0	0.038
42501	Poudre cacaotée pour bébé	Cocoa powder for baby beverage	0	396	1.9	0.92	85	44.5	2.2	8.5	0.044
42603	Plat légumes, avec féculent et viande/poisson, dès 6/8 mois	Baby meal, vegetables with meat/fish and starchy food, from 6-8 months	0	59	1.6	0.26	5.9	1.6	3.3	3.6	0.2
42604	Plat légumes, avec féculent et viande/poisson, dès 8/12 mois	Baby meal, vegetables with meat/fish and starchy food, from 8-12 months	0	54.6	1.31	0.26	6.77	1.37	2.45	2.8	0.24
42605	Plat légumes, avec féculent et viande/poisson, dès 12 mois	Baby meal, vegetables with meat/fish and starchy food, from 12 months	0	75.7	2.9	0.53	8.95	0.9	1.9	2.5	0.24
42606	Plat légumes, avec féculent et viande/poisson, dès 18 mois	Baby meal, vegetables with meat/fish and starchy food, from 18 months	0	66.7	1.82	0.58	9.02	1.38	1.6	2.76	0.32
51500	Meloukhia, feuilles de corète séchées, en poudre	Molokhia powder (dried jute leaves)	0	239	1.8		12.7	6.9	40	23	0.17
51502	Meloukhia, sauce, artisanale	Molokhia sauce, homemade	0	215	21		1.45	1.2	8.4	1.13	0.95
51510	Frik (blé dur immature concassé), cru	Frik (crushed immature durum wheat), raw	0	323	2.25		55.8	0	19.3	9.62	0.011
51511	Frik (blé dur immature concassé), cuit, sans sel ajouté	Frik (crushed immature durum wheat), cooked, no added salt	0	76	0.48		14	0	3.5	2.04	0.005
51550	Feuille de brick ou khatfa, préemballée	Khatfa (phyllo or filo pastry sheets), prepacked	0	283	1.5	0.1	59	2	2.5	7	3.25
53100	Banane plantain, crue	Plantain banana, raw	0	132	0.37	0.14	29.6		2.3	1.3	0.01
53101	Banane plantain, cuite	Plantain banana, cooked	0	125	0.18	0.069	28.9	14	2.3	0.79	0.013
53200	Taro, tubercule, cru	Taro, tuber, raw	0	105	0.2	0.041	22.4	0.4	4.1	1.5	0.028
53201	Taro, tubercule, cuit	Taro, tuber, cooked	0	131	0.11	0.023	29.5	0.49	5.1	0.52	0.038
53502	Igname, pelée, crue	Yam, peeled, raw	0	111	0.17	0.037	23.7	0.5	4.1	1.53	0.023
53503	Igname, épluchée, bouillie/cuite à l'eau	Yam, peeled, boiled/cooked in water	0	109	0.14	0.029	23.6	0.49	3.9	1.49	0.02
53672	Igname, crue	Yam, raw	0	111	0.2	0.038	23.9		4.1	1.25	0.023
54031	Manioc, racine crue	Cassava or manioc, root, raw	0	157	0.28	0.074	36.3	1.7	1.8	1.36	0.035
54034	Manioc, racine cuite	Cassava or manioc, root, cooked	0	135	0.043		32.8		0.4	0.69	
54035	Gari, semoule de manioc fermentée et séchée	Gari, cassava flour, dried, fermented	0	340	0.73		81.6		1.4	1.12	0.15
58100	Gombo, fruit, cru	Okra, raw	0	31	0.19	0.026	3.8	1.48	3.2	1.93	0.018
58103	Gombo, fruit, cuit	Okra, cooked	0	22.4	0.21	0.045	2.01	2.01	2.5	1.87	0.015
76000	Eau minérale Abatilles, embouteillée, plate, faiblement minéralisée (Arcachon, 33)	Mineral still water (Abatilles), bottled, lightly mineralized	1	0	0	0	0	0	0	0	0.023
76001	Eau minérale Aix-les-Bains, embouteillée, plate, faiblement minéralisée (Aix-les-Bains, 73)	Mineral still water (Aix-les-Bains), bottled, lightly mineralized	1	0	0	0	0	0	0	0	0
76002	Eau minérale Aizac, embouteillée, gazeuse, faiblement minéralisée (Aizac, 07)	Mineral sparkling water (Aziac), bottled, lightly mineralized	1	0	0	0	0	0	0	0	0
76004	Eau minérale Amanda, embouteillée, plate, riche en sels minéraux (St-Amand, 59)	Mineral still water (Amanda), bottled, strongly mineralized	1	0	0	0	0	0	0	0	0.01
76006	Eau minérale Arcens, embouteillée, gazeuse, moyennement minéralisée (Arcens, 07)	Mineral sparkling water (Arcens), bottled, averagely mineralized	1	0	0	0	0	0	0	0	0.004
76007	Eau minérale Ardesy, embouteillée, gazeuse, riche en sels minéraux (Ardes, 63)	Mineral sparkling water (Ardesy), bottled, strongly mineralized	1	0	0	0	0	0	0	0	0.064
76010	Eau minérale Celtic, embouteillée, gazeuse ou plate, très faiblement minéralisée (Niederbronn, 67)	Mineral water (Celtic), bottled, very lightly mineralized	1	0.004	0	0	0.001	0	0	0	0
76011	Eau minérale Chambon, embouteillée, plate, faiblement minéralisée (Chambon, 45)	Mineral still water (Chambon), bottled, lightly mineralized	1	0.012	0	0	0.003	0	0	0	0.003
76012	Eau minérale Chantemerle, embouteillée, plate, faiblement minéralisée (Le Pestrin, 07)	Mineral still water (Chantemerle), bottled, lightly mineralized	1	0	0	0	0	0	0	0	0
76013	Eau minérale Chateauneuf, embouteillée, gazeuse, riche en sels minéraux (Chateauneuf, 63)	Mineral sparkling water (Chateauneuf), bottled, strongly mineralized	1	0	0	0	0	0	0	0	0.038
76014	Eau minérale Chateldon, embouteillée, gazeuse, riche en sels minéraux (Chateldon, 63)	Mineral sparkling water (Chateldon), bottled, strongly mineralized	1	0	0	0	0	0	0	0	0.001
76015	Eau minérale Clos de l'Abbaye, embouteillée, plate, moyennement minéralisée (St-Amand, 59)	Mineral still water (Clos de l'Abbaye), bottled, averagely mineralized	1	0.064	0	0	0.016	0	0	0	0.006
76016	Eau minérale Contrex, embouteillée, plate, riche en sels minéraux (Contrexéville, 88)	Mineral still water (Contrex), bottled, strongly mineralized	1	0.031	0	0	0.008	0	0	0	0.001
76017	Eau minérale Dax, embouteillée, plate, moyennement minéralisée (Dax, 40)	Mineral still water (Dax), bottled, averagely mineralized	1	0.28	0	0	0.069	0	0	0	0.031
76018	Eau minérale Didier, embouteillée, gazeuse, riche en sels minéraux (Martinique)	Mineral sparkling water (Didier), bottled, strongly mineralized	1	0	0	0	0	0	0	0	0.032
76019	Eau minérale Didier, embouteillée, plate, riche en sels minéraux (Martinique)	Mineral still water (Didier), bottled, strongly mineralized	1	0	0	0	0	0	0	0	0.004
76020	Eau minérale Evian, embouteillée, plate, faiblement minéralisée (Evian, 74)	Mineral still water (Evian), bottled, lightly mineralized	1	0	0	0	0	0	0	0	0.001
76022	Eau minérale Hépar, embouteillée, plate, riche en sels minéraux (Vittel, 88)	Mineral still water (Hépar), bottled, strongly mineralized	1	0	0	0	0	0	0	0	0.003
76023	Eau minérale Hydroxydase, embouteillée, gazeuse, riche en sels minéraux (Le Breuil sur Couze, 63)	Mineral sparkling water (Hydroxydase), bottled, strongly mineralized	1	1.04	0	0	0	0	0	0	0.058
76024	Eau minérale Vernière, embouteillée, gazeuse, moyennement minéralisée (Les Aires, 34)	Mineral sparkling water (Vernière), bottled, averagely mineralized	1	0	0	0	0	0	0	0	0.002
76025	Eau minérale Luchon, embouteillée, plate, faiblement minéralisée (Luchon, 31)	Mineral still water (Luchon), bottled, lightly mineralized	1	0	0	0	0	0	0	0	0
76027	Eau minérale Mont-Roucous, embouteillée, plate, très faiblement minéralisée (Lacaune, 81)	Mineral water (Mont-Roucous, bottled, very lightly mineralized	1	0	0	0	0	0	0	0	0.001
76029	Eau minérale Orée du bois, embouteillée, plate, moyennement minéralisée (St-Amand, 59)	Mineral water (Orée du bois), bottled, averagely mineralized	1	0	0	0	0	0	0	0	0.01
76030	Eau minérale Orezza, embouteillée, gazeuse, moyennement minéralisée (Rapaggio, 20B)	Mineral sparkling water (Orezza), bottled, averagely mineralized	1	0	0	0	0	0	0	0	0.002
76031	Eau minérale Parot, embouteillée, gazeuse, moyennement minéralisée (St-Romain-le-Puy, 42)	Mineral sparkling water (Parot), bottled, averagely mineralized	1	0	0	0	0	0	0	0	0.016
76032	Eau minérale Plancoet, embouteillée, gazeuse ou plate, faiblement minéralisée (Plancoet, 22)	Mineral water (Plancoet), bottled, lightly mineralized	1	0	0	0	0	0	0	0	0.006
76033	Eau minérale Propiac, embouteillée, plate, riche en sels minéraux (Propiac, 26)	Mineral still water (Propiac), bottled, strongly mineralized	1	0.92	0	0	0	0	0	0	0.17
76034	Eau minérale Puits St-Georges, embouteillée, gazeuse, moyennement minéralisée (St-Romain-le-Puy, 42)	Mineral sparkling water (Puits St Georges), bottled, averagely mineralized	1	0	0	0	0	0	0	0	0.006
76035	Eau minérale Quézac, embouteillée, gazeuse, moyennement minéralisée (Quézac, 48)	Mineral sparkling water (Quézac), bottled, averagely mineralized	1	0	0	0	0	0	0	0	0.003
76036	Eau minérale Reine des basaltes, embouteillée, gazeuse, moyennement minéralisée (Asperjoc, 07)	Mineral sparkling water (Reine des basaltes), bottled, averagely mineralized	1	0	0	0	0	0	0	0	0.002
76037	Eau minérale Rozana, embouteillée, gazeuse, riche en sels minéraux (Beauregard, 63)	Mineral sparkling water (Rozana), bottled, strongly mineralized	1	0	0	0	0	0	0	0	0.11
76038	Eau minérale Sail-les-Bains, embouteillée, plate, faiblement minéralisée (Sail-les-Bains, 42)	Mineral still water (Sail-les-Bains), bottled, lightly mineralized	1	0	0	0	0	0	0	0	0.006
76039	Eau minérale Salvetat, embouteillée, gazeuse, moyennement minéralisée (La Salvetat, 34)	Mineral sparkling water (Salvetat), bottled, averagely mineralized	1	0.12	0	0	0.03	0	0	0	0.001
76043	Eau minérale St-Amand, embouteillée, gazeuse ou plate, moyennement minéralisée (St-Amand, 59)	Mineral water (St-Amand), bottled, averagely mineralized	1	0	0	0	0	0	0	0	0.006
76044	Eau minérale St-Antonin, embouteillée, plate, riche en sels minéraux (St-Antonin-Noble-Val, 82)	Mineral still water (St-Antonin), bottled, strongly mineralized	1	0.088	0	0	0.022	0	0	0	0.002
76046	Eau minérale St-Diéry, embouteillée, gazeuse, riche en sels minéraux (St-Diéry, 63)	Mineral sparkling water (St-Diéry), bottled, strongly mineralized	1	0.02	0	0	0.005	0	0	0	0.019
76047	Eau minérale Ste-Marguerite, embouteillée, gazeuse, moyennement minéralisée (St-Maurice, 63)	Mineral sparkling water (Ste-Marguerite), bottled, averagely mineralized	1	0	0	0	0	0	0	0	0.038
76049	Eau minérale St-Yorre, embouteillée, gazeuse, riche en sels minéraux (Saint-Yorre, 03)	Mineral sparkling water (St-Yorre), bottled, strongly mineralized	1	0.038	0	0	0.009	0	0	0	0.053
76050	Eau minérale Thonon, embouteillée, plate, faiblement minéralisée (Thonon, 74)	Mineral still water (Thonon), bottled, lightly mineralized	1	0.029	0	0	0.007	0	0	0	0.001
76052	Eau minérale Vals-Vivaraise, embouteillée, gazeuse, moyennement minéralisée (Vals, 07)	Mineral sparkling water (Vals-Vivaraise), bottled, averagely mineralized	1	0	0	0	0	0	0	0	
76053	Eau minérale Ventadour, embouteillée, gazeuse, faiblement minéralisée (Le Pestrin, 07)	Mineral sparkling water (Ventadour), bottled, lightly mineralized	1	0.12	0	0	0.03	0	0	0	0
76054	Eau minérale Vernet, embouteillée, gazeuse, faiblement minéralisée (Prades, 07)	Mineral sparkling water (Vernet), bottled, lightly mineralized	1	0	0	0	0	0	0	0	0.001
76055	Eau minérale Vichy Célestins, embouteillée, gazeuse, riche en sels minéraux (Saint-Yorre, 03)	Mineral sparkling water (Vichy Célestins), bottled, strongly mineralized	1	0.05	0	0	0.013	0	0	0	0.039
76056	Eau minérale Vittel, embouteillée, plate, moyennement minéralisée (Vittel, 88)	Mineral still water (Vittel), bottled, averagely mineralized	1	0.082	0	0	0.02	0	0	0	0.001
76057	Eau minérale Volvic, embouteillée, plate, faiblement minéralisée (Volvic, 63)	Mineral still water (Volvic), bottled, lightly mineralized	1	0.009	0	0	0.002	0	0	0	0.003
76058	Eau minérale Volvic active, embouteillée, gazeuse, faiblement minéralisée (Volvic, 63)	Mineral sparkling water (Volvic active), bottled, lightly mineralized	1	0	0	0	0	0	0	0	0.002
76059	Eau minérale Wattwiller, embouteillée, gazeuse ou plate, faiblement minéraliséee (Wattwiller, 68)	Mineral water (Wattwiller), bottled, lightly mineralized	1	0	0	0	0	0	0	0	0.001
76060	Eau minérale Perrier, embouteillée, gazeuse, faiblement minéralisée (Vergèse, 30)	Mineral sparkling water (Perrier), bottled, lightly mineralized	1	0	0	0	0	0	0	0	0.002
76061	Eau minérale Badoit, embouteillée, gazeuse, moyennement minéralisée (St-Galmier, 42)	Mineral sparkling water (Badoit), bottled, averagely mineralized	1	0	0	0	0	0	0	0	0.009
76062	Eau minérale Avra, embouteillée, plate, faiblement minéralisée (Grèce)	Mineral still water (Avra), bottled, lightly mineralized	1	0	0	0	0	0	0	0	0.001
76063	Eau minérale Beckerich, embouteillée, plate, faiblement minéralisée (Luxembourg)	Mineral still water (Beckerich), bottled, lightly mineralized	1	0	0	0	0	0	0	0	0.001
76065	Eau minérale Chaudfontaine, embouteillée, plate, faiblement minéralisée (Belgique)	Mineral still water (Chaudfontaine), bottled, lightly mineralized	1	0	0	0	0	0	0	0	0.006
76066	Eau minérale Christinen Brunnen, embouteillée, plate, moyennement minéralisée (Allemagne)	Mineral still water (Christinen Brunnen), bottled, averagely mineralized	1	0	0	0	0	0	0	0	0.047
76067	Eau minérale Courmayeur, embouteillée, plate, riche en sels minéraux (Italie)	Mineral still water (Courmayer), bottled, strongly mineralized	1	0	0	0	0	0	0	0	0
76069	Eau minérale Levissima, embouteillée, plate, faiblement minéralisée (Italie)	Mineral still water (Levissima), bottled, lightly mineralized	1	0	0	0	0	0	0	0	0
76070	Eau minérale Luso, embouteillée, plate, très faiblement minéralisée (Portugal)	Mineral still water (Luso), bottled, very lightly mineralized	1	0	0	0	0	0	0	0	0.002
76071	Eau minérale Néro, embouteillée, plate, faiblement minéralisée (Grèce)	Mineral still water (Néro), bottled, lightly mineralized	1	0	0	0	0	0	0	0	0.01
76072	Eau minérale Penacova, embouteillée, plate, très faiblement minéralisée (Portugal)	Mineral still water (Penacova), bottled, very lightly mineralized	1	0	0	0	0	0	0	0	0.002
76074	Eau minérale San Bernardo, embouteillée, gazeuse ou plate, très faiblement minéralisée (Italie)	Mineral water (San Bernardo), bottled, very lightly mineralized	1	0	0	0	0	0	0	0	0
76075	Eau minérale San Pellegrino, embouteillée, gazeuse, moyennement minéralisée (Italie)	Mineral sparkling water (San Pellegrino), bottled, averagely mineralized	1	0	0	0	0	0	0	0	0.011
76076	Eau minérale Spa-Reine, embouteillée, gazeuse ou plate, moyennement minéralisée (Belgique)	Mineral water (Spa-Reine), bottled, averagely mineralized	1	0	0	0	0	0	0	0	0.001
76078	Eau minérale Valvert, embouteillée, plate, faiblement minéralisée (Belgique)	Mineral still water (Valvert), bottled, lightly mineralized	1	0	0	0	0	0	0	0	0
76079	Eau minérale Appollinaris, embouteillée, plate, riche en sels minéraux (Allemagne)	Mineral still water (Appollinaris), bottled, strongly mineralized	1	0	0	0	0	0	0	0	0.017
76081	Eau minérale Biovive, embouteillée, plate, faiblement minéralisée (Dax, 40)	Mineral still water (Biovive), bottled, lightly mineralized	1	0.044	0	0	0.011	0	0	0	0.003
76082	Eau minérale La Cairolle, embouteillée, plate, riche en sels minéraux (Les Aires, 34)	Mineral still water (La Cairolle), bottled, strongly mineralized	1	0.43	0	0	0.11	0	0	0	0.002
76083	Eau minérale Cilaos, embouteillée, gazeuse, riche en sels minéraux (Cilaos, 974)	Mineral sparkling water (Cilaos), bottled, strongly mineralized	1	0	0	0	0	0	0	0	0.001
76085	Eau minérale La Française, embouteillée, plate, riche en sels minéraux (Propiac, 26)	Mineral still water (La Française), bottled, strongly mineralized	1	0.49	0	0	0	0	0	0	0.16
76086	Eau minérale Montcalm, embouteillée, plate, très faiblement minéralisée (Auzat, 09)	Mineral still water (Montcalm), bottled, very lightly mineralized	1	0.01	0	0	0.003	0	0	0	0
76087	Eau minérale Montclar, embouteillée, plate, faiblement minéralisée (Montclar, 04)	Mineral still water (Montclar), bottled, lightly mineralized	1	0.036	0	0	0.009	0	0	0	0.001
76088	Eau minérale Nessel, embouteillée, gazeuse, moyennement minéralisée (Soultzmatt, 68)	Mineral sparkling water (Nessel), bottled, averagely mineralized	1	0.33	0	0	0.082	0	0	0	0.007
76089	Eau minérale Ogeu, embouteillée, gazeuse, faiblement minéralisée (Ogeu-les-Bains, 64)	Mineral sparkling water (Ogeu), bottled, lightly mineralized	1	0.05	0	0	0.012	0	0	0	0.008
76090	Eau minérale Ogeu, embouteillée, plate, faiblement minéralisée (Ogeu-les-Bains, 64)	Mineral still water (Ogeu), bottled, lightly mineralized	1	0.073	0	0	0.018	0	0	0	0.004
76091	Eau minérale Prince Noir, embouteillée, plate, riche en sels minéraux (St-Antonin-Noble-Val, 82)	Mineral still water (Prince Noir), bottled, strongly mineralized	1	0	0	0	0	0	0	0	0.002
76092	Eau minérale St-Alban, embouteillée, gazeuse, moyennement minéralisée (St-Alban, 42)	Mineral sparkling water (St-Alban), bottled, averagely mineralized	1	0	0	0	0	0	0	0	0.003
76093	Eau minérale St-Géron, embouteillée, gazeuse, moyennement minéralisée (St-Géron, 43)	Mineral sparkling water (St-Géron), bottled, averagely mineralized	1	0.28	0	0	0.071	0	0	0	0.007
76094	Eau minérale St-Michel-de-Mourcairol, embouteillée, gazeuse, moyennement minéralisée (Les Aires, 34)	Mineral sparkling water (St-Michel-de-Mourcairol), bottled, averagely mineralized	1	0.33	0	0	0.082	0	0	0	0.004
76095	Eau minérale Treignac, embouteillée, plate, très faiblement minéralisée (Treignac, 19)	Mineral still water (Treignac), bottled, very lightly mineralized	1	0.005	0	0	0.001	0	0	0	0.001
76096	Eau minérale Vals, embouteillée, gazeuse, moyennement minéralisée (Vals-les-Bains, 07)	Mineral sparkling water (Vals), bottled, averagely mineralized	1	0.08	0	0	0.02	0	0	0	0.004
76097	Eau minérale Vauban, embouteillée, plate, moyennement minéralisée (St-Amand-les-Eaux, 59)	Mineral still water (Vauban), bottled, averagely mineralized	1	0.35	0	0	0.088	0	0	0	0.01
76101	Eau minérale Mont-Blanc, embouteillée, plate, faiblement minéralisée (Italie)	Mineral still water (Montblanc), bottled, lightly mineralized	1	0	0	0	0	0	0	0	
76102	Eau minérale Eden (La Goa), embouteillée, plate, faiblement minéralisée (Suisse)	Mineral still water (Eden La Goa), bottled, lightly mineralized	1	0	0	0	0	0	0	0	
76103	Eau minérale Velleminfroy, embouteillée, gazeuse ou plate, riche en sels minéraux (Chatenois, 70)	Mineral water (Velleminfroy), bottled, strongly mineralized	1	0	0	0	0	0	0	0	
96778	Pâte à pizza, préemballée, cuite	Pizza dough, prepacked, cooked	0	321	7.1	1.74	54.6	3.3	2.5	7.75	1.7
96781	Amidon de riz	Rice starch	0	343	0		85		0	0.6	
